healthy_life_expectancy_period,council_area_code,council_area,sex,age_group,healthy_life_expectancy_years,healthy_life_expectancy_lower_95_ci,healthy_life_expectancy_upper_95_ci,simd_datazone_count,simd_rank_median,simd_most_deprived_15pct_datazones_share_pct,simd_least_deprived_15pct_datazones_share_pct,simd_most_deprived_quintile_datazones_share_pct,simd_least_deprived_quintile_datazones_share_pct,economic_population_aged_16plus_count,economic_employment_rate_pct,economic_unemployment_rate_pct,economic_inactivity_rate_pct,economic_inactive_long_term_sick_disabled_rate_pct,economic_inactive_retired_rate_pct,economic_inactive_looking_after_home_family_rate_pct,economic_active_full_time_student_rate_pct,economic_part_time_among_employed_pct,economic_self_employed_among_employed_pct,census_total_population_count,census_ethnic_minority_excluding_white_population_pct,census_ethnic_mixed_or_multiple_population_pct,census_ethnic_asian_population_pct,census_ethnic_african_population_pct,census_ethnic_caribbean_or_black_population_pct,census_ethnic_other_ethnic_group_population_pct,census_ethnic_diversity_simpson_index_broad_groups,census_degree_level_qualification_or_above_population_aged_16plus_pct,census_bad_or_very_bad_general_health_age_standardised_pct,census_day_to_day_activities_limited_any_pct,census_day_to_day_activities_limited_a_lot_pct,census_long_term_illness_disease_or_condition_pct,census_mental_health_condition_pct,census_physical_disability_pct,census_learning_disability_difficulty_or_developmental_disorder_pct,census_deaf_or_hearing_impaired_pct,census_blind_or_vision_impaired_pct,hospital_alcohol_related_patients_easr_per_100000_2023_24
2022 to 2024,S12000033,Aberdeen City,Female,<1,59,54.8,63.3,283,4429,4.946996,31.095406,10.954064,36.39576,97378,56.753065,3.651749,39.595186,3.777034,21.430919,5.164411,8.048019,41.536235,7.574414,224021,13.43624,1.781083,5.843649,3.95945,0.245066,1.605653,0.245108,38.1,5.5,20.151236,8.059066,18.370599,11.167257,7.580093,5.117824,6.00658,2.307373,335
2022 to 2024,S12000033,Aberdeen City,Female,01 to 04,58.4,54.3,62.5,283,4429,4.946996,31.095406,10.954064,36.39576,97378,56.753065,3.651749,39.595186,3.777034,21.430919,5.164411,8.048019,41.536235,7.574414,224021,13.43624,1.781083,5.843649,3.95945,0.245066,1.605653,0.245108,38.1,5.5,20.151236,8.059066,18.370599,11.167257,7.580093,5.117824,6.00658,2.307373,335
2022 to 2024,S12000033,Aberdeen City,Female,05 to 09,54.8,51.1,58.5,283,4429,4.946996,31.095406,10.954064,36.39576,97378,56.753065,3.651749,39.595186,3.777034,21.430919,5.164411,8.048019,41.536235,7.574414,224021,13.43624,1.781083,5.843649,3.95945,0.245066,1.605653,0.245108,38.1,5.5,20.151236,8.059066,18.370599,11.167257,7.580093,5.117824,6.00658,2.307373,335
2022 to 2024,S12000033,Aberdeen City,Female,10 to 14,50.3,47,53.5,283,4429,4.946996,31.095406,10.954064,36.39576,97378,56.753065,3.651749,39.595186,3.777034,21.430919,5.164411,8.048019,41.536235,7.574414,224021,13.43624,1.781083,5.843649,3.95945,0.245066,1.605653,0.245108,38.1,5.5,20.151236,8.059066,18.370599,11.167257,7.580093,5.117824,6.00658,2.307373,335
2022 to 2024,S12000033,Aberdeen City,Female,15 to 19,45.9,42.9,48.8,283,4429,4.946996,31.095406,10.954064,36.39576,97378,56.753065,3.651749,39.595186,3.777034,21.430919,5.164411,8.048019,41.536235,7.574414,224021,13.43624,1.781083,5.843649,3.95945,0.245066,1.605653,0.245108,38.1,5.5,20.151236,8.059066,18.370599,11.167257,7.580093,5.117824,6.00658,2.307373,335
2022 to 2024,S12000033,Aberdeen City,Female,20 to 24,41.7,38.8,44.5,283,4429,4.946996,31.095406,10.954064,36.39576,97378,56.753065,3.651749,39.595186,3.777034,21.430919,5.164411,8.048019,41.536235,7.574414,224021,13.43624,1.781083,5.843649,3.95945,0.245066,1.605653,0.245108,38.1,5.5,20.151236,8.059066,18.370599,11.167257,7.580093,5.117824,6.00658,2.307373,335
2022 to 2024,S12000033,Aberdeen City,Female,25 to 29,37.6,34.9,40.3,283,4429,4.946996,31.095406,10.954064,36.39576,97378,56.753065,3.651749,39.595186,3.777034,21.430919,5.164411,8.048019,41.536235,7.574414,224021,13.43624,1.781083,5.843649,3.95945,0.245066,1.605653,0.245108,38.1,5.5,20.151236,8.059066,18.370599,11.167257,7.580093,5.117824,6.00658,2.307373,335
2022 to 2024,S12000033,Aberdeen City,Female,30 to 34,33.6,31,36.3,283,4429,4.946996,31.095406,10.954064,36.39576,97378,56.753065,3.651749,39.595186,3.777034,21.430919,5.164411,8.048019,41.536235,7.574414,224021,13.43624,1.781083,5.843649,3.95945,0.245066,1.605653,0.245108,38.1,5.5,20.151236,8.059066,18.370599,11.167257,7.580093,5.117824,6.00658,2.307373,335
2022 to 2024,S12000033,Aberdeen City,Female,35 to 39,29.8,27.2,32.3,283,4429,4.946996,31.095406,10.954064,36.39576,97378,56.753065,3.651749,39.595186,3.777034,21.430919,5.164411,8.048019,41.536235,7.574414,224021,13.43624,1.781083,5.843649,3.95945,0.245066,1.605653,0.245108,38.1,5.5,20.151236,8.059066,18.370599,11.167257,7.580093,5.117824,6.00658,2.307373,335
2022 to 2024,S12000033,Aberdeen City,Female,40 to 44,26,23.5,28.5,283,4429,4.946996,31.095406,10.954064,36.39576,97378,56.753065,3.651749,39.595186,3.777034,21.430919,5.164411,8.048019,41.536235,7.574414,224021,13.43624,1.781083,5.843649,3.95945,0.245066,1.605653,0.245108,38.1,5.5,20.151236,8.059066,18.370599,11.167257,7.580093,5.117824,6.00658,2.307373,335
2022 to 2024,S12000033,Aberdeen City,Female,45 to 49,22.5,20.1,24.9,283,4429,4.946996,31.095406,10.954064,36.39576,97378,56.753065,3.651749,39.595186,3.777034,21.430919,5.164411,8.048019,41.536235,7.574414,224021,13.43624,1.781083,5.843649,3.95945,0.245066,1.605653,0.245108,38.1,5.5,20.151236,8.059066,18.370599,11.167257,7.580093,5.117824,6.00658,2.307373,335
2022 to 2024,S12000033,Aberdeen City,Female,50 to 54,19.1,16.8,21.4,283,4429,4.946996,31.095406,10.954064,36.39576,97378,56.753065,3.651749,39.595186,3.777034,21.430919,5.164411,8.048019,41.536235,7.574414,224021,13.43624,1.781083,5.843649,3.95945,0.245066,1.605653,0.245108,38.1,5.5,20.151236,8.059066,18.370599,11.167257,7.580093,5.117824,6.00658,2.307373,335
2022 to 2024,S12000033,Aberdeen City,Female,55 to 59,16,13.8,18.2,283,4429,4.946996,31.095406,10.954064,36.39576,97378,56.753065,3.651749,39.595186,3.777034,21.430919,5.164411,8.048019,41.536235,7.574414,224021,13.43624,1.781083,5.843649,3.95945,0.245066,1.605653,0.245108,38.1,5.5,20.151236,8.059066,18.370599,11.167257,7.580093,5.117824,6.00658,2.307373,335
2022 to 2024,S12000033,Aberdeen City,Female,60 to 64,13.1,10.9,15.2,283,4429,4.946996,31.095406,10.954064,36.39576,97378,56.753065,3.651749,39.595186,3.777034,21.430919,5.164411,8.048019,41.536235,7.574414,224021,13.43624,1.781083,5.843649,3.95945,0.245066,1.605653,0.245108,38.1,5.5,20.151236,8.059066,18.370599,11.167257,7.580093,5.117824,6.00658,2.307373,335
2022 to 2024,S12000033,Aberdeen City,Female,65 to 69,10.4,8.3,12.4,283,4429,4.946996,31.095406,10.954064,36.39576,97378,56.753065,3.651749,39.595186,3.777034,21.430919,5.164411,8.048019,41.536235,7.574414,224021,13.43624,1.781083,5.843649,3.95945,0.245066,1.605653,0.245108,38.1,5.5,20.151236,8.059066,18.370599,11.167257,7.580093,5.117824,6.00658,2.307373,335
2022 to 2024,S12000033,Aberdeen City,Female,70 to 74,7.9,5.8,10,283,4429,4.946996,31.095406,10.954064,36.39576,97378,56.753065,3.651749,39.595186,3.777034,21.430919,5.164411,8.048019,41.536235,7.574414,224021,13.43624,1.781083,5.843649,3.95945,0.245066,1.605653,0.245108,38.1,5.5,20.151236,8.059066,18.370599,11.167257,7.580093,5.117824,6.00658,2.307373,335
2022 to 2024,S12000033,Aberdeen City,Female,75 to 79,5.7,3.5,7.9,283,4429,4.946996,31.095406,10.954064,36.39576,97378,56.753065,3.651749,39.595186,3.777034,21.430919,5.164411,8.048019,41.536235,7.574414,224021,13.43624,1.781083,5.843649,3.95945,0.245066,1.605653,0.245108,38.1,5.5,20.151236,8.059066,18.370599,11.167257,7.580093,5.117824,6.00658,2.307373,335
2022 to 2024,S12000033,Aberdeen City,Female,80 to 84,3.8,1.6,6,283,4429,4.946996,31.095406,10.954064,36.39576,97378,56.753065,3.651749,39.595186,3.777034,21.430919,5.164411,8.048019,41.536235,7.574414,224021,13.43624,1.781083,5.843649,3.95945,0.245066,1.605653,0.245108,38.1,5.5,20.151236,8.059066,18.370599,11.167257,7.580093,5.117824,6.00658,2.307373,335
2022 to 2024,S12000033,Aberdeen City,Female,85 to 89,2.3,1,3.7,283,4429,4.946996,31.095406,10.954064,36.39576,97378,56.753065,3.651749,39.595186,3.777034,21.430919,5.164411,8.048019,41.536235,7.574414,224021,13.43624,1.781083,5.843649,3.95945,0.245066,1.605653,0.245108,38.1,5.5,20.151236,8.059066,18.370599,11.167257,7.580093,5.117824,6.00658,2.307373,335
2022 to 2024,S12000033,Aberdeen City,Female,90+,1.3,0.6,2.1,283,4429,4.946996,31.095406,10.954064,36.39576,97378,56.753065,3.651749,39.595186,3.777034,21.430919,5.164411,8.048019,41.536235,7.574414,224021,13.43624,1.781083,5.843649,3.95945,0.245066,1.605653,0.245108,38.1,5.5,20.151236,8.059066,18.370599,11.167257,7.580093,5.117824,6.00658,2.307373,335
2022 to 2024,S12000033,Aberdeen City,Male,<1,58.8,55,62.6,283,4429,4.946996,31.095406,10.954064,36.39576,91450,63.61181,4.592674,31.797704,3.920175,17.986878,1.003827,6.400219,16.38217,12.706926,224021,13.43624,1.781083,5.843649,3.95945,0.245066,1.605653,0.245108,38.1,5.5,20.151236,8.059066,18.370599,11.167257,7.580093,5.117824,6.00658,2.307373,335
2022 to 2024,S12000033,Aberdeen City,Male,01 to 04,58.2,54.5,61.8,283,4429,4.946996,31.095406,10.954064,36.39576,91450,63.61181,4.592674,31.797704,3.920175,17.986878,1.003827,6.400219,16.38217,12.706926,224021,13.43624,1.781083,5.843649,3.95945,0.245066,1.605653,0.245108,38.1,5.5,20.151236,8.059066,18.370599,11.167257,7.580093,5.117824,6.00658,2.307373,335
2022 to 2024,S12000033,Aberdeen City,Male,05 to 09,54.5,51.2,57.8,283,4429,4.946996,31.095406,10.954064,36.39576,91450,63.61181,4.592674,31.797704,3.920175,17.986878,1.003827,6.400219,16.38217,12.706926,224021,13.43624,1.781083,5.843649,3.95945,0.245066,1.605653,0.245108,38.1,5.5,20.151236,8.059066,18.370599,11.167257,7.580093,5.117824,6.00658,2.307373,335
2022 to 2024,S12000033,Aberdeen City,Male,10 to 14,49.9,47,52.9,283,4429,4.946996,31.095406,10.954064,36.39576,91450,63.61181,4.592674,31.797704,3.920175,17.986878,1.003827,6.400219,16.38217,12.706926,224021,13.43624,1.781083,5.843649,3.95945,0.245066,1.605653,0.245108,38.1,5.5,20.151236,8.059066,18.370599,11.167257,7.580093,5.117824,6.00658,2.307373,335
2022 to 2024,S12000033,Aberdeen City,Male,15 to 19,45.5,42.8,48.2,283,4429,4.946996,31.095406,10.954064,36.39576,91450,63.61181,4.592674,31.797704,3.920175,17.986878,1.003827,6.400219,16.38217,12.706926,224021,13.43624,1.781083,5.843649,3.95945,0.245066,1.605653,0.245108,38.1,5.5,20.151236,8.059066,18.370599,11.167257,7.580093,5.117824,6.00658,2.307373,335
2022 to 2024,S12000033,Aberdeen City,Male,20 to 24,41.1,38.5,43.7,283,4429,4.946996,31.095406,10.954064,36.39576,91450,63.61181,4.592674,31.797704,3.920175,17.986878,1.003827,6.400219,16.38217,12.706926,224021,13.43624,1.781083,5.843649,3.95945,0.245066,1.605653,0.245108,38.1,5.5,20.151236,8.059066,18.370599,11.167257,7.580093,5.117824,6.00658,2.307373,335
2022 to 2024,S12000033,Aberdeen City,Male,25 to 29,36.9,34.4,39.4,283,4429,4.946996,31.095406,10.954064,36.39576,91450,63.61181,4.592674,31.797704,3.920175,17.986878,1.003827,6.400219,16.38217,12.706926,224021,13.43624,1.781083,5.843649,3.95945,0.245066,1.605653,0.245108,38.1,5.5,20.151236,8.059066,18.370599,11.167257,7.580093,5.117824,6.00658,2.307373,335
2022 to 2024,S12000033,Aberdeen City,Male,30 to 34,32.7,30.4,35.1,283,4429,4.946996,31.095406,10.954064,36.39576,91450,63.61181,4.592674,31.797704,3.920175,17.986878,1.003827,6.400219,16.38217,12.706926,224021,13.43624,1.781083,5.843649,3.95945,0.245066,1.605653,0.245108,38.1,5.5,20.151236,8.059066,18.370599,11.167257,7.580093,5.117824,6.00658,2.307373,335
2022 to 2024,S12000033,Aberdeen City,Male,35 to 39,28.7,26.5,31,283,4429,4.946996,31.095406,10.954064,36.39576,91450,63.61181,4.592674,31.797704,3.920175,17.986878,1.003827,6.400219,16.38217,12.706926,224021,13.43624,1.781083,5.843649,3.95945,0.245066,1.605653,0.245108,38.1,5.5,20.151236,8.059066,18.370599,11.167257,7.580093,5.117824,6.00658,2.307373,335
2022 to 2024,S12000033,Aberdeen City,Male,40 to 44,24.9,22.7,27.1,283,4429,4.946996,31.095406,10.954064,36.39576,91450,63.61181,4.592674,31.797704,3.920175,17.986878,1.003827,6.400219,16.38217,12.706926,224021,13.43624,1.781083,5.843649,3.95945,0.245066,1.605653,0.245108,38.1,5.5,20.151236,8.059066,18.370599,11.167257,7.580093,5.117824,6.00658,2.307373,335
2022 to 2024,S12000033,Aberdeen City,Male,45 to 49,21.3,19.2,23.4,283,4429,4.946996,31.095406,10.954064,36.39576,91450,63.61181,4.592674,31.797704,3.920175,17.986878,1.003827,6.400219,16.38217,12.706926,224021,13.43624,1.781083,5.843649,3.95945,0.245066,1.605653,0.245108,38.1,5.5,20.151236,8.059066,18.370599,11.167257,7.580093,5.117824,6.00658,2.307373,335
2022 to 2024,S12000033,Aberdeen City,Male,50 to 54,18,16,20,283,4429,4.946996,31.095406,10.954064,36.39576,91450,63.61181,4.592674,31.797704,3.920175,17.986878,1.003827,6.400219,16.38217,12.706926,224021,13.43624,1.781083,5.843649,3.95945,0.245066,1.605653,0.245108,38.1,5.5,20.151236,8.059066,18.370599,11.167257,7.580093,5.117824,6.00658,2.307373,335
2022 to 2024,S12000033,Aberdeen City,Male,55 to 59,14.9,13,16.7,283,4429,4.946996,31.095406,10.954064,36.39576,91450,63.61181,4.592674,31.797704,3.920175,17.986878,1.003827,6.400219,16.38217,12.706926,224021,13.43624,1.781083,5.843649,3.95945,0.245066,1.605653,0.245108,38.1,5.5,20.151236,8.059066,18.370599,11.167257,7.580093,5.117824,6.00658,2.307373,335
2022 to 2024,S12000033,Aberdeen City,Male,60 to 64,12,10.1,13.8,283,4429,4.946996,31.095406,10.954064,36.39576,91450,63.61181,4.592674,31.797704,3.920175,17.986878,1.003827,6.400219,16.38217,12.706926,224021,13.43624,1.781083,5.843649,3.95945,0.245066,1.605653,0.245108,38.1,5.5,20.151236,8.059066,18.370599,11.167257,7.580093,5.117824,6.00658,2.307373,335
2022 to 2024,S12000033,Aberdeen City,Male,65 to 69,9.3,7.5,11.1,283,4429,4.946996,31.095406,10.954064,36.39576,91450,63.61181,4.592674,31.797704,3.920175,17.986878,1.003827,6.400219,16.38217,12.706926,224021,13.43624,1.781083,5.843649,3.95945,0.245066,1.605653,0.245108,38.1,5.5,20.151236,8.059066,18.370599,11.167257,7.580093,5.117824,6.00658,2.307373,335
2022 to 2024,S12000033,Aberdeen City,Male,70 to 74,7.1,5.3,8.9,283,4429,4.946996,31.095406,10.954064,36.39576,91450,63.61181,4.592674,31.797704,3.920175,17.986878,1.003827,6.400219,16.38217,12.706926,224021,13.43624,1.781083,5.843649,3.95945,0.245066,1.605653,0.245108,38.1,5.5,20.151236,8.059066,18.370599,11.167257,7.580093,5.117824,6.00658,2.307373,335
2022 to 2024,S12000033,Aberdeen City,Male,75 to 79,5.2,3.2,7.1,283,4429,4.946996,31.095406,10.954064,36.39576,91450,63.61181,4.592674,31.797704,3.920175,17.986878,1.003827,6.400219,16.38217,12.706926,224021,13.43624,1.781083,5.843649,3.95945,0.245066,1.605653,0.245108,38.1,5.5,20.151236,8.059066,18.370599,11.167257,7.580093,5.117824,6.00658,2.307373,335
2022 to 2024,S12000033,Aberdeen City,Male,80 to 84,3.6,1.5,5.6,283,4429,4.946996,31.095406,10.954064,36.39576,91450,63.61181,4.592674,31.797704,3.920175,17.986878,1.003827,6.400219,16.38217,12.706926,224021,13.43624,1.781083,5.843649,3.95945,0.245066,1.605653,0.245108,38.1,5.5,20.151236,8.059066,18.370599,11.167257,7.580093,5.117824,6.00658,2.307373,335
2022 to 2024,S12000033,Aberdeen City,Male,85 to 89,2.3,1,3.7,283,4429,4.946996,31.095406,10.954064,36.39576,91450,63.61181,4.592674,31.797704,3.920175,17.986878,1.003827,6.400219,16.38217,12.706926,224021,13.43624,1.781083,5.843649,3.95945,0.245066,1.605653,0.245108,38.1,5.5,20.151236,8.059066,18.370599,11.167257,7.580093,5.117824,6.00658,2.307373,335
2022 to 2024,S12000033,Aberdeen City,Male,90+,1.5,0.6,2.4,283,4429,4.946996,31.095406,10.954064,36.39576,91450,63.61181,4.592674,31.797704,3.920175,17.986878,1.003827,6.400219,16.38217,12.706926,224021,13.43624,1.781083,5.843649,3.95945,0.245066,1.605653,0.245108,38.1,5.5,20.151236,8.059066,18.370599,11.167257,7.580093,5.117824,6.00658,2.307373,335
2022 to 2024,S12000034,Aberdeenshire,Female,<1,64.7,60.6,68.7,340,4922.5,1.470588,16.470588,2.647059,28.235294,110242,57.939805,1.743437,40.315851,3.50683,26.497161,6.141035,3.140364,48.063375,11.359865,263723,2.922005,0.786431,1.114427,0.497871,0.096692,0.425446,0.057356,31.1,4.2,19.807525,7.556793,19.767332,8.290138,7.351653,4.505106,7.463892,2.346401,190.2
2022 to 2024,S12000034,Aberdeenshire,Female,01 to 04,63.9,59.9,67.8,340,4922.5,1.470588,16.470588,2.647059,28.235294,110242,57.939805,1.743437,40.315851,3.50683,26.497161,6.141035,3.140364,48.063375,11.359865,263723,2.922005,0.786431,1.114427,0.497871,0.096692,0.425446,0.057356,31.1,4.2,19.807525,7.556793,19.767332,8.290138,7.351653,4.505106,7.463892,2.346401,190.2
2022 to 2024,S12000034,Aberdeenshire,Female,05 to 09,60.2,56.6,63.8,340,4922.5,1.470588,16.470588,2.647059,28.235294,110242,57.939805,1.743437,40.315851,3.50683,26.497161,6.141035,3.140364,48.063375,11.359865,263723,2.922005,0.786431,1.114427,0.497871,0.096692,0.425446,0.057356,31.1,4.2,19.807525,7.556793,19.767332,8.290138,7.351653,4.505106,7.463892,2.346401,190.2
2022 to 2024,S12000034,Aberdeenshire,Female,10 to 14,55.6,52.3,58.9,340,4922.5,1.470588,16.470588,2.647059,28.235294,110242,57.939805,1.743437,40.315851,3.50683,26.497161,6.141035,3.140364,48.063375,11.359865,263723,2.922005,0.786431,1.114427,0.497871,0.096692,0.425446,0.057356,31.1,4.2,19.807525,7.556793,19.767332,8.290138,7.351653,4.505106,7.463892,2.346401,190.2
2022 to 2024,S12000034,Aberdeenshire,Female,15 to 19,51,47.9,54.1,340,4922.5,1.470588,16.470588,2.647059,28.235294,110242,57.939805,1.743437,40.315851,3.50683,26.497161,6.141035,3.140364,48.063375,11.359865,263723,2.922005,0.786431,1.114427,0.497871,0.096692,0.425446,0.057356,31.1,4.2,19.807525,7.556793,19.767332,8.290138,7.351653,4.505106,7.463892,2.346401,190.2
2022 to 2024,S12000034,Aberdeenshire,Female,20 to 24,46.6,43.6,49.6,340,4922.5,1.470588,16.470588,2.647059,28.235294,110242,57.939805,1.743437,40.315851,3.50683,26.497161,6.141035,3.140364,48.063375,11.359865,263723,2.922005,0.786431,1.114427,0.497871,0.096692,0.425446,0.057356,31.1,4.2,19.807525,7.556793,19.767332,8.290138,7.351653,4.505106,7.463892,2.346401,190.2
2022 to 2024,S12000034,Aberdeenshire,Female,25 to 29,42.3,39.5,45,340,4922.5,1.470588,16.470588,2.647059,28.235294,110242,57.939805,1.743437,40.315851,3.50683,26.497161,6.141035,3.140364,48.063375,11.359865,263723,2.922005,0.786431,1.114427,0.497871,0.096692,0.425446,0.057356,31.1,4.2,19.807525,7.556793,19.767332,8.290138,7.351653,4.505106,7.463892,2.346401,190.2
2022 to 2024,S12000034,Aberdeenshire,Female,30 to 34,38.1,35.5,40.7,340,4922.5,1.470588,16.470588,2.647059,28.235294,110242,57.939805,1.743437,40.315851,3.50683,26.497161,6.141035,3.140364,48.063375,11.359865,263723,2.922005,0.786431,1.114427,0.497871,0.096692,0.425446,0.057356,31.1,4.2,19.807525,7.556793,19.767332,8.290138,7.351653,4.505106,7.463892,2.346401,190.2
2022 to 2024,S12000034,Aberdeenshire,Female,35 to 39,33.9,31.4,36.5,340,4922.5,1.470588,16.470588,2.647059,28.235294,110242,57.939805,1.743437,40.315851,3.50683,26.497161,6.141035,3.140364,48.063375,11.359865,263723,2.922005,0.786431,1.114427,0.497871,0.096692,0.425446,0.057356,31.1,4.2,19.807525,7.556793,19.767332,8.290138,7.351653,4.505106,7.463892,2.346401,190.2
2022 to 2024,S12000034,Aberdeenshire,Female,40 to 44,29.9,27.4,32.3,340,4922.5,1.470588,16.470588,2.647059,28.235294,110242,57.939805,1.743437,40.315851,3.50683,26.497161,6.141035,3.140364,48.063375,11.359865,263723,2.922005,0.786431,1.114427,0.497871,0.096692,0.425446,0.057356,31.1,4.2,19.807525,7.556793,19.767332,8.290138,7.351653,4.505106,7.463892,2.346401,190.2
2022 to 2024,S12000034,Aberdeenshire,Female,45 to 49,26,23.7,28.4,340,4922.5,1.470588,16.470588,2.647059,28.235294,110242,57.939805,1.743437,40.315851,3.50683,26.497161,6.141035,3.140364,48.063375,11.359865,263723,2.922005,0.786431,1.114427,0.497871,0.096692,0.425446,0.057356,31.1,4.2,19.807525,7.556793,19.767332,8.290138,7.351653,4.505106,7.463892,2.346401,190.2
2022 to 2024,S12000034,Aberdeenshire,Female,50 to 54,22.3,20,24.6,340,4922.5,1.470588,16.470588,2.647059,28.235294,110242,57.939805,1.743437,40.315851,3.50683,26.497161,6.141035,3.140364,48.063375,11.359865,263723,2.922005,0.786431,1.114427,0.497871,0.096692,0.425446,0.057356,31.1,4.2,19.807525,7.556793,19.767332,8.290138,7.351653,4.505106,7.463892,2.346401,190.2
2022 to 2024,S12000034,Aberdeenshire,Female,55 to 59,18.8,16.6,21,340,4922.5,1.470588,16.470588,2.647059,28.235294,110242,57.939805,1.743437,40.315851,3.50683,26.497161,6.141035,3.140364,48.063375,11.359865,263723,2.922005,0.786431,1.114427,0.497871,0.096692,0.425446,0.057356,31.1,4.2,19.807525,7.556793,19.767332,8.290138,7.351653,4.505106,7.463892,2.346401,190.2
2022 to 2024,S12000034,Aberdeenshire,Female,60 to 64,15.5,13.3,17.6,340,4922.5,1.470588,16.470588,2.647059,28.235294,110242,57.939805,1.743437,40.315851,3.50683,26.497161,6.141035,3.140364,48.063375,11.359865,263723,2.922005,0.786431,1.114427,0.497871,0.096692,0.425446,0.057356,31.1,4.2,19.807525,7.556793,19.767332,8.290138,7.351653,4.505106,7.463892,2.346401,190.2
2022 to 2024,S12000034,Aberdeenshire,Female,65 to 69,12.4,10.2,14.5,340,4922.5,1.470588,16.470588,2.647059,28.235294,110242,57.939805,1.743437,40.315851,3.50683,26.497161,6.141035,3.140364,48.063375,11.359865,263723,2.922005,0.786431,1.114427,0.497871,0.096692,0.425446,0.057356,31.1,4.2,19.807525,7.556793,19.767332,8.290138,7.351653,4.505106,7.463892,2.346401,190.2
2022 to 2024,S12000034,Aberdeenshire,Female,70 to 74,9.5,7.3,11.6,340,4922.5,1.470588,16.470588,2.647059,28.235294,110242,57.939805,1.743437,40.315851,3.50683,26.497161,6.141035,3.140364,48.063375,11.359865,263723,2.922005,0.786431,1.114427,0.497871,0.096692,0.425446,0.057356,31.1,4.2,19.807525,7.556793,19.767332,8.290138,7.351653,4.505106,7.463892,2.346401,190.2
2022 to 2024,S12000034,Aberdeenshire,Female,75 to 79,6.9,4.7,9.1,340,4922.5,1.470588,16.470588,2.647059,28.235294,110242,57.939805,1.743437,40.315851,3.50683,26.497161,6.141035,3.140364,48.063375,11.359865,263723,2.922005,0.786431,1.114427,0.497871,0.096692,0.425446,0.057356,31.1,4.2,19.807525,7.556793,19.767332,8.290138,7.351653,4.505106,7.463892,2.346401,190.2
2022 to 2024,S12000034,Aberdeenshire,Female,80 to 84,4.7,2.4,7.1,340,4922.5,1.470588,16.470588,2.647059,28.235294,110242,57.939805,1.743437,40.315851,3.50683,26.497161,6.141035,3.140364,48.063375,11.359865,263723,2.922005,0.786431,1.114427,0.497871,0.096692,0.425446,0.057356,31.1,4.2,19.807525,7.556793,19.767332,8.290138,7.351653,4.505106,7.463892,2.346401,190.2
2022 to 2024,S12000034,Aberdeenshire,Female,85 to 89,3.2,1.6,4.7,340,4922.5,1.470588,16.470588,2.647059,28.235294,110242,57.939805,1.743437,40.315851,3.50683,26.497161,6.141035,3.140364,48.063375,11.359865,263723,2.922005,0.786431,1.114427,0.497871,0.096692,0.425446,0.057356,31.1,4.2,19.807525,7.556793,19.767332,8.290138,7.351653,4.505106,7.463892,2.346401,190.2
2022 to 2024,S12000034,Aberdeenshire,Female,90+,2,1,3.1,340,4922.5,1.470588,16.470588,2.647059,28.235294,110242,57.939805,1.743437,40.315851,3.50683,26.497161,6.141035,3.140364,48.063375,11.359865,263723,2.922005,0.786431,1.114427,0.497871,0.096692,0.425446,0.057356,31.1,4.2,19.807525,7.556793,19.767332,8.290138,7.351653,4.505106,7.463892,2.346401,190.2
2022 to 2024,S12000034,Aberdeenshire,Male,<1,64.1,59.9,68.3,340,4922.5,1.470588,16.470588,2.647059,28.235294,104780,66.297958,2.288605,31.413438,2.839282,22.666539,0.955335,2.250429,11.527776,18.424576,263723,2.922005,0.786431,1.114427,0.497871,0.096692,0.425446,0.057356,31.1,4.2,19.807525,7.556793,19.767332,8.290138,7.351653,4.505106,7.463892,2.346401,190.2
2022 to 2024,S12000034,Aberdeenshire,Male,01 to 04,63.4,59.4,67.5,340,4922.5,1.470588,16.470588,2.647059,28.235294,104780,66.297958,2.288605,31.413438,2.839282,22.666539,0.955335,2.250429,11.527776,18.424576,263723,2.922005,0.786431,1.114427,0.497871,0.096692,0.425446,0.057356,31.1,4.2,19.807525,7.556793,19.767332,8.290138,7.351653,4.505106,7.463892,2.346401,190.2
2022 to 2024,S12000034,Aberdeenshire,Male,05 to 09,59.6,56.1,63.2,340,4922.5,1.470588,16.470588,2.647059,28.235294,104780,66.297958,2.288605,31.413438,2.839282,22.666539,0.955335,2.250429,11.527776,18.424576,263723,2.922005,0.786431,1.114427,0.497871,0.096692,0.425446,0.057356,31.1,4.2,19.807525,7.556793,19.767332,8.290138,7.351653,4.505106,7.463892,2.346401,190.2
2022 to 2024,S12000034,Aberdeenshire,Male,10 to 14,55,51.9,58,340,4922.5,1.470588,16.470588,2.647059,28.235294,104780,66.297958,2.288605,31.413438,2.839282,22.666539,0.955335,2.250429,11.527776,18.424576,263723,2.922005,0.786431,1.114427,0.497871,0.096692,0.425446,0.057356,31.1,4.2,19.807525,7.556793,19.767332,8.290138,7.351653,4.505106,7.463892,2.346401,190.2
2022 to 2024,S12000034,Aberdeenshire,Male,15 to 19,50.3,47.6,53.1,340,4922.5,1.470588,16.470588,2.647059,28.235294,104780,66.297958,2.288605,31.413438,2.839282,22.666539,0.955335,2.250429,11.527776,18.424576,263723,2.922005,0.786431,1.114427,0.497871,0.096692,0.425446,0.057356,31.1,4.2,19.807525,7.556793,19.767332,8.290138,7.351653,4.505106,7.463892,2.346401,190.2
2022 to 2024,S12000034,Aberdeenshire,Male,20 to 24,45.8,43.2,48.5,340,4922.5,1.470588,16.470588,2.647059,28.235294,104780,66.297958,2.288605,31.413438,2.839282,22.666539,0.955335,2.250429,11.527776,18.424576,263723,2.922005,0.786431,1.114427,0.497871,0.096692,0.425446,0.057356,31.1,4.2,19.807525,7.556793,19.767332,8.290138,7.351653,4.505106,7.463892,2.346401,190.2
2022 to 2024,S12000034,Aberdeenshire,Male,25 to 29,41.5,39,44.1,340,4922.5,1.470588,16.470588,2.647059,28.235294,104780,66.297958,2.288605,31.413438,2.839282,22.666539,0.955335,2.250429,11.527776,18.424576,263723,2.922005,0.786431,1.114427,0.497871,0.096692,0.425446,0.057356,31.1,4.2,19.807525,7.556793,19.767332,8.290138,7.351653,4.505106,7.463892,2.346401,190.2
2022 to 2024,S12000034,Aberdeenshire,Male,30 to 34,37.3,34.9,39.7,340,4922.5,1.470588,16.470588,2.647059,28.235294,104780,66.297958,2.288605,31.413438,2.839282,22.666539,0.955335,2.250429,11.527776,18.424576,263723,2.922005,0.786431,1.114427,0.497871,0.096692,0.425446,0.057356,31.1,4.2,19.807525,7.556793,19.767332,8.290138,7.351653,4.505106,7.463892,2.346401,190.2
2022 to 2024,S12000034,Aberdeenshire,Male,35 to 39,33.1,30.7,35.4,340,4922.5,1.470588,16.470588,2.647059,28.235294,104780,66.297958,2.288605,31.413438,2.839282,22.666539,0.955335,2.250429,11.527776,18.424576,263723,2.922005,0.786431,1.114427,0.497871,0.096692,0.425446,0.057356,31.1,4.2,19.807525,7.556793,19.767332,8.290138,7.351653,4.505106,7.463892,2.346401,190.2
2022 to 2024,S12000034,Aberdeenshire,Male,40 to 44,29,26.8,31.2,340,4922.5,1.470588,16.470588,2.647059,28.235294,104780,66.297958,2.288605,31.413438,2.839282,22.666539,0.955335,2.250429,11.527776,18.424576,263723,2.922005,0.786431,1.114427,0.497871,0.096692,0.425446,0.057356,31.1,4.2,19.807525,7.556793,19.767332,8.290138,7.351653,4.505106,7.463892,2.346401,190.2
2022 to 2024,S12000034,Aberdeenshire,Male,45 to 49,25.1,22.9,27.2,340,4922.5,1.470588,16.470588,2.647059,28.235294,104780,66.297958,2.288605,31.413438,2.839282,22.666539,0.955335,2.250429,11.527776,18.424576,263723,2.922005,0.786431,1.114427,0.497871,0.096692,0.425446,0.057356,31.1,4.2,19.807525,7.556793,19.767332,8.290138,7.351653,4.505106,7.463892,2.346401,190.2
2022 to 2024,S12000034,Aberdeenshire,Male,50 to 54,21.3,19.3,23.4,340,4922.5,1.470588,16.470588,2.647059,28.235294,104780,66.297958,2.288605,31.413438,2.839282,22.666539,0.955335,2.250429,11.527776,18.424576,263723,2.922005,0.786431,1.114427,0.497871,0.096692,0.425446,0.057356,31.1,4.2,19.807525,7.556793,19.767332,8.290138,7.351653,4.505106,7.463892,2.346401,190.2
2022 to 2024,S12000034,Aberdeenshire,Male,55 to 59,17.7,15.7,19.7,340,4922.5,1.470588,16.470588,2.647059,28.235294,104780,66.297958,2.288605,31.413438,2.839282,22.666539,0.955335,2.250429,11.527776,18.424576,263723,2.922005,0.786431,1.114427,0.497871,0.096692,0.425446,0.057356,31.1,4.2,19.807525,7.556793,19.767332,8.290138,7.351653,4.505106,7.463892,2.346401,190.2
2022 to 2024,S12000034,Aberdeenshire,Male,60 to 64,14.4,12.5,16.3,340,4922.5,1.470588,16.470588,2.647059,28.235294,104780,66.297958,2.288605,31.413438,2.839282,22.666539,0.955335,2.250429,11.527776,18.424576,263723,2.922005,0.786431,1.114427,0.497871,0.096692,0.425446,0.057356,31.1,4.2,19.807525,7.556793,19.767332,8.290138,7.351653,4.505106,7.463892,2.346401,190.2
2022 to 2024,S12000034,Aberdeenshire,Male,65 to 69,11.3,9.4,13.2,340,4922.5,1.470588,16.470588,2.647059,28.235294,104780,66.297958,2.288605,31.413438,2.839282,22.666539,0.955335,2.250429,11.527776,18.424576,263723,2.922005,0.786431,1.114427,0.497871,0.096692,0.425446,0.057356,31.1,4.2,19.807525,7.556793,19.767332,8.290138,7.351653,4.505106,7.463892,2.346401,190.2
2022 to 2024,S12000034,Aberdeenshire,Male,70 to 74,8.5,6.6,10.4,340,4922.5,1.470588,16.470588,2.647059,28.235294,104780,66.297958,2.288605,31.413438,2.839282,22.666539,0.955335,2.250429,11.527776,18.424576,263723,2.922005,0.786431,1.114427,0.497871,0.096692,0.425446,0.057356,31.1,4.2,19.807525,7.556793,19.767332,8.290138,7.351653,4.505106,7.463892,2.346401,190.2
2022 to 2024,S12000034,Aberdeenshire,Male,75 to 79,6.2,4.1,8.2,340,4922.5,1.470588,16.470588,2.647059,28.235294,104780,66.297958,2.288605,31.413438,2.839282,22.666539,0.955335,2.250429,11.527776,18.424576,263723,2.922005,0.786431,1.114427,0.497871,0.096692,0.425446,0.057356,31.1,4.2,19.807525,7.556793,19.767332,8.290138,7.351653,4.505106,7.463892,2.346401,190.2
2022 to 2024,S12000034,Aberdeenshire,Male,80 to 84,4.2,2,6.4,340,4922.5,1.470588,16.470588,2.647059,28.235294,104780,66.297958,2.288605,31.413438,2.839282,22.666539,0.955335,2.250429,11.527776,18.424576,263723,2.922005,0.786431,1.114427,0.497871,0.096692,0.425446,0.057356,31.1,4.2,19.807525,7.556793,19.767332,8.290138,7.351653,4.505106,7.463892,2.346401,190.2
2022 to 2024,S12000034,Aberdeenshire,Male,85 to 89,2.7,1.3,4.1,340,4922.5,1.470588,16.470588,2.647059,28.235294,104780,66.297958,2.288605,31.413438,2.839282,22.666539,0.955335,2.250429,11.527776,18.424576,263723,2.922005,0.786431,1.114427,0.497871,0.096692,0.425446,0.057356,31.1,4.2,19.807525,7.556793,19.767332,8.290138,7.351653,4.505106,7.463892,2.346401,190.2
2022 to 2024,S12000034,Aberdeenshire,Male,90+,1.7,0.8,2.7,340,4922.5,1.470588,16.470588,2.647059,28.235294,104780,66.297958,2.288605,31.413438,2.839282,22.666539,0.955335,2.250429,11.527776,18.424576,263723,2.922005,0.786431,1.114427,0.497871,0.096692,0.425446,0.057356,31.1,4.2,19.807525,7.556793,19.767332,8.290138,7.351653,4.505106,7.463892,2.346401,190.2
2022 to 2024,S12000041,Angus,Female,<1,62.9,58.7,67.2,155,3894,4.516129,7.096774,8.387097,12.258065,50122,52.525837,1.947249,45.534895,4.69255,31.329556,4.923985,3.268026,44.748737,10.426558,114342,2.185549,0.65068,0.989138,0.15305,0.059471,0.331462,0.043079,28.3,5.6,24.675098,10.398629,23.824142,10.249077,9.750573,4.857358,8.579525,2.626332,344.3
2022 to 2024,S12000041,Angus,Female,01 to 04,62.1,58,66.3,155,3894,4.516129,7.096774,8.387097,12.258065,50122,52.525837,1.947249,45.534895,4.69255,31.329556,4.923985,3.268026,44.748737,10.426558,114342,2.185549,0.65068,0.989138,0.15305,0.059471,0.331462,0.043079,28.3,5.6,24.675098,10.398629,23.824142,10.249077,9.750573,4.857358,8.579525,2.626332,344.3
2022 to 2024,S12000041,Angus,Female,05 to 09,58.4,54.6,62.1,155,3894,4.516129,7.096774,8.387097,12.258065,50122,52.525837,1.947249,45.534895,4.69255,31.329556,4.923985,3.268026,44.748737,10.426558,114342,2.185549,0.65068,0.989138,0.15305,0.059471,0.331462,0.043079,28.3,5.6,24.675098,10.398629,23.824142,10.249077,9.750573,4.857358,8.579525,2.626332,344.3
2022 to 2024,S12000041,Angus,Female,10 to 14,53.7,50.3,57,155,3894,4.516129,7.096774,8.387097,12.258065,50122,52.525837,1.947249,45.534895,4.69255,31.329556,4.923985,3.268026,44.748737,10.426558,114342,2.185549,0.65068,0.989138,0.15305,0.059471,0.331462,0.043079,28.3,5.6,24.675098,10.398629,23.824142,10.249077,9.750573,4.857358,8.579525,2.626332,344.3
2022 to 2024,S12000041,Angus,Female,15 to 19,49,45.9,52,155,3894,4.516129,7.096774,8.387097,12.258065,50122,52.525837,1.947249,45.534895,4.69255,31.329556,4.923985,3.268026,44.748737,10.426558,114342,2.185549,0.65068,0.989138,0.15305,0.059471,0.331462,0.043079,28.3,5.6,24.675098,10.398629,23.824142,10.249077,9.750573,4.857358,8.579525,2.626332,344.3
2022 to 2024,S12000041,Angus,Female,20 to 24,44.6,41.6,47.5,155,3894,4.516129,7.096774,8.387097,12.258065,50122,52.525837,1.947249,45.534895,4.69255,31.329556,4.923985,3.268026,44.748737,10.426558,114342,2.185549,0.65068,0.989138,0.15305,0.059471,0.331462,0.043079,28.3,5.6,24.675098,10.398629,23.824142,10.249077,9.750573,4.857358,8.579525,2.626332,344.3
2022 to 2024,S12000041,Angus,Female,25 to 29,40.4,37.6,43.2,155,3894,4.516129,7.096774,8.387097,12.258065,50122,52.525837,1.947249,45.534895,4.69255,31.329556,4.923985,3.268026,44.748737,10.426558,114342,2.185549,0.65068,0.989138,0.15305,0.059471,0.331462,0.043079,28.3,5.6,24.675098,10.398629,23.824142,10.249077,9.750573,4.857358,8.579525,2.626332,344.3
2022 to 2024,S12000041,Angus,Female,30 to 34,36.3,33.7,38.9,155,3894,4.516129,7.096774,8.387097,12.258065,50122,52.525837,1.947249,45.534895,4.69255,31.329556,4.923985,3.268026,44.748737,10.426558,114342,2.185549,0.65068,0.989138,0.15305,0.059471,0.331462,0.043079,28.3,5.6,24.675098,10.398629,23.824142,10.249077,9.750573,4.857358,8.579525,2.626332,344.3
2022 to 2024,S12000041,Angus,Female,35 to 39,32.3,29.8,34.8,155,3894,4.516129,7.096774,8.387097,12.258065,50122,52.525837,1.947249,45.534895,4.69255,31.329556,4.923985,3.268026,44.748737,10.426558,114342,2.185549,0.65068,0.989138,0.15305,0.059471,0.331462,0.043079,28.3,5.6,24.675098,10.398629,23.824142,10.249077,9.750573,4.857358,8.579525,2.626332,344.3
2022 to 2024,S12000041,Angus,Female,40 to 44,28.4,26,30.8,155,3894,4.516129,7.096774,8.387097,12.258065,50122,52.525837,1.947249,45.534895,4.69255,31.329556,4.923985,3.268026,44.748737,10.426558,114342,2.185549,0.65068,0.989138,0.15305,0.059471,0.331462,0.043079,28.3,5.6,24.675098,10.398629,23.824142,10.249077,9.750573,4.857358,8.579525,2.626332,344.3
2022 to 2024,S12000041,Angus,Female,45 to 49,24.6,22.3,26.9,155,3894,4.516129,7.096774,8.387097,12.258065,50122,52.525837,1.947249,45.534895,4.69255,31.329556,4.923985,3.268026,44.748737,10.426558,114342,2.185549,0.65068,0.989138,0.15305,0.059471,0.331462,0.043079,28.3,5.6,24.675098,10.398629,23.824142,10.249077,9.750573,4.857358,8.579525,2.626332,344.3
2022 to 2024,S12000041,Angus,Female,50 to 54,21.1,18.9,23.2,155,3894,4.516129,7.096774,8.387097,12.258065,50122,52.525837,1.947249,45.534895,4.69255,31.329556,4.923985,3.268026,44.748737,10.426558,114342,2.185549,0.65068,0.989138,0.15305,0.059471,0.331462,0.043079,28.3,5.6,24.675098,10.398629,23.824142,10.249077,9.750573,4.857358,8.579525,2.626332,344.3
2022 to 2024,S12000041,Angus,Female,55 to 59,17.7,15.7,19.8,155,3894,4.516129,7.096774,8.387097,12.258065,50122,52.525837,1.947249,45.534895,4.69255,31.329556,4.923985,3.268026,44.748737,10.426558,114342,2.185549,0.65068,0.989138,0.15305,0.059471,0.331462,0.043079,28.3,5.6,24.675098,10.398629,23.824142,10.249077,9.750573,4.857358,8.579525,2.626332,344.3
2022 to 2024,S12000041,Angus,Female,60 to 64,14.6,12.6,16.6,155,3894,4.516129,7.096774,8.387097,12.258065,50122,52.525837,1.947249,45.534895,4.69255,31.329556,4.923985,3.268026,44.748737,10.426558,114342,2.185549,0.65068,0.989138,0.15305,0.059471,0.331462,0.043079,28.3,5.6,24.675098,10.398629,23.824142,10.249077,9.750573,4.857358,8.579525,2.626332,344.3
2022 to 2024,S12000041,Angus,Female,65 to 69,11.5,9.5,13.5,155,3894,4.516129,7.096774,8.387097,12.258065,50122,52.525837,1.947249,45.534895,4.69255,31.329556,4.923985,3.268026,44.748737,10.426558,114342,2.185549,0.65068,0.989138,0.15305,0.059471,0.331462,0.043079,28.3,5.6,24.675098,10.398629,23.824142,10.249077,9.750573,4.857358,8.579525,2.626332,344.3
2022 to 2024,S12000041,Angus,Female,70 to 74,8.8,6.8,10.8,155,3894,4.516129,7.096774,8.387097,12.258065,50122,52.525837,1.947249,45.534895,4.69255,31.329556,4.923985,3.268026,44.748737,10.426558,114342,2.185549,0.65068,0.989138,0.15305,0.059471,0.331462,0.043079,28.3,5.6,24.675098,10.398629,23.824142,10.249077,9.750573,4.857358,8.579525,2.626332,344.3
2022 to 2024,S12000041,Angus,Female,75 to 79,6.3,4.2,8.4,155,3894,4.516129,7.096774,8.387097,12.258065,50122,52.525837,1.947249,45.534895,4.69255,31.329556,4.923985,3.268026,44.748737,10.426558,114342,2.185549,0.65068,0.989138,0.15305,0.059471,0.331462,0.043079,28.3,5.6,24.675098,10.398629,23.824142,10.249077,9.750573,4.857358,8.579525,2.626332,344.3
2022 to 2024,S12000041,Angus,Female,80 to 84,4.2,1.9,6.4,155,3894,4.516129,7.096774,8.387097,12.258065,50122,52.525837,1.947249,45.534895,4.69255,31.329556,4.923985,3.268026,44.748737,10.426558,114342,2.185549,0.65068,0.989138,0.15305,0.059471,0.331462,0.043079,28.3,5.6,24.675098,10.398629,23.824142,10.249077,9.750573,4.857358,8.579525,2.626332,344.3
2022 to 2024,S12000041,Angus,Female,85 to 89,2.5,1.2,3.9,155,3894,4.516129,7.096774,8.387097,12.258065,50122,52.525837,1.947249,45.534895,4.69255,31.329556,4.923985,3.268026,44.748737,10.426558,114342,2.185549,0.65068,0.989138,0.15305,0.059471,0.331462,0.043079,28.3,5.6,24.675098,10.398629,23.824142,10.249077,9.750573,4.857358,8.579525,2.626332,344.3
2022 to 2024,S12000041,Angus,Female,90+,1.6,0.7,2.4,155,3894,4.516129,7.096774,8.387097,12.258065,50122,52.525837,1.947249,45.534895,4.69255,31.329556,4.923985,3.268026,44.748737,10.426558,114342,2.185549,0.65068,0.989138,0.15305,0.059471,0.331462,0.043079,28.3,5.6,24.675098,10.398629,23.824142,10.249077,9.750573,4.857358,8.579525,2.626332,344.3
2022 to 2024,S12000041,Angus,Male,<1,62.2,58.7,65.8,155,3894,4.516129,7.096774,8.387097,12.258065,45925,58.656505,2.956995,38.384322,4.191617,27.703865,1.217202,2.131737,14.113891,18.438637,114342,2.185549,0.65068,0.989138,0.15305,0.059471,0.331462,0.043079,28.3,5.6,24.675098,10.398629,23.824142,10.249077,9.750573,4.857358,8.579525,2.626332,344.3
2022 to 2024,S12000041,Angus,Male,01 to 04,61.6,58.1,65.1,155,3894,4.516129,7.096774,8.387097,12.258065,45925,58.656505,2.956995,38.384322,4.191617,27.703865,1.217202,2.131737,14.113891,18.438637,114342,2.185549,0.65068,0.989138,0.15305,0.059471,0.331462,0.043079,28.3,5.6,24.675098,10.398629,23.824142,10.249077,9.750573,4.857358,8.579525,2.626332,344.3
2022 to 2024,S12000041,Angus,Male,05 to 09,57.8,54.6,61,155,3894,4.516129,7.096774,8.387097,12.258065,45925,58.656505,2.956995,38.384322,4.191617,27.703865,1.217202,2.131737,14.113891,18.438637,114342,2.185549,0.65068,0.989138,0.15305,0.059471,0.331462,0.043079,28.3,5.6,24.675098,10.398629,23.824142,10.249077,9.750573,4.857358,8.579525,2.626332,344.3
2022 to 2024,S12000041,Angus,Male,10 to 14,53.1,50.1,56,155,3894,4.516129,7.096774,8.387097,12.258065,45925,58.656505,2.956995,38.384322,4.191617,27.703865,1.217202,2.131737,14.113891,18.438637,114342,2.185549,0.65068,0.989138,0.15305,0.059471,0.331462,0.043079,28.3,5.6,24.675098,10.398629,23.824142,10.249077,9.750573,4.857358,8.579525,2.626332,344.3
2022 to 2024,S12000041,Angus,Male,15 to 19,48.4,45.7,51.2,155,3894,4.516129,7.096774,8.387097,12.258065,45925,58.656505,2.956995,38.384322,4.191617,27.703865,1.217202,2.131737,14.113891,18.438637,114342,2.185549,0.65068,0.989138,0.15305,0.059471,0.331462,0.043079,28.3,5.6,24.675098,10.398629,23.824142,10.249077,9.750573,4.857358,8.579525,2.626332,344.3
2022 to 2024,S12000041,Angus,Male,20 to 24,43.9,41.2,46.6,155,3894,4.516129,7.096774,8.387097,12.258065,45925,58.656505,2.956995,38.384322,4.191617,27.703865,1.217202,2.131737,14.113891,18.438637,114342,2.185549,0.65068,0.989138,0.15305,0.059471,0.331462,0.043079,28.3,5.6,24.675098,10.398629,23.824142,10.249077,9.750573,4.857358,8.579525,2.626332,344.3
2022 to 2024,S12000041,Angus,Male,25 to 29,39.6,37.1,42.2,155,3894,4.516129,7.096774,8.387097,12.258065,45925,58.656505,2.956995,38.384322,4.191617,27.703865,1.217202,2.131737,14.113891,18.438637,114342,2.185549,0.65068,0.989138,0.15305,0.059471,0.331462,0.043079,28.3,5.6,24.675098,10.398629,23.824142,10.249077,9.750573,4.857358,8.579525,2.626332,344.3
2022 to 2024,S12000041,Angus,Male,30 to 34,35.4,33,37.9,155,3894,4.516129,7.096774,8.387097,12.258065,45925,58.656505,2.956995,38.384322,4.191617,27.703865,1.217202,2.131737,14.113891,18.438637,114342,2.185549,0.65068,0.989138,0.15305,0.059471,0.331462,0.043079,28.3,5.6,24.675098,10.398629,23.824142,10.249077,9.750573,4.857358,8.579525,2.626332,344.3
2022 to 2024,S12000041,Angus,Male,35 to 39,31.4,29.1,33.7,155,3894,4.516129,7.096774,8.387097,12.258065,45925,58.656505,2.956995,38.384322,4.191617,27.703865,1.217202,2.131737,14.113891,18.438637,114342,2.185549,0.65068,0.989138,0.15305,0.059471,0.331462,0.043079,28.3,5.6,24.675098,10.398629,23.824142,10.249077,9.750573,4.857358,8.579525,2.626332,344.3
2022 to 2024,S12000041,Angus,Male,40 to 44,27.5,25.4,29.6,155,3894,4.516129,7.096774,8.387097,12.258065,45925,58.656505,2.956995,38.384322,4.191617,27.703865,1.217202,2.131737,14.113891,18.438637,114342,2.185549,0.65068,0.989138,0.15305,0.059471,0.331462,0.043079,28.3,5.6,24.675098,10.398629,23.824142,10.249077,9.750573,4.857358,8.579525,2.626332,344.3
2022 to 2024,S12000041,Angus,Male,45 to 49,23.7,21.7,25.8,155,3894,4.516129,7.096774,8.387097,12.258065,45925,58.656505,2.956995,38.384322,4.191617,27.703865,1.217202,2.131737,14.113891,18.438637,114342,2.185549,0.65068,0.989138,0.15305,0.059471,0.331462,0.043079,28.3,5.6,24.675098,10.398629,23.824142,10.249077,9.750573,4.857358,8.579525,2.626332,344.3
2022 to 2024,S12000041,Angus,Male,50 to 54,20.1,18.2,21.9,155,3894,4.516129,7.096774,8.387097,12.258065,45925,58.656505,2.956995,38.384322,4.191617,27.703865,1.217202,2.131737,14.113891,18.438637,114342,2.185549,0.65068,0.989138,0.15305,0.059471,0.331462,0.043079,28.3,5.6,24.675098,10.398629,23.824142,10.249077,9.750573,4.857358,8.579525,2.626332,344.3
2022 to 2024,S12000041,Angus,Male,55 to 59,16.7,15,18.5,155,3894,4.516129,7.096774,8.387097,12.258065,45925,58.656505,2.956995,38.384322,4.191617,27.703865,1.217202,2.131737,14.113891,18.438637,114342,2.185549,0.65068,0.989138,0.15305,0.059471,0.331462,0.043079,28.3,5.6,24.675098,10.398629,23.824142,10.249077,9.750573,4.857358,8.579525,2.626332,344.3
2022 to 2024,S12000041,Angus,Male,60 to 64,13.5,11.9,15.2,155,3894,4.516129,7.096774,8.387097,12.258065,45925,58.656505,2.956995,38.384322,4.191617,27.703865,1.217202,2.131737,14.113891,18.438637,114342,2.185549,0.65068,0.989138,0.15305,0.059471,0.331462,0.043079,28.3,5.6,24.675098,10.398629,23.824142,10.249077,9.750573,4.857358,8.579525,2.626332,344.3
2022 to 2024,S12000041,Angus,Male,65 to 69,10.8,9.1,12.4,155,3894,4.516129,7.096774,8.387097,12.258065,45925,58.656505,2.956995,38.384322,4.191617,27.703865,1.217202,2.131737,14.113891,18.438637,114342,2.185549,0.65068,0.989138,0.15305,0.059471,0.331462,0.043079,28.3,5.6,24.675098,10.398629,23.824142,10.249077,9.750573,4.857358,8.579525,2.626332,344.3
2022 to 2024,S12000041,Angus,Male,70 to 74,8.2,6.5,9.8,155,3894,4.516129,7.096774,8.387097,12.258065,45925,58.656505,2.956995,38.384322,4.191617,27.703865,1.217202,2.131737,14.113891,18.438637,114342,2.185549,0.65068,0.989138,0.15305,0.059471,0.331462,0.043079,28.3,5.6,24.675098,10.398629,23.824142,10.249077,9.750573,4.857358,8.579525,2.626332,344.3
2022 to 2024,S12000041,Angus,Male,75 to 79,6,4.2,7.7,155,3894,4.516129,7.096774,8.387097,12.258065,45925,58.656505,2.956995,38.384322,4.191617,27.703865,1.217202,2.131737,14.113891,18.438637,114342,2.185549,0.65068,0.989138,0.15305,0.059471,0.331462,0.043079,28.3,5.6,24.675098,10.398629,23.824142,10.249077,9.750573,4.857358,8.579525,2.626332,344.3
2022 to 2024,S12000041,Angus,Male,80 to 84,4,2.2,5.9,155,3894,4.516129,7.096774,8.387097,12.258065,45925,58.656505,2.956995,38.384322,4.191617,27.703865,1.217202,2.131737,14.113891,18.438637,114342,2.185549,0.65068,0.989138,0.15305,0.059471,0.331462,0.043079,28.3,5.6,24.675098,10.398629,23.824142,10.249077,9.750573,4.857358,8.579525,2.626332,344.3
2022 to 2024,S12000041,Angus,Male,85 to 89,2.7,1.4,3.9,155,3894,4.516129,7.096774,8.387097,12.258065,45925,58.656505,2.956995,38.384322,4.191617,27.703865,1.217202,2.131737,14.113891,18.438637,114342,2.185549,0.65068,0.989138,0.15305,0.059471,0.331462,0.043079,28.3,5.6,24.675098,10.398629,23.824142,10.249077,9.750573,4.857358,8.579525,2.626332,344.3
2022 to 2024,S12000041,Angus,Male,90+,1.5,0.8,2.2,155,3894,4.516129,7.096774,8.387097,12.258065,45925,58.656505,2.956995,38.384322,4.191617,27.703865,1.217202,2.131737,14.113891,18.438637,114342,2.185549,0.65068,0.989138,0.15305,0.059471,0.331462,0.043079,28.3,5.6,24.675098,10.398629,23.824142,10.249077,9.750573,4.857358,8.579525,2.626332,344.3
2022 to 2024,S12000035,Argyll and Bute,Female,<1,58.9,53,64.8,125,3664,8.8,6.4,10.4,8.8,37772,52.652759,1.511702,45.840834,4.638356,32.277878,4.490098,1.866462,43.448311,14.923572,85970,2.279865,0.771199,0.882866,0.179132,0.095382,0.351285,0.044924,34,5.6,25.277422,10.631616,23.559381,9.306735,10.237292,4.755147,9.019425,2.825404,439.8
2022 to 2024,S12000035,Argyll and Bute,Female,01 to 04,58.1,52.4,63.8,125,3664,8.8,6.4,10.4,8.8,37772,52.652759,1.511702,45.840834,4.638356,32.277878,4.490098,1.866462,43.448311,14.923572,85970,2.279865,0.771199,0.882866,0.179132,0.095382,0.351285,0.044924,34,5.6,25.277422,10.631616,23.559381,9.306735,10.237292,4.755147,9.019425,2.825404,439.8
2022 to 2024,S12000035,Argyll and Bute,Female,05 to 09,54.5,49.5,59.4,125,3664,8.8,6.4,10.4,8.8,37772,52.652759,1.511702,45.840834,4.638356,32.277878,4.490098,1.866462,43.448311,14.923572,85970,2.279865,0.771199,0.882866,0.179132,0.095382,0.351285,0.044924,34,5.6,25.277422,10.631616,23.559381,9.306735,10.237292,4.755147,9.019425,2.825404,439.8
2022 to 2024,S12000035,Argyll and Bute,Female,10 to 14,50,45.9,54.1,125,3664,8.8,6.4,10.4,8.8,37772,52.652759,1.511702,45.840834,4.638356,32.277878,4.490098,1.866462,43.448311,14.923572,85970,2.279865,0.771199,0.882866,0.179132,0.095382,0.351285,0.044924,34,5.6,25.277422,10.631616,23.559381,9.306735,10.237292,4.755147,9.019425,2.825404,439.8
2022 to 2024,S12000035,Argyll and Bute,Female,15 to 19,45.6,42.1,49.2,125,3664,8.8,6.4,10.4,8.8,37772,52.652759,1.511702,45.840834,4.638356,32.277878,4.490098,1.866462,43.448311,14.923572,85970,2.279865,0.771199,0.882866,0.179132,0.095382,0.351285,0.044924,34,5.6,25.277422,10.631616,23.559381,9.306735,10.237292,4.755147,9.019425,2.825404,439.8
2022 to 2024,S12000035,Argyll and Bute,Female,20 to 24,41.4,38.1,44.7,125,3664,8.8,6.4,10.4,8.8,37772,52.652759,1.511702,45.840834,4.638356,32.277878,4.490098,1.866462,43.448311,14.923572,85970,2.279865,0.771199,0.882866,0.179132,0.095382,0.351285,0.044924,34,5.6,25.277422,10.631616,23.559381,9.306735,10.237292,4.755147,9.019425,2.825404,439.8
2022 to 2024,S12000035,Argyll and Bute,Female,25 to 29,37.3,34.2,40.4,125,3664,8.8,6.4,10.4,8.8,37772,52.652759,1.511702,45.840834,4.638356,32.277878,4.490098,1.866462,43.448311,14.923572,85970,2.279865,0.771199,0.882866,0.179132,0.095382,0.351285,0.044924,34,5.6,25.277422,10.631616,23.559381,9.306735,10.237292,4.755147,9.019425,2.825404,439.8
2022 to 2024,S12000035,Argyll and Bute,Female,30 to 34,33.4,30.5,36.2,125,3664,8.8,6.4,10.4,8.8,37772,52.652759,1.511702,45.840834,4.638356,32.277878,4.490098,1.866462,43.448311,14.923572,85970,2.279865,0.771199,0.882866,0.179132,0.095382,0.351285,0.044924,34,5.6,25.277422,10.631616,23.559381,9.306735,10.237292,4.755147,9.019425,2.825404,439.8
2022 to 2024,S12000035,Argyll and Bute,Female,35 to 39,29.6,26.9,32.3,125,3664,8.8,6.4,10.4,8.8,37772,52.652759,1.511702,45.840834,4.638356,32.277878,4.490098,1.866462,43.448311,14.923572,85970,2.279865,0.771199,0.882866,0.179132,0.095382,0.351285,0.044924,34,5.6,25.277422,10.631616,23.559381,9.306735,10.237292,4.755147,9.019425,2.825404,439.8
2022 to 2024,S12000035,Argyll and Bute,Female,40 to 44,26,23.5,28.4,125,3664,8.8,6.4,10.4,8.8,37772,52.652759,1.511702,45.840834,4.638356,32.277878,4.490098,1.866462,43.448311,14.923572,85970,2.279865,0.771199,0.882866,0.179132,0.095382,0.351285,0.044924,34,5.6,25.277422,10.631616,23.559381,9.306735,10.237292,4.755147,9.019425,2.825404,439.8
2022 to 2024,S12000035,Argyll and Bute,Female,45 to 49,22.5,20.3,24.8,125,3664,8.8,6.4,10.4,8.8,37772,52.652759,1.511702,45.840834,4.638356,32.277878,4.490098,1.866462,43.448311,14.923572,85970,2.279865,0.771199,0.882866,0.179132,0.095382,0.351285,0.044924,34,5.6,25.277422,10.631616,23.559381,9.306735,10.237292,4.755147,9.019425,2.825404,439.8
2022 to 2024,S12000035,Argyll and Bute,Female,50 to 54,19.2,17.1,21.3,125,3664,8.8,6.4,10.4,8.8,37772,52.652759,1.511702,45.840834,4.638356,32.277878,4.490098,1.866462,43.448311,14.923572,85970,2.279865,0.771199,0.882866,0.179132,0.095382,0.351285,0.044924,34,5.6,25.277422,10.631616,23.559381,9.306735,10.237292,4.755147,9.019425,2.825404,439.8
2022 to 2024,S12000035,Argyll and Bute,Female,55 to 59,16,14,18,125,3664,8.8,6.4,10.4,8.8,37772,52.652759,1.511702,45.840834,4.638356,32.277878,4.490098,1.866462,43.448311,14.923572,85970,2.279865,0.771199,0.882866,0.179132,0.095382,0.351285,0.044924,34,5.6,25.277422,10.631616,23.559381,9.306735,10.237292,4.755147,9.019425,2.825404,439.8
2022 to 2024,S12000035,Argyll and Bute,Female,60 to 64,13.1,11.2,15,125,3664,8.8,6.4,10.4,8.8,37772,52.652759,1.511702,45.840834,4.638356,32.277878,4.490098,1.866462,43.448311,14.923572,85970,2.279865,0.771199,0.882866,0.179132,0.095382,0.351285,0.044924,34,5.6,25.277422,10.631616,23.559381,9.306735,10.237292,4.755147,9.019425,2.825404,439.8
2022 to 2024,S12000035,Argyll and Bute,Female,65 to 69,10.3,8.4,12.2,125,3664,8.8,6.4,10.4,8.8,37772,52.652759,1.511702,45.840834,4.638356,32.277878,4.490098,1.866462,43.448311,14.923572,85970,2.279865,0.771199,0.882866,0.179132,0.095382,0.351285,0.044924,34,5.6,25.277422,10.631616,23.559381,9.306735,10.237292,4.755147,9.019425,2.825404,439.8
2022 to 2024,S12000035,Argyll and Bute,Female,70 to 74,7.9,6,9.8,125,3664,8.8,6.4,10.4,8.8,37772,52.652759,1.511702,45.840834,4.638356,32.277878,4.490098,1.866462,43.448311,14.923572,85970,2.279865,0.771199,0.882866,0.179132,0.095382,0.351285,0.044924,34,5.6,25.277422,10.631616,23.559381,9.306735,10.237292,4.755147,9.019425,2.825404,439.8
2022 to 2024,S12000035,Argyll and Bute,Female,75 to 79,5.7,3.7,7.6,125,3664,8.8,6.4,10.4,8.8,37772,52.652759,1.511702,45.840834,4.638356,32.277878,4.490098,1.866462,43.448311,14.923572,85970,2.279865,0.771199,0.882866,0.179132,0.095382,0.351285,0.044924,34,5.6,25.277422,10.631616,23.559381,9.306735,10.237292,4.755147,9.019425,2.825404,439.8
2022 to 2024,S12000035,Argyll and Bute,Female,80 to 84,3.8,1.7,5.9,125,3664,8.8,6.4,10.4,8.8,37772,52.652759,1.511702,45.840834,4.638356,32.277878,4.490098,1.866462,43.448311,14.923572,85970,2.279865,0.771199,0.882866,0.179132,0.095382,0.351285,0.044924,34,5.6,25.277422,10.631616,23.559381,9.306735,10.237292,4.755147,9.019425,2.825404,439.8
2022 to 2024,S12000035,Argyll and Bute,Female,85 to 89,2.4,1,3.7,125,3664,8.8,6.4,10.4,8.8,37772,52.652759,1.511702,45.840834,4.638356,32.277878,4.490098,1.866462,43.448311,14.923572,85970,2.279865,0.771199,0.882866,0.179132,0.095382,0.351285,0.044924,34,5.6,25.277422,10.631616,23.559381,9.306735,10.237292,4.755147,9.019425,2.825404,439.8
2022 to 2024,S12000035,Argyll and Bute,Female,90+,1.3,0.6,2,125,3664,8.8,6.4,10.4,8.8,37772,52.652759,1.511702,45.840834,4.638356,32.277878,4.490098,1.866462,43.448311,14.923572,85970,2.279865,0.771199,0.882866,0.179132,0.095382,0.351285,0.044924,34,5.6,25.277422,10.631616,23.559381,9.306735,10.237292,4.755147,9.019425,2.825404,439.8
2022 to 2024,S12000035,Argyll and Bute,Male,<1,58.8,54.2,63.4,125,3664,8.8,6.4,10.4,8.8,35641,59.36141,2.14921,38.48938,4.318061,28.164193,1.259785,1.357987,15.106111,24.625419,85970,2.279865,0.771199,0.882866,0.179132,0.095382,0.351285,0.044924,34,5.6,25.277422,10.631616,23.559381,9.306735,10.237292,4.755147,9.019425,2.825404,439.8
2022 to 2024,S12000035,Argyll and Bute,Male,01 to 04,58,53.5,62.5,125,3664,8.8,6.4,10.4,8.8,35641,59.36141,2.14921,38.48938,4.318061,28.164193,1.259785,1.357987,15.106111,24.625419,85970,2.279865,0.771199,0.882866,0.179132,0.095382,0.351285,0.044924,34,5.6,25.277422,10.631616,23.559381,9.306735,10.237292,4.755147,9.019425,2.825404,439.8
2022 to 2024,S12000035,Argyll and Bute,Male,05 to 09,54.4,50.3,58.4,125,3664,8.8,6.4,10.4,8.8,35641,59.36141,2.14921,38.48938,4.318061,28.164193,1.259785,1.357987,15.106111,24.625419,85970,2.279865,0.771199,0.882866,0.179132,0.095382,0.351285,0.044924,34,5.6,25.277422,10.631616,23.559381,9.306735,10.237292,4.755147,9.019425,2.825404,439.8
2022 to 2024,S12000035,Argyll and Bute,Male,10 to 14,49.8,46.1,53.5,125,3664,8.8,6.4,10.4,8.8,35641,59.36141,2.14921,38.48938,4.318061,28.164193,1.259785,1.357987,15.106111,24.625419,85970,2.279865,0.771199,0.882866,0.179132,0.095382,0.351285,0.044924,34,5.6,25.277422,10.631616,23.559381,9.306735,10.237292,4.755147,9.019425,2.825404,439.8
2022 to 2024,S12000035,Argyll and Bute,Male,15 to 19,45.3,42,48.7,125,3664,8.8,6.4,10.4,8.8,35641,59.36141,2.14921,38.48938,4.318061,28.164193,1.259785,1.357987,15.106111,24.625419,85970,2.279865,0.771199,0.882866,0.179132,0.095382,0.351285,0.044924,34,5.6,25.277422,10.631616,23.559381,9.306735,10.237292,4.755147,9.019425,2.825404,439.8
2022 to 2024,S12000035,Argyll and Bute,Male,20 to 24,41,37.7,44.3,125,3664,8.8,6.4,10.4,8.8,35641,59.36141,2.14921,38.48938,4.318061,28.164193,1.259785,1.357987,15.106111,24.625419,85970,2.279865,0.771199,0.882866,0.179132,0.095382,0.351285,0.044924,34,5.6,25.277422,10.631616,23.559381,9.306735,10.237292,4.755147,9.019425,2.825404,439.8
2022 to 2024,S12000035,Argyll and Bute,Male,25 to 29,36.9,33.9,39.9,125,3664,8.8,6.4,10.4,8.8,35641,59.36141,2.14921,38.48938,4.318061,28.164193,1.259785,1.357987,15.106111,24.625419,85970,2.279865,0.771199,0.882866,0.179132,0.095382,0.351285,0.044924,34,5.6,25.277422,10.631616,23.559381,9.306735,10.237292,4.755147,9.019425,2.825404,439.8
2022 to 2024,S12000035,Argyll and Bute,Male,30 to 34,32.9,30,35.7,125,3664,8.8,6.4,10.4,8.8,35641,59.36141,2.14921,38.48938,4.318061,28.164193,1.259785,1.357987,15.106111,24.625419,85970,2.279865,0.771199,0.882866,0.179132,0.095382,0.351285,0.044924,34,5.6,25.277422,10.631616,23.559381,9.306735,10.237292,4.755147,9.019425,2.825404,439.8
2022 to 2024,S12000035,Argyll and Bute,Male,35 to 39,29,26.2,31.8,125,3664,8.8,6.4,10.4,8.8,35641,59.36141,2.14921,38.48938,4.318061,28.164193,1.259785,1.357987,15.106111,24.625419,85970,2.279865,0.771199,0.882866,0.179132,0.095382,0.351285,0.044924,34,5.6,25.277422,10.631616,23.559381,9.306735,10.237292,4.755147,9.019425,2.825404,439.8
2022 to 2024,S12000035,Argyll and Bute,Male,40 to 44,25.1,22.5,27.7,125,3664,8.8,6.4,10.4,8.8,35641,59.36141,2.14921,38.48938,4.318061,28.164193,1.259785,1.357987,15.106111,24.625419,85970,2.279865,0.771199,0.882866,0.179132,0.095382,0.351285,0.044924,34,5.6,25.277422,10.631616,23.559381,9.306735,10.237292,4.755147,9.019425,2.825404,439.8
2022 to 2024,S12000035,Argyll and Bute,Male,45 to 49,21.6,19.2,24,125,3664,8.8,6.4,10.4,8.8,35641,59.36141,2.14921,38.48938,4.318061,28.164193,1.259785,1.357987,15.106111,24.625419,85970,2.279865,0.771199,0.882866,0.179132,0.095382,0.351285,0.044924,34,5.6,25.277422,10.631616,23.559381,9.306735,10.237292,4.755147,9.019425,2.825404,439.8
2022 to 2024,S12000035,Argyll and Bute,Male,50 to 54,18.4,16.3,20.5,125,3664,8.8,6.4,10.4,8.8,35641,59.36141,2.14921,38.48938,4.318061,28.164193,1.259785,1.357987,15.106111,24.625419,85970,2.279865,0.771199,0.882866,0.179132,0.095382,0.351285,0.044924,34,5.6,25.277422,10.631616,23.559381,9.306735,10.237292,4.755147,9.019425,2.825404,439.8
2022 to 2024,S12000035,Argyll and Bute,Male,55 to 59,15.2,13.2,17.2,125,3664,8.8,6.4,10.4,8.8,35641,59.36141,2.14921,38.48938,4.318061,28.164193,1.259785,1.357987,15.106111,24.625419,85970,2.279865,0.771199,0.882866,0.179132,0.095382,0.351285,0.044924,34,5.6,25.277422,10.631616,23.559381,9.306735,10.237292,4.755147,9.019425,2.825404,439.8
2022 to 2024,S12000035,Argyll and Bute,Male,60 to 64,12.2,10.3,14.1,125,3664,8.8,6.4,10.4,8.8,35641,59.36141,2.14921,38.48938,4.318061,28.164193,1.259785,1.357987,15.106111,24.625419,85970,2.279865,0.771199,0.882866,0.179132,0.095382,0.351285,0.044924,34,5.6,25.277422,10.631616,23.559381,9.306735,10.237292,4.755147,9.019425,2.825404,439.8
2022 to 2024,S12000035,Argyll and Bute,Male,65 to 69,9.5,7.7,11.4,125,3664,8.8,6.4,10.4,8.8,35641,59.36141,2.14921,38.48938,4.318061,28.164193,1.259785,1.357987,15.106111,24.625419,85970,2.279865,0.771199,0.882866,0.179132,0.095382,0.351285,0.044924,34,5.6,25.277422,10.631616,23.559381,9.306735,10.237292,4.755147,9.019425,2.825404,439.8
2022 to 2024,S12000035,Argyll and Bute,Male,70 to 74,7.2,5.3,9.1,125,3664,8.8,6.4,10.4,8.8,35641,59.36141,2.14921,38.48938,4.318061,28.164193,1.259785,1.357987,15.106111,24.625419,85970,2.279865,0.771199,0.882866,0.179132,0.095382,0.351285,0.044924,34,5.6,25.277422,10.631616,23.559381,9.306735,10.237292,4.755147,9.019425,2.825404,439.8
2022 to 2024,S12000035,Argyll and Bute,Male,75 to 79,5.1,3.1,7.2,125,3664,8.8,6.4,10.4,8.8,35641,59.36141,2.14921,38.48938,4.318061,28.164193,1.259785,1.357987,15.106111,24.625419,85970,2.279865,0.771199,0.882866,0.179132,0.095382,0.351285,0.044924,34,5.6,25.277422,10.631616,23.559381,9.306735,10.237292,4.755147,9.019425,2.825404,439.8
2022 to 2024,S12000035,Argyll and Bute,Male,80 to 84,3.4,1.1,5.8,125,3664,8.8,6.4,10.4,8.8,35641,59.36141,2.14921,38.48938,4.318061,28.164193,1.259785,1.357987,15.106111,24.625419,85970,2.279865,0.771199,0.882866,0.179132,0.095382,0.351285,0.044924,34,5.6,25.277422,10.631616,23.559381,9.306735,10.237292,4.755147,9.019425,2.825404,439.8
2022 to 2024,S12000035,Argyll and Bute,Male,85 to 89,2,0.7,3.4,125,3664,8.8,6.4,10.4,8.8,35641,59.36141,2.14921,38.48938,4.318061,28.164193,1.259785,1.357987,15.106111,24.625419,85970,2.279865,0.771199,0.882866,0.179132,0.095382,0.351285,0.044924,34,5.6,25.277422,10.631616,23.559381,9.306735,10.237292,4.755147,9.019425,2.825404,439.8
2022 to 2024,S12000035,Argyll and Bute,Male,90+,1.2,0.4,1.9,125,3664,8.8,6.4,10.4,8.8,35641,59.36141,2.14921,38.48938,4.318061,28.164193,1.259785,1.357987,15.106111,24.625419,85970,2.279865,0.771199,0.882866,0.179132,0.095382,0.351285,0.044924,34,5.6,25.277422,10.631616,23.559381,9.306735,10.237292,4.755147,9.019425,2.825404,439.8
2022 to 2024,S12000036,City of Edinburgh,Female,<1,63.9,60.8,67.1,597,5049,8.710218,38.525963,12.060302,43.383585,229062,58.404275,2.45654,39.136566,3.462818,19.962281,4.306694,6.800342,37.987921,10.584384,514543,15.120408,2.503581,8.564882,1.838913,0.275779,1.936864,0.270862,50,5.4,19.542196,7.623464,18.069627,11.902407,6.714696,5.727801,5.637235,2.191071,334.3
2022 to 2024,S12000036,City of Edinburgh,Female,01 to 04,63.3,60.2,66.4,597,5049,8.710218,38.525963,12.060302,43.383585,229062,58.404275,2.45654,39.136566,3.462818,19.962281,4.306694,6.800342,37.987921,10.584384,514543,15.120408,2.503581,8.564882,1.838913,0.275779,1.936864,0.270862,50,5.4,19.542196,7.623464,18.069627,11.902407,6.714696,5.727801,5.637235,2.191071,334.3
2022 to 2024,S12000036,City of Edinburgh,Female,05 to 09,59.5,56.7,62.3,597,5049,8.710218,38.525963,12.060302,43.383585,229062,58.404275,2.45654,39.136566,3.462818,19.962281,4.306694,6.800342,37.987921,10.584384,514543,15.120408,2.503581,8.564882,1.838913,0.275779,1.936864,0.270862,50,5.4,19.542196,7.623464,18.069627,11.902407,6.714696,5.727801,5.637235,2.191071,334.3
2022 to 2024,S12000036,City of Edinburgh,Female,10 to 14,54.8,52.4,57.3,597,5049,8.710218,38.525963,12.060302,43.383585,229062,58.404275,2.45654,39.136566,3.462818,19.962281,4.306694,6.800342,37.987921,10.584384,514543,15.120408,2.503581,8.564882,1.838913,0.275779,1.936864,0.270862,50,5.4,19.542196,7.623464,18.069627,11.902407,6.714696,5.727801,5.637235,2.191071,334.3
2022 to 2024,S12000036,City of Edinburgh,Female,15 to 19,50.2,48,52.5,597,5049,8.710218,38.525963,12.060302,43.383585,229062,58.404275,2.45654,39.136566,3.462818,19.962281,4.306694,6.800342,37.987921,10.584384,514543,15.120408,2.503581,8.564882,1.838913,0.275779,1.936864,0.270862,50,5.4,19.542196,7.623464,18.069627,11.902407,6.714696,5.727801,5.637235,2.191071,334.3
2022 to 2024,S12000036,City of Edinburgh,Female,20 to 24,45.8,43.6,48,597,5049,8.710218,38.525963,12.060302,43.383585,229062,58.404275,2.45654,39.136566,3.462818,19.962281,4.306694,6.800342,37.987921,10.584384,514543,15.120408,2.503581,8.564882,1.838913,0.275779,1.936864,0.270862,50,5.4,19.542196,7.623464,18.069627,11.902407,6.714696,5.727801,5.637235,2.191071,334.3
2022 to 2024,S12000036,City of Edinburgh,Female,25 to 29,41.5,39.4,43.7,597,5049,8.710218,38.525963,12.060302,43.383585,229062,58.404275,2.45654,39.136566,3.462818,19.962281,4.306694,6.800342,37.987921,10.584384,514543,15.120408,2.503581,8.564882,1.838913,0.275779,1.936864,0.270862,50,5.4,19.542196,7.623464,18.069627,11.902407,6.714696,5.727801,5.637235,2.191071,334.3
2022 to 2024,S12000036,City of Edinburgh,Female,30 to 34,37.3,35.2,39.4,597,5049,8.710218,38.525963,12.060302,43.383585,229062,58.404275,2.45654,39.136566,3.462818,19.962281,4.306694,6.800342,37.987921,10.584384,514543,15.120408,2.503581,8.564882,1.838913,0.275779,1.936864,0.270862,50,5.4,19.542196,7.623464,18.069627,11.902407,6.714696,5.727801,5.637235,2.191071,334.3
2022 to 2024,S12000036,City of Edinburgh,Female,35 to 39,33.1,31,35.1,597,5049,8.710218,38.525963,12.060302,43.383585,229062,58.404275,2.45654,39.136566,3.462818,19.962281,4.306694,6.800342,37.987921,10.584384,514543,15.120408,2.503581,8.564882,1.838913,0.275779,1.936864,0.270862,50,5.4,19.542196,7.623464,18.069627,11.902407,6.714696,5.727801,5.637235,2.191071,334.3
2022 to 2024,S12000036,City of Edinburgh,Female,40 to 44,29.1,27.1,31.1,597,5049,8.710218,38.525963,12.060302,43.383585,229062,58.404275,2.45654,39.136566,3.462818,19.962281,4.306694,6.800342,37.987921,10.584384,514543,15.120408,2.503581,8.564882,1.838913,0.275779,1.936864,0.270862,50,5.4,19.542196,7.623464,18.069627,11.902407,6.714696,5.727801,5.637235,2.191071,334.3
2022 to 2024,S12000036,City of Edinburgh,Female,45 to 49,25.2,23.3,27.2,597,5049,8.710218,38.525963,12.060302,43.383585,229062,58.404275,2.45654,39.136566,3.462818,19.962281,4.306694,6.800342,37.987921,10.584384,514543,15.120408,2.503581,8.564882,1.838913,0.275779,1.936864,0.270862,50,5.4,19.542196,7.623464,18.069627,11.902407,6.714696,5.727801,5.637235,2.191071,334.3
2022 to 2024,S12000036,City of Edinburgh,Female,50 to 54,21.6,19.7,23.5,597,5049,8.710218,38.525963,12.060302,43.383585,229062,58.404275,2.45654,39.136566,3.462818,19.962281,4.306694,6.800342,37.987921,10.584384,514543,15.120408,2.503581,8.564882,1.838913,0.275779,1.936864,0.270862,50,5.4,19.542196,7.623464,18.069627,11.902407,6.714696,5.727801,5.637235,2.191071,334.3
2022 to 2024,S12000036,City of Edinburgh,Female,55 to 59,18.2,16.4,20,597,5049,8.710218,38.525963,12.060302,43.383585,229062,58.404275,2.45654,39.136566,3.462818,19.962281,4.306694,6.800342,37.987921,10.584384,514543,15.120408,2.503581,8.564882,1.838913,0.275779,1.936864,0.270862,50,5.4,19.542196,7.623464,18.069627,11.902407,6.714696,5.727801,5.637235,2.191071,334.3
2022 to 2024,S12000036,City of Edinburgh,Female,60 to 64,15,13.2,16.8,597,5049,8.710218,38.525963,12.060302,43.383585,229062,58.404275,2.45654,39.136566,3.462818,19.962281,4.306694,6.800342,37.987921,10.584384,514543,15.120408,2.503581,8.564882,1.838913,0.275779,1.936864,0.270862,50,5.4,19.542196,7.623464,18.069627,11.902407,6.714696,5.727801,5.637235,2.191071,334.3
2022 to 2024,S12000036,City of Edinburgh,Female,65 to 69,12,10.2,13.8,597,5049,8.710218,38.525963,12.060302,43.383585,229062,58.404275,2.45654,39.136566,3.462818,19.962281,4.306694,6.800342,37.987921,10.584384,514543,15.120408,2.503581,8.564882,1.838913,0.275779,1.936864,0.270862,50,5.4,19.542196,7.623464,18.069627,11.902407,6.714696,5.727801,5.637235,2.191071,334.3
2022 to 2024,S12000036,City of Edinburgh,Female,70 to 74,9.2,7.4,11,597,5049,8.710218,38.525963,12.060302,43.383585,229062,58.404275,2.45654,39.136566,3.462818,19.962281,4.306694,6.800342,37.987921,10.584384,514543,15.120408,2.503581,8.564882,1.838913,0.275779,1.936864,0.270862,50,5.4,19.542196,7.623464,18.069627,11.902407,6.714696,5.727801,5.637235,2.191071,334.3
2022 to 2024,S12000036,City of Edinburgh,Female,75 to 79,6.6,4.7,8.4,597,5049,8.710218,38.525963,12.060302,43.383585,229062,58.404275,2.45654,39.136566,3.462818,19.962281,4.306694,6.800342,37.987921,10.584384,514543,15.120408,2.503581,8.564882,1.838913,0.275779,1.936864,0.270862,50,5.4,19.542196,7.623464,18.069627,11.902407,6.714696,5.727801,5.637235,2.191071,334.3
2022 to 2024,S12000036,City of Edinburgh,Female,80 to 84,4.3,2.4,6.3,597,5049,8.710218,38.525963,12.060302,43.383585,229062,58.404275,2.45654,39.136566,3.462818,19.962281,4.306694,6.800342,37.987921,10.584384,514543,15.120408,2.503581,8.564882,1.838913,0.275779,1.936864,0.270862,50,5.4,19.542196,7.623464,18.069627,11.902407,6.714696,5.727801,5.637235,2.191071,334.3
2022 to 2024,S12000036,City of Edinburgh,Female,85 to 89,2.7,1.5,3.9,597,5049,8.710218,38.525963,12.060302,43.383585,229062,58.404275,2.45654,39.136566,3.462818,19.962281,4.306694,6.800342,37.987921,10.584384,514543,15.120408,2.503581,8.564882,1.838913,0.275779,1.936864,0.270862,50,5.4,19.542196,7.623464,18.069627,11.902407,6.714696,5.727801,5.637235,2.191071,334.3
2022 to 2024,S12000036,City of Edinburgh,Female,90+,1.6,0.9,2.3,597,5049,8.710218,38.525963,12.060302,43.383585,229062,58.404275,2.45654,39.136566,3.462818,19.962281,4.306694,6.800342,37.987921,10.584384,514543,15.120408,2.503581,8.564882,1.838913,0.275779,1.936864,0.270862,50,5.4,19.542196,7.623464,18.069627,11.902407,6.714696,5.727801,5.637235,2.191071,334.3
2022 to 2024,S12000036,City of Edinburgh,Male,<1,63.2,60.1,66.2,597,5049,8.710218,38.525963,12.060302,43.383585,210465,64.223505,2.953935,32.82256,3.762621,16.914926,1.093769,5.769605,19.28267,16.344845,514543,15.120408,2.503581,8.564882,1.838913,0.275779,1.936864,0.270862,50,5.4,19.542196,7.623464,18.069627,11.902407,6.714696,5.727801,5.637235,2.191071,334.3
2022 to 2024,S12000036,City of Edinburgh,Male,01 to 04,62.5,59.5,65.4,597,5049,8.710218,38.525963,12.060302,43.383585,210465,64.223505,2.953935,32.82256,3.762621,16.914926,1.093769,5.769605,19.28267,16.344845,514543,15.120408,2.503581,8.564882,1.838913,0.275779,1.936864,0.270862,50,5.4,19.542196,7.623464,18.069627,11.902407,6.714696,5.727801,5.637235,2.191071,334.3
2022 to 2024,S12000036,City of Edinburgh,Male,05 to 09,58.7,56.1,61.3,597,5049,8.710218,38.525963,12.060302,43.383585,210465,64.223505,2.953935,32.82256,3.762621,16.914926,1.093769,5.769605,19.28267,16.344845,514543,15.120408,2.503581,8.564882,1.838913,0.275779,1.936864,0.270862,50,5.4,19.542196,7.623464,18.069627,11.902407,6.714696,5.727801,5.637235,2.191071,334.3
2022 to 2024,S12000036,City of Edinburgh,Male,10 to 14,54,51.7,56.2,597,5049,8.710218,38.525963,12.060302,43.383585,210465,64.223505,2.953935,32.82256,3.762621,16.914926,1.093769,5.769605,19.28267,16.344845,514543,15.120408,2.503581,8.564882,1.838913,0.275779,1.936864,0.270862,50,5.4,19.542196,7.623464,18.069627,11.902407,6.714696,5.727801,5.637235,2.191071,334.3
2022 to 2024,S12000036,City of Edinburgh,Male,15 to 19,49.4,47.4,51.4,597,5049,8.710218,38.525963,12.060302,43.383585,210465,64.223505,2.953935,32.82256,3.762621,16.914926,1.093769,5.769605,19.28267,16.344845,514543,15.120408,2.503581,8.564882,1.838913,0.275779,1.936864,0.270862,50,5.4,19.542196,7.623464,18.069627,11.902407,6.714696,5.727801,5.637235,2.191071,334.3
2022 to 2024,S12000036,City of Edinburgh,Male,20 to 24,44.8,42.9,46.7,597,5049,8.710218,38.525963,12.060302,43.383585,210465,64.223505,2.953935,32.82256,3.762621,16.914926,1.093769,5.769605,19.28267,16.344845,514543,15.120408,2.503581,8.564882,1.838913,0.275779,1.936864,0.270862,50,5.4,19.542196,7.623464,18.069627,11.902407,6.714696,5.727801,5.637235,2.191071,334.3
2022 to 2024,S12000036,City of Edinburgh,Male,25 to 29,40.4,38.5,42.2,597,5049,8.710218,38.525963,12.060302,43.383585,210465,64.223505,2.953935,32.82256,3.762621,16.914926,1.093769,5.769605,19.28267,16.344845,514543,15.120408,2.503581,8.564882,1.838913,0.275779,1.936864,0.270862,50,5.4,19.542196,7.623464,18.069627,11.902407,6.714696,5.727801,5.637235,2.191071,334.3
2022 to 2024,S12000036,City of Edinburgh,Male,30 to 34,36,34.2,37.8,597,5049,8.710218,38.525963,12.060302,43.383585,210465,64.223505,2.953935,32.82256,3.762621,16.914926,1.093769,5.769605,19.28267,16.344845,514543,15.120408,2.503581,8.564882,1.838913,0.275779,1.936864,0.270862,50,5.4,19.542196,7.623464,18.069627,11.902407,6.714696,5.727801,5.637235,2.191071,334.3
2022 to 2024,S12000036,City of Edinburgh,Male,35 to 39,31.8,30.1,33.6,597,5049,8.710218,38.525963,12.060302,43.383585,210465,64.223505,2.953935,32.82256,3.762621,16.914926,1.093769,5.769605,19.28267,16.344845,514543,15.120408,2.503581,8.564882,1.838913,0.275779,1.936864,0.270862,50,5.4,19.542196,7.623464,18.069627,11.902407,6.714696,5.727801,5.637235,2.191071,334.3
2022 to 2024,S12000036,City of Edinburgh,Male,40 to 44,27.8,26.1,29.5,597,5049,8.710218,38.525963,12.060302,43.383585,210465,64.223505,2.953935,32.82256,3.762621,16.914926,1.093769,5.769605,19.28267,16.344845,514543,15.120408,2.503581,8.564882,1.838913,0.275779,1.936864,0.270862,50,5.4,19.542196,7.623464,18.069627,11.902407,6.714696,5.727801,5.637235,2.191071,334.3
2022 to 2024,S12000036,City of Edinburgh,Male,45 to 49,23.9,22.3,25.6,597,5049,8.710218,38.525963,12.060302,43.383585,210465,64.223505,2.953935,32.82256,3.762621,16.914926,1.093769,5.769605,19.28267,16.344845,514543,15.120408,2.503581,8.564882,1.838913,0.275779,1.936864,0.270862,50,5.4,19.542196,7.623464,18.069627,11.902407,6.714696,5.727801,5.637235,2.191071,334.3
2022 to 2024,S12000036,City of Edinburgh,Male,50 to 54,20.2,18.6,21.8,597,5049,8.710218,38.525963,12.060302,43.383585,210465,64.223505,2.953935,32.82256,3.762621,16.914926,1.093769,5.769605,19.28267,16.344845,514543,15.120408,2.503581,8.564882,1.838913,0.275779,1.936864,0.270862,50,5.4,19.542196,7.623464,18.069627,11.902407,6.714696,5.727801,5.637235,2.191071,334.3
2022 to 2024,S12000036,City of Edinburgh,Male,55 to 59,16.9,15.3,18.4,597,5049,8.710218,38.525963,12.060302,43.383585,210465,64.223505,2.953935,32.82256,3.762621,16.914926,1.093769,5.769605,19.28267,16.344845,514543,15.120408,2.503581,8.564882,1.838913,0.275779,1.936864,0.270862,50,5.4,19.542196,7.623464,18.069627,11.902407,6.714696,5.727801,5.637235,2.191071,334.3
2022 to 2024,S12000036,City of Edinburgh,Male,60 to 64,13.8,12.4,15.3,597,5049,8.710218,38.525963,12.060302,43.383585,210465,64.223505,2.953935,32.82256,3.762621,16.914926,1.093769,5.769605,19.28267,16.344845,514543,15.120408,2.503581,8.564882,1.838913,0.275779,1.936864,0.270862,50,5.4,19.542196,7.623464,18.069627,11.902407,6.714696,5.727801,5.637235,2.191071,334.3
2022 to 2024,S12000036,City of Edinburgh,Male,65 to 69,11,9.6,12.4,597,5049,8.710218,38.525963,12.060302,43.383585,210465,64.223505,2.953935,32.82256,3.762621,16.914926,1.093769,5.769605,19.28267,16.344845,514543,15.120408,2.503581,8.564882,1.838913,0.275779,1.936864,0.270862,50,5.4,19.542196,7.623464,18.069627,11.902407,6.714696,5.727801,5.637235,2.191071,334.3
2022 to 2024,S12000036,City of Edinburgh,Male,70 to 74,8.4,7,9.9,597,5049,8.710218,38.525963,12.060302,43.383585,210465,64.223505,2.953935,32.82256,3.762621,16.914926,1.093769,5.769605,19.28267,16.344845,514543,15.120408,2.503581,8.564882,1.838913,0.275779,1.936864,0.270862,50,5.4,19.542196,7.623464,18.069627,11.902407,6.714696,5.727801,5.637235,2.191071,334.3
2022 to 2024,S12000036,City of Edinburgh,Male,75 to 79,6.2,4.7,7.6,597,5049,8.710218,38.525963,12.060302,43.383585,210465,64.223505,2.953935,32.82256,3.762621,16.914926,1.093769,5.769605,19.28267,16.344845,514543,15.120408,2.503581,8.564882,1.838913,0.275779,1.936864,0.270862,50,5.4,19.542196,7.623464,18.069627,11.902407,6.714696,5.727801,5.637235,2.191071,334.3
2022 to 2024,S12000036,City of Edinburgh,Male,80 to 84,4.3,2.7,5.8,597,5049,8.710218,38.525963,12.060302,43.383585,210465,64.223505,2.953935,32.82256,3.762621,16.914926,1.093769,5.769605,19.28267,16.344845,514543,15.120408,2.503581,8.564882,1.838913,0.275779,1.936864,0.270862,50,5.4,19.542196,7.623464,18.069627,11.902407,6.714696,5.727801,5.637235,2.191071,334.3
2022 to 2024,S12000036,City of Edinburgh,Male,85 to 89,2.8,1.8,3.9,597,5049,8.710218,38.525963,12.060302,43.383585,210465,64.223505,2.953935,32.82256,3.762621,16.914926,1.093769,5.769605,19.28267,16.344845,514543,15.120408,2.503581,8.564882,1.838913,0.275779,1.936864,0.270862,50,5.4,19.542196,7.623464,18.069627,11.902407,6.714696,5.727801,5.637235,2.191071,334.3
2022 to 2024,S12000036,City of Edinburgh,Male,90+,1.9,1.2,2.7,597,5049,8.710218,38.525963,12.060302,43.383585,210465,64.223505,2.953935,32.82256,3.762621,16.914926,1.093769,5.769605,19.28267,16.344845,514543,15.120408,2.503581,8.564882,1.838913,0.275779,1.936864,0.270862,50,5.4,19.542196,7.623464,18.069627,11.902407,6.714696,5.727801,5.637235,2.191071,334.3
2022 to 2024,S12000005,Clackmannanshire,Female,<1,54.9,49.5,60.2,72,2721.5,19.444444,6.944444,27.777778,16.666667,22213,54.179985,2.04835,43.803178,6.460181,26.660064,5.316706,3.092784,41.960947,8.300789,51778,3.109429,0.621886,1.502569,0.345707,0.04442,0.594847,0.06091,26,7.3,25.980146,11.682568,22.273939,12.412608,10.60489,5.396114,7.738808,2.57059,344.3
2022 to 2024,S12000005,Clackmannanshire,Female,01 to 04,54,48.8,59.2,72,2721.5,19.444444,6.944444,27.777778,16.666667,22213,54.179985,2.04835,43.803178,6.460181,26.660064,5.316706,3.092784,41.960947,8.300789,51778,3.109429,0.621886,1.502569,0.345707,0.04442,0.594847,0.06091,26,7.3,25.980146,11.682568,22.273939,12.412608,10.60489,5.396114,7.738808,2.57059,344.3
2022 to 2024,S12000005,Clackmannanshire,Female,05 to 09,50.5,45.9,55.1,72,2721.5,19.444444,6.944444,27.777778,16.666667,22213,54.179985,2.04835,43.803178,6.460181,26.660064,5.316706,3.092784,41.960947,8.300789,51778,3.109429,0.621886,1.502569,0.345707,0.04442,0.594847,0.06091,26,7.3,25.980146,11.682568,22.273939,12.412608,10.60489,5.396114,7.738808,2.57059,344.3
2022 to 2024,S12000005,Clackmannanshire,Female,10 to 14,46.2,42.2,50.3,72,2721.5,19.444444,6.944444,27.777778,16.666667,22213,54.179985,2.04835,43.803178,6.460181,26.660064,5.316706,3.092784,41.960947,8.300789,51778,3.109429,0.621886,1.502569,0.345707,0.04442,0.594847,0.06091,26,7.3,25.980146,11.682568,22.273939,12.412608,10.60489,5.396114,7.738808,2.57059,344.3
2022 to 2024,S12000005,Clackmannanshire,Female,15 to 19,42.1,38.4,45.7,72,2721.5,19.444444,6.944444,27.777778,16.666667,22213,54.179985,2.04835,43.803178,6.460181,26.660064,5.316706,3.092784,41.960947,8.300789,51778,3.109429,0.621886,1.502569,0.345707,0.04442,0.594847,0.06091,26,7.3,25.980146,11.682568,22.273939,12.412608,10.60489,5.396114,7.738808,2.57059,344.3
2022 to 2024,S12000005,Clackmannanshire,Female,20 to 24,38.1,34.5,41.6,72,2721.5,19.444444,6.944444,27.777778,16.666667,22213,54.179985,2.04835,43.803178,6.460181,26.660064,5.316706,3.092784,41.960947,8.300789,51778,3.109429,0.621886,1.502569,0.345707,0.04442,0.594847,0.06091,26,7.3,25.980146,11.682568,22.273939,12.412608,10.60489,5.396114,7.738808,2.57059,344.3
2022 to 2024,S12000005,Clackmannanshire,Female,25 to 29,34.2,30.8,37.6,72,2721.5,19.444444,6.944444,27.777778,16.666667,22213,54.179985,2.04835,43.803178,6.460181,26.660064,5.316706,3.092784,41.960947,8.300789,51778,3.109429,0.621886,1.502569,0.345707,0.04442,0.594847,0.06091,26,7.3,25.980146,11.682568,22.273939,12.412608,10.60489,5.396114,7.738808,2.57059,344.3
2022 to 2024,S12000005,Clackmannanshire,Female,30 to 34,30.3,27.2,33.4,72,2721.5,19.444444,6.944444,27.777778,16.666667,22213,54.179985,2.04835,43.803178,6.460181,26.660064,5.316706,3.092784,41.960947,8.300789,51778,3.109429,0.621886,1.502569,0.345707,0.04442,0.594847,0.06091,26,7.3,25.980146,11.682568,22.273939,12.412608,10.60489,5.396114,7.738808,2.57059,344.3
2022 to 2024,S12000005,Clackmannanshire,Female,35 to 39,26.6,23.7,29.6,72,2721.5,19.444444,6.944444,27.777778,16.666667,22213,54.179985,2.04835,43.803178,6.460181,26.660064,5.316706,3.092784,41.960947,8.300789,51778,3.109429,0.621886,1.502569,0.345707,0.04442,0.594847,0.06091,26,7.3,25.980146,11.682568,22.273939,12.412608,10.60489,5.396114,7.738808,2.57059,344.3
2022 to 2024,S12000005,Clackmannanshire,Female,40 to 44,23.3,20.4,26.1,72,2721.5,19.444444,6.944444,27.777778,16.666667,22213,54.179985,2.04835,43.803178,6.460181,26.660064,5.316706,3.092784,41.960947,8.300789,51778,3.109429,0.621886,1.502569,0.345707,0.04442,0.594847,0.06091,26,7.3,25.980146,11.682568,22.273939,12.412608,10.60489,5.396114,7.738808,2.57059,344.3
2022 to 2024,S12000005,Clackmannanshire,Female,45 to 49,20,17.3,22.6,72,2721.5,19.444444,6.944444,27.777778,16.666667,22213,54.179985,2.04835,43.803178,6.460181,26.660064,5.316706,3.092784,41.960947,8.300789,51778,3.109429,0.621886,1.502569,0.345707,0.04442,0.594847,0.06091,26,7.3,25.980146,11.682568,22.273939,12.412608,10.60489,5.396114,7.738808,2.57059,344.3
2022 to 2024,S12000005,Clackmannanshire,Female,50 to 54,16.9,14.5,19.3,72,2721.5,19.444444,6.944444,27.777778,16.666667,22213,54.179985,2.04835,43.803178,6.460181,26.660064,5.316706,3.092784,41.960947,8.300789,51778,3.109429,0.621886,1.502569,0.345707,0.04442,0.594847,0.06091,26,7.3,25.980146,11.682568,22.273939,12.412608,10.60489,5.396114,7.738808,2.57059,344.3
2022 to 2024,S12000005,Clackmannanshire,Female,55 to 59,14.1,11.8,16.4,72,2721.5,19.444444,6.944444,27.777778,16.666667,22213,54.179985,2.04835,43.803178,6.460181,26.660064,5.316706,3.092784,41.960947,8.300789,51778,3.109429,0.621886,1.502569,0.345707,0.04442,0.594847,0.06091,26,7.3,25.980146,11.682568,22.273939,12.412608,10.60489,5.396114,7.738808,2.57059,344.3
2022 to 2024,S12000005,Clackmannanshire,Female,60 to 64,11.3,9.1,13.5,72,2721.5,19.444444,6.944444,27.777778,16.666667,22213,54.179985,2.04835,43.803178,6.460181,26.660064,5.316706,3.092784,41.960947,8.300789,51778,3.109429,0.621886,1.502569,0.345707,0.04442,0.594847,0.06091,26,7.3,25.980146,11.682568,22.273939,12.412608,10.60489,5.396114,7.738808,2.57059,344.3
2022 to 2024,S12000005,Clackmannanshire,Female,65 to 69,8.9,6.7,11.1,72,2721.5,19.444444,6.944444,27.777778,16.666667,22213,54.179985,2.04835,43.803178,6.460181,26.660064,5.316706,3.092784,41.960947,8.300789,51778,3.109429,0.621886,1.502569,0.345707,0.04442,0.594847,0.06091,26,7.3,25.980146,11.682568,22.273939,12.412608,10.60489,5.396114,7.738808,2.57059,344.3
2022 to 2024,S12000005,Clackmannanshire,Female,70 to 74,6.6,4.5,8.8,72,2721.5,19.444444,6.944444,27.777778,16.666667,22213,54.179985,2.04835,43.803178,6.460181,26.660064,5.316706,3.092784,41.960947,8.300789,51778,3.109429,0.621886,1.502569,0.345707,0.04442,0.594847,0.06091,26,7.3,25.980146,11.682568,22.273939,12.412608,10.60489,5.396114,7.738808,2.57059,344.3
2022 to 2024,S12000005,Clackmannanshire,Female,75 to 79,4.7,2.5,6.9,72,2721.5,19.444444,6.944444,27.777778,16.666667,22213,54.179985,2.04835,43.803178,6.460181,26.660064,5.316706,3.092784,41.960947,8.300789,51778,3.109429,0.621886,1.502569,0.345707,0.04442,0.594847,0.06091,26,7.3,25.980146,11.682568,22.273939,12.412608,10.60489,5.396114,7.738808,2.57059,344.3
2022 to 2024,S12000005,Clackmannanshire,Female,80 to 84,3.2,0.8,5.6,72,2721.5,19.444444,6.944444,27.777778,16.666667,22213,54.179985,2.04835,43.803178,6.460181,26.660064,5.316706,3.092784,41.960947,8.300789,51778,3.109429,0.621886,1.502569,0.345707,0.04442,0.594847,0.06091,26,7.3,25.980146,11.682568,22.273939,12.412608,10.60489,5.396114,7.738808,2.57059,344.3
2022 to 2024,S12000005,Clackmannanshire,Female,85 to 89,1.9,0.5,3.3,72,2721.5,19.444444,6.944444,27.777778,16.666667,22213,54.179985,2.04835,43.803178,6.460181,26.660064,5.316706,3.092784,41.960947,8.300789,51778,3.109429,0.621886,1.502569,0.345707,0.04442,0.594847,0.06091,26,7.3,25.980146,11.682568,22.273939,12.412608,10.60489,5.396114,7.738808,2.57059,344.3
2022 to 2024,S12000005,Clackmannanshire,Female,90+,1,0.3,1.8,72,2721.5,19.444444,6.944444,27.777778,16.666667,22213,54.179985,2.04835,43.803178,6.460181,26.660064,5.316706,3.092784,41.960947,8.300789,51778,3.109429,0.621886,1.502569,0.345707,0.04442,0.594847,0.06091,26,7.3,25.980146,11.682568,22.273939,12.412608,10.60489,5.396114,7.738808,2.57059,344.3
2022 to 2024,S12000005,Clackmannanshire,Male,<1,54.8,49.6,60,72,2721.5,19.444444,6.944444,27.777778,16.666667,20852,57.19835,3.083637,39.718013,5.90351,23.94015,1.616152,1.990217,14.236606,14.328834,51778,3.109429,0.621886,1.502569,0.345707,0.04442,0.594847,0.06091,26,7.3,25.980146,11.682568,22.273939,12.412608,10.60489,5.396114,7.738808,2.57059,344.3
2022 to 2024,S12000005,Clackmannanshire,Male,01 to 04,54.3,49.2,59.4,72,2721.5,19.444444,6.944444,27.777778,16.666667,20852,57.19835,3.083637,39.718013,5.90351,23.94015,1.616152,1.990217,14.236606,14.328834,51778,3.109429,0.621886,1.502569,0.345707,0.04442,0.594847,0.06091,26,7.3,25.980146,11.682568,22.273939,12.412608,10.60489,5.396114,7.738808,2.57059,344.3
2022 to 2024,S12000005,Clackmannanshire,Male,05 to 09,50.7,46.1,55.2,72,2721.5,19.444444,6.944444,27.777778,16.666667,20852,57.19835,3.083637,39.718013,5.90351,23.94015,1.616152,1.990217,14.236606,14.328834,51778,3.109429,0.621886,1.502569,0.345707,0.04442,0.594847,0.06091,26,7.3,25.980146,11.682568,22.273939,12.412608,10.60489,5.396114,7.738808,2.57059,344.3
2022 to 2024,S12000005,Clackmannanshire,Male,10 to 14,46.3,42.3,50.3,72,2721.5,19.444444,6.944444,27.777778,16.666667,20852,57.19835,3.083637,39.718013,5.90351,23.94015,1.616152,1.990217,14.236606,14.328834,51778,3.109429,0.621886,1.502569,0.345707,0.04442,0.594847,0.06091,26,7.3,25.980146,11.682568,22.273939,12.412608,10.60489,5.396114,7.738808,2.57059,344.3
2022 to 2024,S12000005,Clackmannanshire,Male,15 to 19,41.9,38.2,45.5,72,2721.5,19.444444,6.944444,27.777778,16.666667,20852,57.19835,3.083637,39.718013,5.90351,23.94015,1.616152,1.990217,14.236606,14.328834,51778,3.109429,0.621886,1.502569,0.345707,0.04442,0.594847,0.06091,26,7.3,25.980146,11.682568,22.273939,12.412608,10.60489,5.396114,7.738808,2.57059,344.3
2022 to 2024,S12000005,Clackmannanshire,Male,20 to 24,37.7,34.1,41.2,72,2721.5,19.444444,6.944444,27.777778,16.666667,20852,57.19835,3.083637,39.718013,5.90351,23.94015,1.616152,1.990217,14.236606,14.328834,51778,3.109429,0.621886,1.502569,0.345707,0.04442,0.594847,0.06091,26,7.3,25.980146,11.682568,22.273939,12.412608,10.60489,5.396114,7.738808,2.57059,344.3
2022 to 2024,S12000005,Clackmannanshire,Male,25 to 29,33.5,30.2,36.9,72,2721.5,19.444444,6.944444,27.777778,16.666667,20852,57.19835,3.083637,39.718013,5.90351,23.94015,1.616152,1.990217,14.236606,14.328834,51778,3.109429,0.621886,1.502569,0.345707,0.04442,0.594847,0.06091,26,7.3,25.980146,11.682568,22.273939,12.412608,10.60489,5.396114,7.738808,2.57059,344.3
2022 to 2024,S12000005,Clackmannanshire,Male,30 to 34,29.8,26.6,32.9,72,2721.5,19.444444,6.944444,27.777778,16.666667,20852,57.19835,3.083637,39.718013,5.90351,23.94015,1.616152,1.990217,14.236606,14.328834,51778,3.109429,0.621886,1.502569,0.345707,0.04442,0.594847,0.06091,26,7.3,25.980146,11.682568,22.273939,12.412608,10.60489,5.396114,7.738808,2.57059,344.3
2022 to 2024,S12000005,Clackmannanshire,Male,35 to 39,26.1,23,29.1,72,2721.5,19.444444,6.944444,27.777778,16.666667,20852,57.19835,3.083637,39.718013,5.90351,23.94015,1.616152,1.990217,14.236606,14.328834,51778,3.109429,0.621886,1.502569,0.345707,0.04442,0.594847,0.06091,26,7.3,25.980146,11.682568,22.273939,12.412608,10.60489,5.396114,7.738808,2.57059,344.3
2022 to 2024,S12000005,Clackmannanshire,Male,40 to 44,22.7,19.9,25.4,72,2721.5,19.444444,6.944444,27.777778,16.666667,20852,57.19835,3.083637,39.718013,5.90351,23.94015,1.616152,1.990217,14.236606,14.328834,51778,3.109429,0.621886,1.502569,0.345707,0.04442,0.594847,0.06091,26,7.3,25.980146,11.682568,22.273939,12.412608,10.60489,5.396114,7.738808,2.57059,344.3
2022 to 2024,S12000005,Clackmannanshire,Male,45 to 49,19.2,16.7,21.8,72,2721.5,19.444444,6.944444,27.777778,16.666667,20852,57.19835,3.083637,39.718013,5.90351,23.94015,1.616152,1.990217,14.236606,14.328834,51778,3.109429,0.621886,1.502569,0.345707,0.04442,0.594847,0.06091,26,7.3,25.980146,11.682568,22.273939,12.412608,10.60489,5.396114,7.738808,2.57059,344.3
2022 to 2024,S12000005,Clackmannanshire,Male,50 to 54,16.2,13.9,18.5,72,2721.5,19.444444,6.944444,27.777778,16.666667,20852,57.19835,3.083637,39.718013,5.90351,23.94015,1.616152,1.990217,14.236606,14.328834,51778,3.109429,0.621886,1.502569,0.345707,0.04442,0.594847,0.06091,26,7.3,25.980146,11.682568,22.273939,12.412608,10.60489,5.396114,7.738808,2.57059,344.3
2022 to 2024,S12000005,Clackmannanshire,Male,55 to 59,13.1,11,15.3,72,2721.5,19.444444,6.944444,27.777778,16.666667,20852,57.19835,3.083637,39.718013,5.90351,23.94015,1.616152,1.990217,14.236606,14.328834,51778,3.109429,0.621886,1.502569,0.345707,0.04442,0.594847,0.06091,26,7.3,25.980146,11.682568,22.273939,12.412608,10.60489,5.396114,7.738808,2.57059,344.3
2022 to 2024,S12000005,Clackmannanshire,Male,60 to 64,10.3,8.3,12.4,72,2721.5,19.444444,6.944444,27.777778,16.666667,20852,57.19835,3.083637,39.718013,5.90351,23.94015,1.616152,1.990217,14.236606,14.328834,51778,3.109429,0.621886,1.502569,0.345707,0.04442,0.594847,0.06091,26,7.3,25.980146,11.682568,22.273939,12.412608,10.60489,5.396114,7.738808,2.57059,344.3
2022 to 2024,S12000005,Clackmannanshire,Male,65 to 69,8,6,10,72,2721.5,19.444444,6.944444,27.777778,16.666667,20852,57.19835,3.083637,39.718013,5.90351,23.94015,1.616152,1.990217,14.236606,14.328834,51778,3.109429,0.621886,1.502569,0.345707,0.04442,0.594847,0.06091,26,7.3,25.980146,11.682568,22.273939,12.412608,10.60489,5.396114,7.738808,2.57059,344.3
2022 to 2024,S12000005,Clackmannanshire,Male,70 to 74,5.9,4.1,7.8,72,2721.5,19.444444,6.944444,27.777778,16.666667,20852,57.19835,3.083637,39.718013,5.90351,23.94015,1.616152,1.990217,14.236606,14.328834,51778,3.109429,0.621886,1.502569,0.345707,0.04442,0.594847,0.06091,26,7.3,25.980146,11.682568,22.273939,12.412608,10.60489,5.396114,7.738808,2.57059,344.3
2022 to 2024,S12000005,Clackmannanshire,Male,75 to 79,4,2.2,5.9,72,2721.5,19.444444,6.944444,27.777778,16.666667,20852,57.19835,3.083637,39.718013,5.90351,23.94015,1.616152,1.990217,14.236606,14.328834,51778,3.109429,0.621886,1.502569,0.345707,0.04442,0.594847,0.06091,26,7.3,25.980146,11.682568,22.273939,12.412608,10.60489,5.396114,7.738808,2.57059,344.3
2022 to 2024,S12000005,Clackmannanshire,Male,80 to 84,2.5,0.5,4.5,72,2721.5,19.444444,6.944444,27.777778,16.666667,20852,57.19835,3.083637,39.718013,5.90351,23.94015,1.616152,1.990217,14.236606,14.328834,51778,3.109429,0.621886,1.502569,0.345707,0.04442,0.594847,0.06091,26,7.3,25.980146,11.682568,22.273939,12.412608,10.60489,5.396114,7.738808,2.57059,344.3
2022 to 2024,S12000005,Clackmannanshire,Male,85 to 89,1.5,0.3,2.7,72,2721.5,19.444444,6.944444,27.777778,16.666667,20852,57.19835,3.083637,39.718013,5.90351,23.94015,1.616152,1.990217,14.236606,14.328834,51778,3.109429,0.621886,1.502569,0.345707,0.04442,0.594847,0.06091,26,7.3,25.980146,11.682568,22.273939,12.412608,10.60489,5.396114,7.738808,2.57059,344.3
2022 to 2024,S12000005,Clackmannanshire,Male,90+,0.9,0.2,1.6,72,2721.5,19.444444,6.944444,27.777778,16.666667,20852,57.19835,3.083637,39.718013,5.90351,23.94015,1.616152,1.990217,14.236606,14.328834,51778,3.109429,0.621886,1.502569,0.345707,0.04442,0.594847,0.06091,26,7.3,25.980146,11.682568,22.273939,12.412608,10.60489,5.396114,7.738808,2.57059,344.3
2022 to 2024,S12000006,Dumfries and Galloway,Female,<1,59.1,52.6,65.5,201,3283,6.965174,5.472637,9.452736,7.960199,64402,51.198721,1.549641,47.251638,5.48896,32.422906,4.922207,2.47042,47.981682,12.786219,145895,1.926043,0.627163,0.73546,0.187806,0.069228,0.306385,0.038043,26,6.5,27.203126,11.994242,23.650571,10.236814,11.587786,4.564241,9.210048,2.953494,330.3
2022 to 2024,S12000006,Dumfries and Galloway,Female,01 to 04,58.4,52.1,64.6,201,3283,6.965174,5.472637,9.452736,7.960199,64402,51.198721,1.549641,47.251638,5.48896,32.422906,4.922207,2.47042,47.981682,12.786219,145895,1.926043,0.627163,0.73546,0.187806,0.069228,0.306385,0.038043,26,6.5,27.203126,11.994242,23.650571,10.236814,11.587786,4.564241,9.210048,2.953494,330.3
2022 to 2024,S12000006,Dumfries and Galloway,Female,05 to 09,54.8,49.6,60.1,201,3283,6.965174,5.472637,9.452736,7.960199,64402,51.198721,1.549641,47.251638,5.48896,32.422906,4.922207,2.47042,47.981682,12.786219,145895,1.926043,0.627163,0.73546,0.187806,0.069228,0.306385,0.038043,26,6.5,27.203126,11.994242,23.650571,10.236814,11.587786,4.564241,9.210048,2.953494,330.3
2022 to 2024,S12000006,Dumfries and Galloway,Female,10 to 14,50.4,46.2,54.5,201,3283,6.965174,5.472637,9.452736,7.960199,64402,51.198721,1.549641,47.251638,5.48896,32.422906,4.922207,2.47042,47.981682,12.786219,145895,1.926043,0.627163,0.73546,0.187806,0.069228,0.306385,0.038043,26,6.5,27.203126,11.994242,23.650571,10.236814,11.587786,4.564241,9.210048,2.953494,330.3
2022 to 2024,S12000006,Dumfries and Galloway,Female,15 to 19,45.9,42.6,49.2,201,3283,6.965174,5.472637,9.452736,7.960199,64402,51.198721,1.549641,47.251638,5.48896,32.422906,4.922207,2.47042,47.981682,12.786219,145895,1.926043,0.627163,0.73546,0.187806,0.069228,0.306385,0.038043,26,6.5,27.203126,11.994242,23.650571,10.236814,11.587786,4.564241,9.210048,2.953494,330.3
2022 to 2024,S12000006,Dumfries and Galloway,Female,20 to 24,41.7,38.7,44.7,201,3283,6.965174,5.472637,9.452736,7.960199,64402,51.198721,1.549641,47.251638,5.48896,32.422906,4.922207,2.47042,47.981682,12.786219,145895,1.926043,0.627163,0.73546,0.187806,0.069228,0.306385,0.038043,26,6.5,27.203126,11.994242,23.650571,10.236814,11.587786,4.564241,9.210048,2.953494,330.3
2022 to 2024,S12000006,Dumfries and Galloway,Female,25 to 29,37.6,34.8,40.4,201,3283,6.965174,5.472637,9.452736,7.960199,64402,51.198721,1.549641,47.251638,5.48896,32.422906,4.922207,2.47042,47.981682,12.786219,145895,1.926043,0.627163,0.73546,0.187806,0.069228,0.306385,0.038043,26,6.5,27.203126,11.994242,23.650571,10.236814,11.587786,4.564241,9.210048,2.953494,330.3
2022 to 2024,S12000006,Dumfries and Galloway,Female,30 to 34,33.6,30.9,36.3,201,3283,6.965174,5.472637,9.452736,7.960199,64402,51.198721,1.549641,47.251638,5.48896,32.422906,4.922207,2.47042,47.981682,12.786219,145895,1.926043,0.627163,0.73546,0.187806,0.069228,0.306385,0.038043,26,6.5,27.203126,11.994242,23.650571,10.236814,11.587786,4.564241,9.210048,2.953494,330.3
2022 to 2024,S12000006,Dumfries and Galloway,Female,35 to 39,29.7,27.2,32.3,201,3283,6.965174,5.472637,9.452736,7.960199,64402,51.198721,1.549641,47.251638,5.48896,32.422906,4.922207,2.47042,47.981682,12.786219,145895,1.926043,0.627163,0.73546,0.187806,0.069228,0.306385,0.038043,26,6.5,27.203126,11.994242,23.650571,10.236814,11.587786,4.564241,9.210048,2.953494,330.3
2022 to 2024,S12000006,Dumfries and Galloway,Female,40 to 44,26.1,23.7,28.4,201,3283,6.965174,5.472637,9.452736,7.960199,64402,51.198721,1.549641,47.251638,5.48896,32.422906,4.922207,2.47042,47.981682,12.786219,145895,1.926043,0.627163,0.73546,0.187806,0.069228,0.306385,0.038043,26,6.5,27.203126,11.994242,23.650571,10.236814,11.587786,4.564241,9.210048,2.953494,330.3
2022 to 2024,S12000006,Dumfries and Galloway,Female,45 to 49,22.6,20.4,24.8,201,3283,6.965174,5.472637,9.452736,7.960199,64402,51.198721,1.549641,47.251638,5.48896,32.422906,4.922207,2.47042,47.981682,12.786219,145895,1.926043,0.627163,0.73546,0.187806,0.069228,0.306385,0.038043,26,6.5,27.203126,11.994242,23.650571,10.236814,11.587786,4.564241,9.210048,2.953494,330.3
2022 to 2024,S12000006,Dumfries and Galloway,Female,50 to 54,19.3,17.3,21.3,201,3283,6.965174,5.472637,9.452736,7.960199,64402,51.198721,1.549641,47.251638,5.48896,32.422906,4.922207,2.47042,47.981682,12.786219,145895,1.926043,0.627163,0.73546,0.187806,0.069228,0.306385,0.038043,26,6.5,27.203126,11.994242,23.650571,10.236814,11.587786,4.564241,9.210048,2.953494,330.3
2022 to 2024,S12000006,Dumfries and Galloway,Female,55 to 59,16.1,14.2,17.9,201,3283,6.965174,5.472637,9.452736,7.960199,64402,51.198721,1.549641,47.251638,5.48896,32.422906,4.922207,2.47042,47.981682,12.786219,145895,1.926043,0.627163,0.73546,0.187806,0.069228,0.306385,0.038043,26,6.5,27.203126,11.994242,23.650571,10.236814,11.587786,4.564241,9.210048,2.953494,330.3
2022 to 2024,S12000006,Dumfries and Galloway,Female,60 to 64,13.1,11.3,14.9,201,3283,6.965174,5.472637,9.452736,7.960199,64402,51.198721,1.549641,47.251638,5.48896,32.422906,4.922207,2.47042,47.981682,12.786219,145895,1.926043,0.627163,0.73546,0.187806,0.069228,0.306385,0.038043,26,6.5,27.203126,11.994242,23.650571,10.236814,11.587786,4.564241,9.210048,2.953494,330.3
2022 to 2024,S12000006,Dumfries and Galloway,Female,65 to 69,10.4,8.6,12.1,201,3283,6.965174,5.472637,9.452736,7.960199,64402,51.198721,1.549641,47.251638,5.48896,32.422906,4.922207,2.47042,47.981682,12.786219,145895,1.926043,0.627163,0.73546,0.187806,0.069228,0.306385,0.038043,26,6.5,27.203126,11.994242,23.650571,10.236814,11.587786,4.564241,9.210048,2.953494,330.3
2022 to 2024,S12000006,Dumfries and Galloway,Female,70 to 74,7.8,6.1,9.5,201,3283,6.965174,5.472637,9.452736,7.960199,64402,51.198721,1.549641,47.251638,5.48896,32.422906,4.922207,2.47042,47.981682,12.786219,145895,1.926043,0.627163,0.73546,0.187806,0.069228,0.306385,0.038043,26,6.5,27.203126,11.994242,23.650571,10.236814,11.587786,4.564241,9.210048,2.953494,330.3
2022 to 2024,S12000006,Dumfries and Galloway,Female,75 to 79,5.6,3.8,7.4,201,3283,6.965174,5.472637,9.452736,7.960199,64402,51.198721,1.549641,47.251638,5.48896,32.422906,4.922207,2.47042,47.981682,12.786219,145895,1.926043,0.627163,0.73546,0.187806,0.069228,0.306385,0.038043,26,6.5,27.203126,11.994242,23.650571,10.236814,11.587786,4.564241,9.210048,2.953494,330.3
2022 to 2024,S12000006,Dumfries and Galloway,Female,80 to 84,3.7,1.8,5.5,201,3283,6.965174,5.472637,9.452736,7.960199,64402,51.198721,1.549641,47.251638,5.48896,32.422906,4.922207,2.47042,47.981682,12.786219,145895,1.926043,0.627163,0.73546,0.187806,0.069228,0.306385,0.038043,26,6.5,27.203126,11.994242,23.650571,10.236814,11.587786,4.564241,9.210048,2.953494,330.3
2022 to 2024,S12000006,Dumfries and Galloway,Female,85 to 89,2.2,1.1,3.4,201,3283,6.965174,5.472637,9.452736,7.960199,64402,51.198721,1.549641,47.251638,5.48896,32.422906,4.922207,2.47042,47.981682,12.786219,145895,1.926043,0.627163,0.73546,0.187806,0.069228,0.306385,0.038043,26,6.5,27.203126,11.994242,23.650571,10.236814,11.587786,4.564241,9.210048,2.953494,330.3
2022 to 2024,S12000006,Dumfries and Galloway,Female,90+,1.3,0.6,2,201,3283,6.965174,5.472637,9.452736,7.960199,64402,51.198721,1.549641,47.251638,5.48896,32.422906,4.922207,2.47042,47.981682,12.786219,145895,1.926043,0.627163,0.73546,0.187806,0.069228,0.306385,0.038043,26,6.5,27.203126,11.994242,23.650571,10.236814,11.587786,4.564241,9.210048,2.953494,330.3
2022 to 2024,S12000006,Dumfries and Galloway,Male,<1,58.8,54.7,62.9,201,3283,6.965174,5.472637,9.452736,7.960199,59330,57.586381,2.10686,40.318557,5.101972,28.951626,1.464689,1.596157,15.079319,24.313645,145895,1.926043,0.627163,0.73546,0.187806,0.069228,0.306385,0.038043,26,6.5,27.203126,11.994242,23.650571,10.236814,11.587786,4.564241,9.210048,2.953494,330.3
2022 to 2024,S12000006,Dumfries and Galloway,Male,01 to 04,58.3,54.3,62.3,201,3283,6.965174,5.472637,9.452736,7.960199,59330,57.586381,2.10686,40.318557,5.101972,28.951626,1.464689,1.596157,15.079319,24.313645,145895,1.926043,0.627163,0.73546,0.187806,0.069228,0.306385,0.038043,26,6.5,27.203126,11.994242,23.650571,10.236814,11.587786,4.564241,9.210048,2.953494,330.3
2022 to 2024,S12000006,Dumfries and Galloway,Male,05 to 09,54.7,51.1,58.3,201,3283,6.965174,5.472637,9.452736,7.960199,59330,57.586381,2.10686,40.318557,5.101972,28.951626,1.464689,1.596157,15.079319,24.313645,145895,1.926043,0.627163,0.73546,0.187806,0.069228,0.306385,0.038043,26,6.5,27.203126,11.994242,23.650571,10.236814,11.587786,4.564241,9.210048,2.953494,330.3
2022 to 2024,S12000006,Dumfries and Galloway,Male,10 to 14,50.1,47,53.3,201,3283,6.965174,5.472637,9.452736,7.960199,59330,57.586381,2.10686,40.318557,5.101972,28.951626,1.464689,1.596157,15.079319,24.313645,145895,1.926043,0.627163,0.73546,0.187806,0.069228,0.306385,0.038043,26,6.5,27.203126,11.994242,23.650571,10.236814,11.587786,4.564241,9.210048,2.953494,330.3
2022 to 2024,S12000006,Dumfries and Galloway,Male,15 to 19,45.6,42.7,48.5,201,3283,6.965174,5.472637,9.452736,7.960199,59330,57.586381,2.10686,40.318557,5.101972,28.951626,1.464689,1.596157,15.079319,24.313645,145895,1.926043,0.627163,0.73546,0.187806,0.069228,0.306385,0.038043,26,6.5,27.203126,11.994242,23.650571,10.236814,11.587786,4.564241,9.210048,2.953494,330.3
2022 to 2024,S12000006,Dumfries and Galloway,Male,20 to 24,41.3,38.5,44.1,201,3283,6.965174,5.472637,9.452736,7.960199,59330,57.586381,2.10686,40.318557,5.101972,28.951626,1.464689,1.596157,15.079319,24.313645,145895,1.926043,0.627163,0.73546,0.187806,0.069228,0.306385,0.038043,26,6.5,27.203126,11.994242,23.650571,10.236814,11.587786,4.564241,9.210048,2.953494,330.3
2022 to 2024,S12000006,Dumfries and Galloway,Male,25 to 29,37,34.4,39.7,201,3283,6.965174,5.472637,9.452736,7.960199,59330,57.586381,2.10686,40.318557,5.101972,28.951626,1.464689,1.596157,15.079319,24.313645,145895,1.926043,0.627163,0.73546,0.187806,0.069228,0.306385,0.038043,26,6.5,27.203126,11.994242,23.650571,10.236814,11.587786,4.564241,9.210048,2.953494,330.3
2022 to 2024,S12000006,Dumfries and Galloway,Male,30 to 34,33,30.5,35.5,201,3283,6.965174,5.472637,9.452736,7.960199,59330,57.586381,2.10686,40.318557,5.101972,28.951626,1.464689,1.596157,15.079319,24.313645,145895,1.926043,0.627163,0.73546,0.187806,0.069228,0.306385,0.038043,26,6.5,27.203126,11.994242,23.650571,10.236814,11.587786,4.564241,9.210048,2.953494,330.3
2022 to 2024,S12000006,Dumfries and Galloway,Male,35 to 39,29.1,26.7,31.4,201,3283,6.965174,5.472637,9.452736,7.960199,59330,57.586381,2.10686,40.318557,5.101972,28.951626,1.464689,1.596157,15.079319,24.313645,145895,1.926043,0.627163,0.73546,0.187806,0.069228,0.306385,0.038043,26,6.5,27.203126,11.994242,23.650571,10.236814,11.587786,4.564241,9.210048,2.953494,330.3
2022 to 2024,S12000006,Dumfries and Galloway,Male,40 to 44,25.2,23.1,27.4,201,3283,6.965174,5.472637,9.452736,7.960199,59330,57.586381,2.10686,40.318557,5.101972,28.951626,1.464689,1.596157,15.079319,24.313645,145895,1.926043,0.627163,0.73546,0.187806,0.069228,0.306385,0.038043,26,6.5,27.203126,11.994242,23.650571,10.236814,11.587786,4.564241,9.210048,2.953494,330.3
2022 to 2024,S12000006,Dumfries and Galloway,Male,45 to 49,21.7,19.7,23.7,201,3283,6.965174,5.472637,9.452736,7.960199,59330,57.586381,2.10686,40.318557,5.101972,28.951626,1.464689,1.596157,15.079319,24.313645,145895,1.926043,0.627163,0.73546,0.187806,0.069228,0.306385,0.038043,26,6.5,27.203126,11.994242,23.650571,10.236814,11.587786,4.564241,9.210048,2.953494,330.3
2022 to 2024,S12000006,Dumfries and Galloway,Male,50 to 54,18.4,16.6,20.3,201,3283,6.965174,5.472637,9.452736,7.960199,59330,57.586381,2.10686,40.318557,5.101972,28.951626,1.464689,1.596157,15.079319,24.313645,145895,1.926043,0.627163,0.73546,0.187806,0.069228,0.306385,0.038043,26,6.5,27.203126,11.994242,23.650571,10.236814,11.587786,4.564241,9.210048,2.953494,330.3
2022 to 2024,S12000006,Dumfries and Galloway,Male,55 to 59,15.3,13.6,17,201,3283,6.965174,5.472637,9.452736,7.960199,59330,57.586381,2.10686,40.318557,5.101972,28.951626,1.464689,1.596157,15.079319,24.313645,145895,1.926043,0.627163,0.73546,0.187806,0.069228,0.306385,0.038043,26,6.5,27.203126,11.994242,23.650571,10.236814,11.587786,4.564241,9.210048,2.953494,330.3
2022 to 2024,S12000006,Dumfries and Galloway,Male,60 to 64,12.3,10.6,13.9,201,3283,6.965174,5.472637,9.452736,7.960199,59330,57.586381,2.10686,40.318557,5.101972,28.951626,1.464689,1.596157,15.079319,24.313645,145895,1.926043,0.627163,0.73546,0.187806,0.069228,0.306385,0.038043,26,6.5,27.203126,11.994242,23.650571,10.236814,11.587786,4.564241,9.210048,2.953494,330.3
2022 to 2024,S12000006,Dumfries and Galloway,Male,65 to 69,9.6,8,11.1,201,3283,6.965174,5.472637,9.452736,7.960199,59330,57.586381,2.10686,40.318557,5.101972,28.951626,1.464689,1.596157,15.079319,24.313645,145895,1.926043,0.627163,0.73546,0.187806,0.069228,0.306385,0.038043,26,6.5,27.203126,11.994242,23.650571,10.236814,11.587786,4.564241,9.210048,2.953494,330.3
2022 to 2024,S12000006,Dumfries and Galloway,Male,70 to 74,7.1,5.6,8.7,201,3283,6.965174,5.472637,9.452736,7.960199,59330,57.586381,2.10686,40.318557,5.101972,28.951626,1.464689,1.596157,15.079319,24.313645,145895,1.926043,0.627163,0.73546,0.187806,0.069228,0.306385,0.038043,26,6.5,27.203126,11.994242,23.650571,10.236814,11.587786,4.564241,9.210048,2.953494,330.3
2022 to 2024,S12000006,Dumfries and Galloway,Male,75 to 79,5.1,3.5,6.7,201,3283,6.965174,5.472637,9.452736,7.960199,59330,57.586381,2.10686,40.318557,5.101972,28.951626,1.464689,1.596157,15.079319,24.313645,145895,1.926043,0.627163,0.73546,0.187806,0.069228,0.306385,0.038043,26,6.5,27.203126,11.994242,23.650571,10.236814,11.587786,4.564241,9.210048,2.953494,330.3
2022 to 2024,S12000006,Dumfries and Galloway,Male,80 to 84,3.5,1.7,5.2,201,3283,6.965174,5.472637,9.452736,7.960199,59330,57.586381,2.10686,40.318557,5.101972,28.951626,1.464689,1.596157,15.079319,24.313645,145895,1.926043,0.627163,0.73546,0.187806,0.069228,0.306385,0.038043,26,6.5,27.203126,11.994242,23.650571,10.236814,11.587786,4.564241,9.210048,2.953494,330.3
2022 to 2024,S12000006,Dumfries and Galloway,Male,85 to 89,2.2,1.1,3.4,201,3283,6.965174,5.472637,9.452736,7.960199,59330,57.586381,2.10686,40.318557,5.101972,28.951626,1.464689,1.596157,15.079319,24.313645,145895,1.926043,0.627163,0.73546,0.187806,0.069228,0.306385,0.038043,26,6.5,27.203126,11.994242,23.650571,10.236814,11.587786,4.564241,9.210048,2.953494,330.3
2022 to 2024,S12000006,Dumfries and Galloway,Male,90+,1.5,0.7,2.2,201,3283,6.965174,5.472637,9.452736,7.960199,59330,57.586381,2.10686,40.318557,5.101972,28.951626,1.464689,1.596157,15.079319,24.313645,145895,1.926043,0.627163,0.73546,0.187806,0.069228,0.306385,0.038043,26,6.5,27.203126,11.994242,23.650571,10.236814,11.587786,4.564241,9.210048,2.953494,330.3
2022 to 2024,S12000042,Dundee City,Female,<1,55.7,51.3,60,188,2040,31.914894,11.170213,38.297872,15.425532,65092,52.233761,3.278437,44.487802,5.90856,22.640263,5.080501,7.959503,42.897059,6.635294,148697,10.138739,1.324842,5.92211,1.405543,0.125759,1.360485,0.188428,31.3,7.8,25.697223,11.6001,21.578109,14.073586,10.272568,6.30813,6.841429,2.75325,523.6
2022 to 2024,S12000042,Dundee City,Female,01 to 04,54.9,50.7,59.2,188,2040,31.914894,11.170213,38.297872,15.425532,65092,52.233761,3.278437,44.487802,5.90856,22.640263,5.080501,7.959503,42.897059,6.635294,148697,10.138739,1.324842,5.92211,1.405543,0.125759,1.360485,0.188428,31.3,7.8,25.697223,11.6001,21.578109,14.073586,10.272568,6.30813,6.841429,2.75325,523.6
2022 to 2024,S12000042,Dundee City,Female,05 to 09,51.4,47.7,55.1,188,2040,31.914894,11.170213,38.297872,15.425532,65092,52.233761,3.278437,44.487802,5.90856,22.640263,5.080501,7.959503,42.897059,6.635294,148697,10.138739,1.324842,5.92211,1.405543,0.125759,1.360485,0.188428,31.3,7.8,25.697223,11.6001,21.578109,14.073586,10.272568,6.30813,6.841429,2.75325,523.6
2022 to 2024,S12000042,Dundee City,Female,10 to 14,47,43.9,50.2,188,2040,31.914894,11.170213,38.297872,15.425532,65092,52.233761,3.278437,44.487802,5.90856,22.640263,5.080501,7.959503,42.897059,6.635294,148697,10.138739,1.324842,5.92211,1.405543,0.125759,1.360485,0.188428,31.3,7.8,25.697223,11.6001,21.578109,14.073586,10.272568,6.30813,6.841429,2.75325,523.6
2022 to 2024,S12000042,Dundee City,Female,15 to 19,42.8,40,45.6,188,2040,31.914894,11.170213,38.297872,15.425532,65092,52.233761,3.278437,44.487802,5.90856,22.640263,5.080501,7.959503,42.897059,6.635294,148697,10.138739,1.324842,5.92211,1.405543,0.125759,1.360485,0.188428,31.3,7.8,25.697223,11.6001,21.578109,14.073586,10.272568,6.30813,6.841429,2.75325,523.6
2022 to 2024,S12000042,Dundee City,Female,20 to 24,38.6,36,41.3,188,2040,31.914894,11.170213,38.297872,15.425532,65092,52.233761,3.278437,44.487802,5.90856,22.640263,5.080501,7.959503,42.897059,6.635294,148697,10.138739,1.324842,5.92211,1.405543,0.125759,1.360485,0.188428,31.3,7.8,25.697223,11.6001,21.578109,14.073586,10.272568,6.30813,6.841429,2.75325,523.6
2022 to 2024,S12000042,Dundee City,Female,25 to 29,34.6,32.1,37.2,188,2040,31.914894,11.170213,38.297872,15.425532,65092,52.233761,3.278437,44.487802,5.90856,22.640263,5.080501,7.959503,42.897059,6.635294,148697,10.138739,1.324842,5.92211,1.405543,0.125759,1.360485,0.188428,31.3,7.8,25.697223,11.6001,21.578109,14.073586,10.272568,6.30813,6.841429,2.75325,523.6
2022 to 2024,S12000042,Dundee City,Female,30 to 34,30.7,28.2,33.2,188,2040,31.914894,11.170213,38.297872,15.425532,65092,52.233761,3.278437,44.487802,5.90856,22.640263,5.080501,7.959503,42.897059,6.635294,148697,10.138739,1.324842,5.92211,1.405543,0.125759,1.360485,0.188428,31.3,7.8,25.697223,11.6001,21.578109,14.073586,10.272568,6.30813,6.841429,2.75325,523.6
2022 to 2024,S12000042,Dundee City,Female,35 to 39,27,24.6,29.4,188,2040,31.914894,11.170213,38.297872,15.425532,65092,52.233761,3.278437,44.487802,5.90856,22.640263,5.080501,7.959503,42.897059,6.635294,148697,10.138739,1.324842,5.92211,1.405543,0.125759,1.360485,0.188428,31.3,7.8,25.697223,11.6001,21.578109,14.073586,10.272568,6.30813,6.841429,2.75325,523.6
2022 to 2024,S12000042,Dundee City,Female,40 to 44,23.5,21.2,25.7,188,2040,31.914894,11.170213,38.297872,15.425532,65092,52.233761,3.278437,44.487802,5.90856,22.640263,5.080501,7.959503,42.897059,6.635294,148697,10.138739,1.324842,5.92211,1.405543,0.125759,1.360485,0.188428,31.3,7.8,25.697223,11.6001,21.578109,14.073586,10.272568,6.30813,6.841429,2.75325,523.6
2022 to 2024,S12000042,Dundee City,Female,45 to 49,20.1,18,22.3,188,2040,31.914894,11.170213,38.297872,15.425532,65092,52.233761,3.278437,44.487802,5.90856,22.640263,5.080501,7.959503,42.897059,6.635294,148697,10.138739,1.324842,5.92211,1.405543,0.125759,1.360485,0.188428,31.3,7.8,25.697223,11.6001,21.578109,14.073586,10.272568,6.30813,6.841429,2.75325,523.6
2022 to 2024,S12000042,Dundee City,Female,50 to 54,17.1,15.1,19,188,2040,31.914894,11.170213,38.297872,15.425532,65092,52.233761,3.278437,44.487802,5.90856,22.640263,5.080501,7.959503,42.897059,6.635294,148697,10.138739,1.324842,5.92211,1.405543,0.125759,1.360485,0.188428,31.3,7.8,25.697223,11.6001,21.578109,14.073586,10.272568,6.30813,6.841429,2.75325,523.6
2022 to 2024,S12000042,Dundee City,Female,55 to 59,14.2,12.5,16,188,2040,31.914894,11.170213,38.297872,15.425532,65092,52.233761,3.278437,44.487802,5.90856,22.640263,5.080501,7.959503,42.897059,6.635294,148697,10.138739,1.324842,5.92211,1.405543,0.125759,1.360485,0.188428,31.3,7.8,25.697223,11.6001,21.578109,14.073586,10.272568,6.30813,6.841429,2.75325,523.6
2022 to 2024,S12000042,Dundee City,Female,60 to 64,11.6,9.9,13.3,188,2040,31.914894,11.170213,38.297872,15.425532,65092,52.233761,3.278437,44.487802,5.90856,22.640263,5.080501,7.959503,42.897059,6.635294,148697,10.138739,1.324842,5.92211,1.405543,0.125759,1.360485,0.188428,31.3,7.8,25.697223,11.6001,21.578109,14.073586,10.272568,6.30813,6.841429,2.75325,523.6
2022 to 2024,S12000042,Dundee City,Female,65 to 69,9.1,7.5,10.8,188,2040,31.914894,11.170213,38.297872,15.425532,65092,52.233761,3.278437,44.487802,5.90856,22.640263,5.080501,7.959503,42.897059,6.635294,148697,10.138739,1.324842,5.92211,1.405543,0.125759,1.360485,0.188428,31.3,7.8,25.697223,11.6001,21.578109,14.073586,10.272568,6.30813,6.841429,2.75325,523.6
2022 to 2024,S12000042,Dundee City,Female,70 to 74,7,5.4,8.6,188,2040,31.914894,11.170213,38.297872,15.425532,65092,52.233761,3.278437,44.487802,5.90856,22.640263,5.080501,7.959503,42.897059,6.635294,148697,10.138739,1.324842,5.92211,1.405543,0.125759,1.360485,0.188428,31.3,7.8,25.697223,11.6001,21.578109,14.073586,10.272568,6.30813,6.841429,2.75325,523.6
2022 to 2024,S12000042,Dundee City,Female,75 to 79,5.2,3.5,6.8,188,2040,31.914894,11.170213,38.297872,15.425532,65092,52.233761,3.278437,44.487802,5.90856,22.640263,5.080501,7.959503,42.897059,6.635294,148697,10.138739,1.324842,5.92211,1.405543,0.125759,1.360485,0.188428,31.3,7.8,25.697223,11.6001,21.578109,14.073586,10.272568,6.30813,6.841429,2.75325,523.6
2022 to 2024,S12000042,Dundee City,Female,80 to 84,3.4,1.7,5.1,188,2040,31.914894,11.170213,38.297872,15.425532,65092,52.233761,3.278437,44.487802,5.90856,22.640263,5.080501,7.959503,42.897059,6.635294,148697,10.138739,1.324842,5.92211,1.405543,0.125759,1.360485,0.188428,31.3,7.8,25.697223,11.6001,21.578109,14.073586,10.272568,6.30813,6.841429,2.75325,523.6
2022 to 2024,S12000042,Dundee City,Female,85 to 89,2.2,1.1,3.3,188,2040,31.914894,11.170213,38.297872,15.425532,65092,52.233761,3.278437,44.487802,5.90856,22.640263,5.080501,7.959503,42.897059,6.635294,148697,10.138739,1.324842,5.92211,1.405543,0.125759,1.360485,0.188428,31.3,7.8,25.697223,11.6001,21.578109,14.073586,10.272568,6.30813,6.841429,2.75325,523.6
2022 to 2024,S12000042,Dundee City,Female,90+,1.3,0.7,2,188,2040,31.914894,11.170213,38.297872,15.425532,65092,52.233761,3.278437,44.487802,5.90856,22.640263,5.080501,7.959503,42.897059,6.635294,148697,10.138739,1.324842,5.92211,1.405543,0.125759,1.360485,0.188428,31.3,7.8,25.697223,11.6001,21.578109,14.073586,10.272568,6.30813,6.841429,2.75325,523.6
2022 to 2024,S12000042,Dundee City,Male,<1,55.9,52,59.7,188,2040,31.914894,11.170213,38.297872,15.425532,60135,56.484576,4.83246,38.687952,5.732103,19.492808,1.902386,6.349048,20.678894,14.593576,148697,10.138739,1.324842,5.92211,1.405543,0.125759,1.360485,0.188428,31.3,7.8,25.697223,11.6001,21.578109,14.073586,10.272568,6.30813,6.841429,2.75325,523.6
2022 to 2024,S12000042,Dundee City,Male,01 to 04,55.3,51.6,59,188,2040,31.914894,11.170213,38.297872,15.425532,60135,56.484576,4.83246,38.687952,5.732103,19.492808,1.902386,6.349048,20.678894,14.593576,148697,10.138739,1.324842,5.92211,1.405543,0.125759,1.360485,0.188428,31.3,7.8,25.697223,11.6001,21.578109,14.073586,10.272568,6.30813,6.841429,2.75325,523.6
2022 to 2024,S12000042,Dundee City,Male,05 to 09,51.7,48.4,55,188,2040,31.914894,11.170213,38.297872,15.425532,60135,56.484576,4.83246,38.687952,5.732103,19.492808,1.902386,6.349048,20.678894,14.593576,148697,10.138739,1.324842,5.92211,1.405543,0.125759,1.360485,0.188428,31.3,7.8,25.697223,11.6001,21.578109,14.073586,10.272568,6.30813,6.841429,2.75325,523.6
2022 to 2024,S12000042,Dundee City,Male,10 to 14,47.1,44.3,49.9,188,2040,31.914894,11.170213,38.297872,15.425532,60135,56.484576,4.83246,38.687952,5.732103,19.492808,1.902386,6.349048,20.678894,14.593576,148697,10.138739,1.324842,5.92211,1.405543,0.125759,1.360485,0.188428,31.3,7.8,25.697223,11.6001,21.578109,14.073586,10.272568,6.30813,6.841429,2.75325,523.6
2022 to 2024,S12000042,Dundee City,Male,15 to 19,42.6,40.1,45.1,188,2040,31.914894,11.170213,38.297872,15.425532,60135,56.484576,4.83246,38.687952,5.732103,19.492808,1.902386,6.349048,20.678894,14.593576,148697,10.138739,1.324842,5.92211,1.405543,0.125759,1.360485,0.188428,31.3,7.8,25.697223,11.6001,21.578109,14.073586,10.272568,6.30813,6.841429,2.75325,523.6
2022 to 2024,S12000042,Dundee City,Male,20 to 24,38.3,35.9,40.7,188,2040,31.914894,11.170213,38.297872,15.425532,60135,56.484576,4.83246,38.687952,5.732103,19.492808,1.902386,6.349048,20.678894,14.593576,148697,10.138739,1.324842,5.92211,1.405543,0.125759,1.360485,0.188428,31.3,7.8,25.697223,11.6001,21.578109,14.073586,10.272568,6.30813,6.841429,2.75325,523.6
2022 to 2024,S12000042,Dundee City,Male,25 to 29,34.1,31.7,36.4,188,2040,31.914894,11.170213,38.297872,15.425532,60135,56.484576,4.83246,38.687952,5.732103,19.492808,1.902386,6.349048,20.678894,14.593576,148697,10.138739,1.324842,5.92211,1.405543,0.125759,1.360485,0.188428,31.3,7.8,25.697223,11.6001,21.578109,14.073586,10.272568,6.30813,6.841429,2.75325,523.6
2022 to 2024,S12000042,Dundee City,Male,30 to 34,30.1,27.9,32.4,188,2040,31.914894,11.170213,38.297872,15.425532,60135,56.484576,4.83246,38.687952,5.732103,19.492808,1.902386,6.349048,20.678894,14.593576,148697,10.138739,1.324842,5.92211,1.405543,0.125759,1.360485,0.188428,31.3,7.8,25.697223,11.6001,21.578109,14.073586,10.272568,6.30813,6.841429,2.75325,523.6
2022 to 2024,S12000042,Dundee City,Male,35 to 39,26.2,24,28.3,188,2040,31.914894,11.170213,38.297872,15.425532,60135,56.484576,4.83246,38.687952,5.732103,19.492808,1.902386,6.349048,20.678894,14.593576,148697,10.138739,1.324842,5.92211,1.405543,0.125759,1.360485,0.188428,31.3,7.8,25.697223,11.6001,21.578109,14.073586,10.272568,6.30813,6.841429,2.75325,523.6
2022 to 2024,S12000042,Dundee City,Male,40 to 44,22.6,20.5,24.7,188,2040,31.914894,11.170213,38.297872,15.425532,60135,56.484576,4.83246,38.687952,5.732103,19.492808,1.902386,6.349048,20.678894,14.593576,148697,10.138739,1.324842,5.92211,1.405543,0.125759,1.360485,0.188428,31.3,7.8,25.697223,11.6001,21.578109,14.073586,10.272568,6.30813,6.841429,2.75325,523.6
2022 to 2024,S12000042,Dundee City,Male,45 to 49,19.3,17.3,21.2,188,2040,31.914894,11.170213,38.297872,15.425532,60135,56.484576,4.83246,38.687952,5.732103,19.492808,1.902386,6.349048,20.678894,14.593576,148697,10.138739,1.324842,5.92211,1.405543,0.125759,1.360485,0.188428,31.3,7.8,25.697223,11.6001,21.578109,14.073586,10.272568,6.30813,6.841429,2.75325,523.6
2022 to 2024,S12000042,Dundee City,Male,50 to 54,16.1,14.3,17.9,188,2040,31.914894,11.170213,38.297872,15.425532,60135,56.484576,4.83246,38.687952,5.732103,19.492808,1.902386,6.349048,20.678894,14.593576,148697,10.138739,1.324842,5.92211,1.405543,0.125759,1.360485,0.188428,31.3,7.8,25.697223,11.6001,21.578109,14.073586,10.272568,6.30813,6.841429,2.75325,523.6
2022 to 2024,S12000042,Dundee City,Male,55 to 59,13.2,11.5,14.9,188,2040,31.914894,11.170213,38.297872,15.425532,60135,56.484576,4.83246,38.687952,5.732103,19.492808,1.902386,6.349048,20.678894,14.593576,148697,10.138739,1.324842,5.92211,1.405543,0.125759,1.360485,0.188428,31.3,7.8,25.697223,11.6001,21.578109,14.073586,10.272568,6.30813,6.841429,2.75325,523.6
2022 to 2024,S12000042,Dundee City,Male,60 to 64,10.7,9.1,12.3,188,2040,31.914894,11.170213,38.297872,15.425532,60135,56.484576,4.83246,38.687952,5.732103,19.492808,1.902386,6.349048,20.678894,14.593576,148697,10.138739,1.324842,5.92211,1.405543,0.125759,1.360485,0.188428,31.3,7.8,25.697223,11.6001,21.578109,14.073586,10.272568,6.30813,6.841429,2.75325,523.6
2022 to 2024,S12000042,Dundee City,Male,65 to 69,8.3,6.8,9.9,188,2040,31.914894,11.170213,38.297872,15.425532,60135,56.484576,4.83246,38.687952,5.732103,19.492808,1.902386,6.349048,20.678894,14.593576,148697,10.138739,1.324842,5.92211,1.405543,0.125759,1.360485,0.188428,31.3,7.8,25.697223,11.6001,21.578109,14.073586,10.272568,6.30813,6.841429,2.75325,523.6
2022 to 2024,S12000042,Dundee City,Male,70 to 74,6.2,4.7,7.8,188,2040,31.914894,11.170213,38.297872,15.425532,60135,56.484576,4.83246,38.687952,5.732103,19.492808,1.902386,6.349048,20.678894,14.593576,148697,10.138739,1.324842,5.92211,1.405543,0.125759,1.360485,0.188428,31.3,7.8,25.697223,11.6001,21.578109,14.073586,10.272568,6.30813,6.841429,2.75325,523.6
2022 to 2024,S12000042,Dundee City,Male,75 to 79,4.5,2.9,6.1,188,2040,31.914894,11.170213,38.297872,15.425532,60135,56.484576,4.83246,38.687952,5.732103,19.492808,1.902386,6.349048,20.678894,14.593576,148697,10.138739,1.324842,5.92211,1.405543,0.125759,1.360485,0.188428,31.3,7.8,25.697223,11.6001,21.578109,14.073586,10.272568,6.30813,6.841429,2.75325,523.6
2022 to 2024,S12000042,Dundee City,Male,80 to 84,3.1,1.4,4.8,188,2040,31.914894,11.170213,38.297872,15.425532,60135,56.484576,4.83246,38.687952,5.732103,19.492808,1.902386,6.349048,20.678894,14.593576,148697,10.138739,1.324842,5.92211,1.405543,0.125759,1.360485,0.188428,31.3,7.8,25.697223,11.6001,21.578109,14.073586,10.272568,6.30813,6.841429,2.75325,523.6
2022 to 2024,S12000042,Dundee City,Male,85 to 89,2.1,0.9,3.2,188,2040,31.914894,11.170213,38.297872,15.425532,60135,56.484576,4.83246,38.687952,5.732103,19.492808,1.902386,6.349048,20.678894,14.593576,148697,10.138739,1.324842,5.92211,1.405543,0.125759,1.360485,0.188428,31.3,7.8,25.697223,11.6001,21.578109,14.073586,10.272568,6.30813,6.841429,2.75325,523.6
2022 to 2024,S12000042,Dundee City,Male,90+,1.4,0.6,2.1,188,2040,31.914894,11.170213,38.297872,15.425532,60135,56.484576,4.83246,38.687952,5.732103,19.492808,1.902386,6.349048,20.678894,14.593576,148697,10.138739,1.324842,5.92211,1.405543,0.125759,1.360485,0.188428,31.3,7.8,25.697223,11.6001,21.578109,14.073586,10.272568,6.30813,6.841429,2.75325,523.6
2022 to 2024,S12000008,East Ayrshire,Female,<1,53.5,48.1,58.9,163,2293,22.08589,7.97546,31.90184,10.429448,51998,53.419362,2.45971,44.124774,6.625255,26.835648,5.471364,3.480903,42.603593,8.291032,120324,2.16665,0.58758,1.036368,0.191982,0.081447,0.270935,0.04271,23.4,7.7,27.100163,12.814567,23.783285,11.680961,11.660184,4.971577,7.36179,2.79994,375.2
2022 to 2024,S12000008,East Ayrshire,Female,01 to 04,52.9,47.7,58.2,163,2293,22.08589,7.97546,31.90184,10.429448,51998,53.419362,2.45971,44.124774,6.625255,26.835648,5.471364,3.480903,42.603593,8.291032,120324,2.16665,0.58758,1.036368,0.191982,0.081447,0.270935,0.04271,23.4,7.7,27.100163,12.814567,23.783285,11.680961,11.660184,4.971577,7.36179,2.79994,375.2
2022 to 2024,S12000008,East Ayrshire,Female,05 to 09,49.5,45,54.1,163,2293,22.08589,7.97546,31.90184,10.429448,51998,53.419362,2.45971,44.124774,6.625255,26.835648,5.471364,3.480903,42.603593,8.291032,120324,2.16665,0.58758,1.036368,0.191982,0.081447,0.270935,0.04271,23.4,7.7,27.100163,12.814567,23.783285,11.680961,11.660184,4.971577,7.36179,2.79994,375.2
2022 to 2024,S12000008,East Ayrshire,Female,10 to 14,45.3,41.6,49,163,2293,22.08589,7.97546,31.90184,10.429448,51998,53.419362,2.45971,44.124774,6.625255,26.835648,5.471364,3.480903,42.603593,8.291032,120324,2.16665,0.58758,1.036368,0.191982,0.081447,0.270935,0.04271,23.4,7.7,27.100163,12.814567,23.783285,11.680961,11.660184,4.971577,7.36179,2.79994,375.2
2022 to 2024,S12000008,East Ayrshire,Female,15 to 19,41.1,38,44.3,163,2293,22.08589,7.97546,31.90184,10.429448,51998,53.419362,2.45971,44.124774,6.625255,26.835648,5.471364,3.480903,42.603593,8.291032,120324,2.16665,0.58758,1.036368,0.191982,0.081447,0.270935,0.04271,23.4,7.7,27.100163,12.814567,23.783285,11.680961,11.660184,4.971577,7.36179,2.79994,375.2
2022 to 2024,S12000008,East Ayrshire,Female,20 to 24,37.1,34.1,40,163,2293,22.08589,7.97546,31.90184,10.429448,51998,53.419362,2.45971,44.124774,6.625255,26.835648,5.471364,3.480903,42.603593,8.291032,120324,2.16665,0.58758,1.036368,0.191982,0.081447,0.270935,0.04271,23.4,7.7,27.100163,12.814567,23.783285,11.680961,11.660184,4.971577,7.36179,2.79994,375.2
2022 to 2024,S12000008,East Ayrshire,Female,25 to 29,33.2,30.4,36,163,2293,22.08589,7.97546,31.90184,10.429448,51998,53.419362,2.45971,44.124774,6.625255,26.835648,5.471364,3.480903,42.603593,8.291032,120324,2.16665,0.58758,1.036368,0.191982,0.081447,0.270935,0.04271,23.4,7.7,27.100163,12.814567,23.783285,11.680961,11.660184,4.971577,7.36179,2.79994,375.2
2022 to 2024,S12000008,East Ayrshire,Female,30 to 34,29.5,26.8,32.1,163,2293,22.08589,7.97546,31.90184,10.429448,51998,53.419362,2.45971,44.124774,6.625255,26.835648,5.471364,3.480903,42.603593,8.291032,120324,2.16665,0.58758,1.036368,0.191982,0.081447,0.270935,0.04271,23.4,7.7,27.100163,12.814567,23.783285,11.680961,11.660184,4.971577,7.36179,2.79994,375.2
2022 to 2024,S12000008,East Ayrshire,Female,35 to 39,25.8,23.4,28.3,163,2293,22.08589,7.97546,31.90184,10.429448,51998,53.419362,2.45971,44.124774,6.625255,26.835648,5.471364,3.480903,42.603593,8.291032,120324,2.16665,0.58758,1.036368,0.191982,0.081447,0.270935,0.04271,23.4,7.7,27.100163,12.814567,23.783285,11.680961,11.660184,4.971577,7.36179,2.79994,375.2
2022 to 2024,S12000008,East Ayrshire,Female,40 to 44,22.4,20.2,24.7,163,2293,22.08589,7.97546,31.90184,10.429448,51998,53.419362,2.45971,44.124774,6.625255,26.835648,5.471364,3.480903,42.603593,8.291032,120324,2.16665,0.58758,1.036368,0.191982,0.081447,0.270935,0.04271,23.4,7.7,27.100163,12.814567,23.783285,11.680961,11.660184,4.971577,7.36179,2.79994,375.2
2022 to 2024,S12000008,East Ayrshire,Female,45 to 49,19.2,17.1,21.4,163,2293,22.08589,7.97546,31.90184,10.429448,51998,53.419362,2.45971,44.124774,6.625255,26.835648,5.471364,3.480903,42.603593,8.291032,120324,2.16665,0.58758,1.036368,0.191982,0.081447,0.270935,0.04271,23.4,7.7,27.100163,12.814567,23.783285,11.680961,11.660184,4.971577,7.36179,2.79994,375.2
2022 to 2024,S12000008,East Ayrshire,Female,50 to 54,16.2,14.2,18.2,163,2293,22.08589,7.97546,31.90184,10.429448,51998,53.419362,2.45971,44.124774,6.625255,26.835648,5.471364,3.480903,42.603593,8.291032,120324,2.16665,0.58758,1.036368,0.191982,0.081447,0.270935,0.04271,23.4,7.7,27.100163,12.814567,23.783285,11.680961,11.660184,4.971577,7.36179,2.79994,375.2
2022 to 2024,S12000008,East Ayrshire,Female,55 to 59,13.4,11.4,15.3,163,2293,22.08589,7.97546,31.90184,10.429448,51998,53.419362,2.45971,44.124774,6.625255,26.835648,5.471364,3.480903,42.603593,8.291032,120324,2.16665,0.58758,1.036368,0.191982,0.081447,0.270935,0.04271,23.4,7.7,27.100163,12.814567,23.783285,11.680961,11.660184,4.971577,7.36179,2.79994,375.2
2022 to 2024,S12000008,East Ayrshire,Female,60 to 64,10.7,8.9,12.6,163,2293,22.08589,7.97546,31.90184,10.429448,51998,53.419362,2.45971,44.124774,6.625255,26.835648,5.471364,3.480903,42.603593,8.291032,120324,2.16665,0.58758,1.036368,0.191982,0.081447,0.270935,0.04271,23.4,7.7,27.100163,12.814567,23.783285,11.680961,11.660184,4.971577,7.36179,2.79994,375.2
2022 to 2024,S12000008,East Ayrshire,Female,65 to 69,8.4,6.6,10.2,163,2293,22.08589,7.97546,31.90184,10.429448,51998,53.419362,2.45971,44.124774,6.625255,26.835648,5.471364,3.480903,42.603593,8.291032,120324,2.16665,0.58758,1.036368,0.191982,0.081447,0.270935,0.04271,23.4,7.7,27.100163,12.814567,23.783285,11.680961,11.660184,4.971577,7.36179,2.79994,375.2
2022 to 2024,S12000008,East Ayrshire,Female,70 to 74,6.3,4.4,8.1,163,2293,22.08589,7.97546,31.90184,10.429448,51998,53.419362,2.45971,44.124774,6.625255,26.835648,5.471364,3.480903,42.603593,8.291032,120324,2.16665,0.58758,1.036368,0.191982,0.081447,0.270935,0.04271,23.4,7.7,27.100163,12.814567,23.783285,11.680961,11.660184,4.971577,7.36179,2.79994,375.2
2022 to 2024,S12000008,East Ayrshire,Female,75 to 79,4.3,2.4,6.3,163,2293,22.08589,7.97546,31.90184,10.429448,51998,53.419362,2.45971,44.124774,6.625255,26.835648,5.471364,3.480903,42.603593,8.291032,120324,2.16665,0.58758,1.036368,0.191982,0.081447,0.270935,0.04271,23.4,7.7,27.100163,12.814567,23.783285,11.680961,11.660184,4.971577,7.36179,2.79994,375.2
2022 to 2024,S12000008,East Ayrshire,Female,80 to 84,2.8,0.9,4.8,163,2293,22.08589,7.97546,31.90184,10.429448,51998,53.419362,2.45971,44.124774,6.625255,26.835648,5.471364,3.480903,42.603593,8.291032,120324,2.16665,0.58758,1.036368,0.191982,0.081447,0.270935,0.04271,23.4,7.7,27.100163,12.814567,23.783285,11.680961,11.660184,4.971577,7.36179,2.79994,375.2
2022 to 2024,S12000008,East Ayrshire,Female,85 to 89,1.7,0.5,3,163,2293,22.08589,7.97546,31.90184,10.429448,51998,53.419362,2.45971,44.124774,6.625255,26.835648,5.471364,3.480903,42.603593,8.291032,120324,2.16665,0.58758,1.036368,0.191982,0.081447,0.270935,0.04271,23.4,7.7,27.100163,12.814567,23.783285,11.680961,11.660184,4.971577,7.36179,2.79994,375.2
2022 to 2024,S12000008,East Ayrshire,Female,90+,1,0.3,1.6,163,2293,22.08589,7.97546,31.90184,10.429448,51998,53.419362,2.45971,44.124774,6.625255,26.835648,5.471364,3.480903,42.603593,8.291032,120324,2.16665,0.58758,1.036368,0.191982,0.081447,0.270935,0.04271,23.4,7.7,27.100163,12.814567,23.783285,11.680961,11.660184,4.971577,7.36179,2.79994,375.2
2022 to 2024,S12000008,East Ayrshire,Male,<1,54.2,49.6,58.8,163,2293,22.08589,7.97546,31.90184,10.429448,47959,58.462437,3.407077,38.124231,6.234492,23.670218,1.92039,2.170604,13.713532,17.091091,120324,2.16665,0.58758,1.036368,0.191982,0.081447,0.270935,0.04271,23.4,7.7,27.100163,12.814567,23.783285,11.680961,11.660184,4.971577,7.36179,2.79994,375.2
2022 to 2024,S12000008,East Ayrshire,Male,01 to 04,53.6,49.1,58,163,2293,22.08589,7.97546,31.90184,10.429448,47959,58.462437,3.407077,38.124231,6.234492,23.670218,1.92039,2.170604,13.713532,17.091091,120324,2.16665,0.58758,1.036368,0.191982,0.081447,0.270935,0.04271,23.4,7.7,27.100163,12.814567,23.783285,11.680961,11.660184,4.971577,7.36179,2.79994,375.2
2022 to 2024,S12000008,East Ayrshire,Male,05 to 09,50.1,46.1,54,163,2293,22.08589,7.97546,31.90184,10.429448,47959,58.462437,3.407077,38.124231,6.234492,23.670218,1.92039,2.170604,13.713532,17.091091,120324,2.16665,0.58758,1.036368,0.191982,0.081447,0.270935,0.04271,23.4,7.7,27.100163,12.814567,23.783285,11.680961,11.660184,4.971577,7.36179,2.79994,375.2
2022 to 2024,S12000008,East Ayrshire,Male,10 to 14,45.7,42.3,49.2,163,2293,22.08589,7.97546,31.90184,10.429448,47959,58.462437,3.407077,38.124231,6.234492,23.670218,1.92039,2.170604,13.713532,17.091091,120324,2.16665,0.58758,1.036368,0.191982,0.081447,0.270935,0.04271,23.4,7.7,27.100163,12.814567,23.783285,11.680961,11.660184,4.971577,7.36179,2.79994,375.2
2022 to 2024,S12000008,East Ayrshire,Male,15 to 19,41.4,38.3,44.5,163,2293,22.08589,7.97546,31.90184,10.429448,47959,58.462437,3.407077,38.124231,6.234492,23.670218,1.92039,2.170604,13.713532,17.091091,120324,2.16665,0.58758,1.036368,0.191982,0.081447,0.270935,0.04271,23.4,7.7,27.100163,12.814567,23.783285,11.680961,11.660184,4.971577,7.36179,2.79994,375.2
2022 to 2024,S12000008,East Ayrshire,Male,20 to 24,37.2,34.2,40.2,163,2293,22.08589,7.97546,31.90184,10.429448,47959,58.462437,3.407077,38.124231,6.234492,23.670218,1.92039,2.170604,13.713532,17.091091,120324,2.16665,0.58758,1.036368,0.191982,0.081447,0.270935,0.04271,23.4,7.7,27.100163,12.814567,23.783285,11.680961,11.660184,4.971577,7.36179,2.79994,375.2
2022 to 2024,S12000008,East Ayrshire,Male,25 to 29,33.3,30.4,36.2,163,2293,22.08589,7.97546,31.90184,10.429448,47959,58.462437,3.407077,38.124231,6.234492,23.670218,1.92039,2.170604,13.713532,17.091091,120324,2.16665,0.58758,1.036368,0.191982,0.081447,0.270935,0.04271,23.4,7.7,27.100163,12.814567,23.783285,11.680961,11.660184,4.971577,7.36179,2.79994,375.2
2022 to 2024,S12000008,East Ayrshire,Male,30 to 34,29.4,26.6,32.2,163,2293,22.08589,7.97546,31.90184,10.429448,47959,58.462437,3.407077,38.124231,6.234492,23.670218,1.92039,2.170604,13.713532,17.091091,120324,2.16665,0.58758,1.036368,0.191982,0.081447,0.270935,0.04271,23.4,7.7,27.100163,12.814567,23.783285,11.680961,11.660184,4.971577,7.36179,2.79994,375.2
2022 to 2024,S12000008,East Ayrshire,Male,35 to 39,25.7,23.1,28.3,163,2293,22.08589,7.97546,31.90184,10.429448,47959,58.462437,3.407077,38.124231,6.234492,23.670218,1.92039,2.170604,13.713532,17.091091,120324,2.16665,0.58758,1.036368,0.191982,0.081447,0.270935,0.04271,23.4,7.7,27.100163,12.814567,23.783285,11.680961,11.660184,4.971577,7.36179,2.79994,375.2
2022 to 2024,S12000008,East Ayrshire,Male,40 to 44,22.2,19.8,24.7,163,2293,22.08589,7.97546,31.90184,10.429448,47959,58.462437,3.407077,38.124231,6.234492,23.670218,1.92039,2.170604,13.713532,17.091091,120324,2.16665,0.58758,1.036368,0.191982,0.081447,0.270935,0.04271,23.4,7.7,27.100163,12.814567,23.783285,11.680961,11.660184,4.971577,7.36179,2.79994,375.2
2022 to 2024,S12000008,East Ayrshire,Male,45 to 49,19,16.7,21.2,163,2293,22.08589,7.97546,31.90184,10.429448,47959,58.462437,3.407077,38.124231,6.234492,23.670218,1.92039,2.170604,13.713532,17.091091,120324,2.16665,0.58758,1.036368,0.191982,0.081447,0.270935,0.04271,23.4,7.7,27.100163,12.814567,23.783285,11.680961,11.660184,4.971577,7.36179,2.79994,375.2
2022 to 2024,S12000008,East Ayrshire,Male,50 to 54,15.8,13.7,18,163,2293,22.08589,7.97546,31.90184,10.429448,47959,58.462437,3.407077,38.124231,6.234492,23.670218,1.92039,2.170604,13.713532,17.091091,120324,2.16665,0.58758,1.036368,0.191982,0.081447,0.270935,0.04271,23.4,7.7,27.100163,12.814567,23.783285,11.680961,11.660184,4.971577,7.36179,2.79994,375.2
2022 to 2024,S12000008,East Ayrshire,Male,55 to 59,13,10.9,15,163,2293,22.08589,7.97546,31.90184,10.429448,47959,58.462437,3.407077,38.124231,6.234492,23.670218,1.92039,2.170604,13.713532,17.091091,120324,2.16665,0.58758,1.036368,0.191982,0.081447,0.270935,0.04271,23.4,7.7,27.100163,12.814567,23.783285,11.680961,11.660184,4.971577,7.36179,2.79994,375.2
2022 to 2024,S12000008,East Ayrshire,Male,60 to 64,10.3,8.3,12.3,163,2293,22.08589,7.97546,31.90184,10.429448,47959,58.462437,3.407077,38.124231,6.234492,23.670218,1.92039,2.170604,13.713532,17.091091,120324,2.16665,0.58758,1.036368,0.191982,0.081447,0.270935,0.04271,23.4,7.7,27.100163,12.814567,23.783285,11.680961,11.660184,4.971577,7.36179,2.79994,375.2
2022 to 2024,S12000008,East Ayrshire,Male,65 to 69,7.9,5.9,9.8,163,2293,22.08589,7.97546,31.90184,10.429448,47959,58.462437,3.407077,38.124231,6.234492,23.670218,1.92039,2.170604,13.713532,17.091091,120324,2.16665,0.58758,1.036368,0.191982,0.081447,0.270935,0.04271,23.4,7.7,27.100163,12.814567,23.783285,11.680961,11.660184,4.971577,7.36179,2.79994,375.2
2022 to 2024,S12000008,East Ayrshire,Male,70 to 74,5.8,3.8,7.9,163,2293,22.08589,7.97546,31.90184,10.429448,47959,58.462437,3.407077,38.124231,6.234492,23.670218,1.92039,2.170604,13.713532,17.091091,120324,2.16665,0.58758,1.036368,0.191982,0.081447,0.270935,0.04271,23.4,7.7,27.100163,12.814567,23.783285,11.680961,11.660184,4.971577,7.36179,2.79994,375.2
2022 to 2024,S12000008,East Ayrshire,Male,75 to 79,4.1,1.8,6.3,163,2293,22.08589,7.97546,31.90184,10.429448,47959,58.462437,3.407077,38.124231,6.234492,23.670218,1.92039,2.170604,13.713532,17.091091,120324,2.16665,0.58758,1.036368,0.191982,0.081447,0.270935,0.04271,23.4,7.7,27.100163,12.814567,23.783285,11.680961,11.660184,4.971577,7.36179,2.79994,375.2
2022 to 2024,S12000008,East Ayrshire,Male,80 to 84,2.6,0.1,5.2,163,2293,22.08589,7.97546,31.90184,10.429448,47959,58.462437,3.407077,38.124231,6.234492,23.670218,1.92039,2.170604,13.713532,17.091091,120324,2.16665,0.58758,1.036368,0.191982,0.081447,0.270935,0.04271,23.4,7.7,27.100163,12.814567,23.783285,11.680961,11.660184,4.971577,7.36179,2.79994,375.2
2022 to 2024,S12000008,East Ayrshire,Male,85 to 89,1.7,0,3.4,163,2293,22.08589,7.97546,31.90184,10.429448,47959,58.462437,3.407077,38.124231,6.234492,23.670218,1.92039,2.170604,13.713532,17.091091,120324,2.16665,0.58758,1.036368,0.191982,0.081447,0.270935,0.04271,23.4,7.7,27.100163,12.814567,23.783285,11.680961,11.660184,4.971577,7.36179,2.79994,375.2
2022 to 2024,S12000008,East Ayrshire,Male,90+,1,0,2,163,2293,22.08589,7.97546,31.90184,10.429448,47959,58.462437,3.407077,38.124231,6.234492,23.670218,1.92039,2.170604,13.713532,17.091091,120324,2.16665,0.58758,1.036368,0.191982,0.081447,0.270935,0.04271,23.4,7.7,27.100163,12.814567,23.783285,11.680961,11.660184,4.971577,7.36179,2.79994,375.2
2022 to 2024,S12000045,East Dunbartonshire,Female,<1,64.6,60.7,68.5,130,5631.5,3.076923,40.769231,3.846154,50,47129,53.845827,1.459823,44.69435,3.781111,31.700227,4.211844,3.49042,41.100209,9.260354,108937,6.555165,1.095128,4.331862,0.365349,0.070683,0.695815,0.124748,42.9,5,21.494993,9.385241,20.961657,8.1157,8.575599,3.916943,7.567677,2.298576,239.5
2022 to 2024,S12000045,East Dunbartonshire,Female,01 to 04,63.7,60,67.5,130,5631.5,3.076923,40.769231,3.846154,50,47129,53.845827,1.459823,44.69435,3.781111,31.700227,4.211844,3.49042,41.100209,9.260354,108937,6.555165,1.095128,4.331862,0.365349,0.070683,0.695815,0.124748,42.9,5,21.494993,9.385241,20.961657,8.1157,8.575599,3.916943,7.567677,2.298576,239.5
2022 to 2024,S12000045,East Dunbartonshire,Female,05 to 09,60.1,56.7,63.4,130,5631.5,3.076923,40.769231,3.846154,50,47129,53.845827,1.459823,44.69435,3.781111,31.700227,4.211844,3.49042,41.100209,9.260354,108937,6.555165,1.095128,4.331862,0.365349,0.070683,0.695815,0.124748,42.9,5,21.494993,9.385241,20.961657,8.1157,8.575599,3.916943,7.567677,2.298576,239.5
2022 to 2024,S12000045,East Dunbartonshire,Female,10 to 14,55.4,52.5,58.3,130,5631.5,3.076923,40.769231,3.846154,50,47129,53.845827,1.459823,44.69435,3.781111,31.700227,4.211844,3.49042,41.100209,9.260354,108937,6.555165,1.095128,4.331862,0.365349,0.070683,0.695815,0.124748,42.9,5,21.494993,9.385241,20.961657,8.1157,8.575599,3.916943,7.567677,2.298576,239.5
2022 to 2024,S12000045,East Dunbartonshire,Female,15 to 19,50.9,48.3,53.5,130,5631.5,3.076923,40.769231,3.846154,50,47129,53.845827,1.459823,44.69435,3.781111,31.700227,4.211844,3.49042,41.100209,9.260354,108937,6.555165,1.095128,4.331862,0.365349,0.070683,0.695815,0.124748,42.9,5,21.494993,9.385241,20.961657,8.1157,8.575599,3.916943,7.567677,2.298576,239.5
2022 to 2024,S12000045,East Dunbartonshire,Female,20 to 24,46.5,44,49,130,5631.5,3.076923,40.769231,3.846154,50,47129,53.845827,1.459823,44.69435,3.781111,31.700227,4.211844,3.49042,41.100209,9.260354,108937,6.555165,1.095128,4.331862,0.365349,0.070683,0.695815,0.124748,42.9,5,21.494993,9.385241,20.961657,8.1157,8.575599,3.916943,7.567677,2.298576,239.5
2022 to 2024,S12000045,East Dunbartonshire,Female,25 to 29,42.3,39.9,44.6,130,5631.5,3.076923,40.769231,3.846154,50,47129,53.845827,1.459823,44.69435,3.781111,31.700227,4.211844,3.49042,41.100209,9.260354,108937,6.555165,1.095128,4.331862,0.365349,0.070683,0.695815,0.124748,42.9,5,21.494993,9.385241,20.961657,8.1157,8.575599,3.916943,7.567677,2.298576,239.5
2022 to 2024,S12000045,East Dunbartonshire,Female,30 to 34,38.1,35.9,40.3,130,5631.5,3.076923,40.769231,3.846154,50,47129,53.845827,1.459823,44.69435,3.781111,31.700227,4.211844,3.49042,41.100209,9.260354,108937,6.555165,1.095128,4.331862,0.365349,0.070683,0.695815,0.124748,42.9,5,21.494993,9.385241,20.961657,8.1157,8.575599,3.916943,7.567677,2.298576,239.5
2022 to 2024,S12000045,East Dunbartonshire,Female,35 to 39,33.9,31.8,36.1,130,5631.5,3.076923,40.769231,3.846154,50,47129,53.845827,1.459823,44.69435,3.781111,31.700227,4.211844,3.49042,41.100209,9.260354,108937,6.555165,1.095128,4.331862,0.365349,0.070683,0.695815,0.124748,42.9,5,21.494993,9.385241,20.961657,8.1157,8.575599,3.916943,7.567677,2.298576,239.5
2022 to 2024,S12000045,East Dunbartonshire,Female,40 to 44,29.9,27.8,31.9,130,5631.5,3.076923,40.769231,3.846154,50,47129,53.845827,1.459823,44.69435,3.781111,31.700227,4.211844,3.49042,41.100209,9.260354,108937,6.555165,1.095128,4.331862,0.365349,0.070683,0.695815,0.124748,42.9,5,21.494993,9.385241,20.961657,8.1157,8.575599,3.916943,7.567677,2.298576,239.5
2022 to 2024,S12000045,East Dunbartonshire,Female,45 to 49,26,24,28,130,5631.5,3.076923,40.769231,3.846154,50,47129,53.845827,1.459823,44.69435,3.781111,31.700227,4.211844,3.49042,41.100209,9.260354,108937,6.555165,1.095128,4.331862,0.365349,0.070683,0.695815,0.124748,42.9,5,21.494993,9.385241,20.961657,8.1157,8.575599,3.916943,7.567677,2.298576,239.5
2022 to 2024,S12000045,East Dunbartonshire,Female,50 to 54,22.2,20.3,24.1,130,5631.5,3.076923,40.769231,3.846154,50,47129,53.845827,1.459823,44.69435,3.781111,31.700227,4.211844,3.49042,41.100209,9.260354,108937,6.555165,1.095128,4.331862,0.365349,0.070683,0.695815,0.124748,42.9,5,21.494993,9.385241,20.961657,8.1157,8.575599,3.916943,7.567677,2.298576,239.5
2022 to 2024,S12000045,East Dunbartonshire,Female,55 to 59,18.7,16.8,20.5,130,5631.5,3.076923,40.769231,3.846154,50,47129,53.845827,1.459823,44.69435,3.781111,31.700227,4.211844,3.49042,41.100209,9.260354,108937,6.555165,1.095128,4.331862,0.365349,0.070683,0.695815,0.124748,42.9,5,21.494993,9.385241,20.961657,8.1157,8.575599,3.916943,7.567677,2.298576,239.5
2022 to 2024,S12000045,East Dunbartonshire,Female,60 to 64,15.3,13.5,17.1,130,5631.5,3.076923,40.769231,3.846154,50,47129,53.845827,1.459823,44.69435,3.781111,31.700227,4.211844,3.49042,41.100209,9.260354,108937,6.555165,1.095128,4.331862,0.365349,0.070683,0.695815,0.124748,42.9,5,21.494993,9.385241,20.961657,8.1157,8.575599,3.916943,7.567677,2.298576,239.5
2022 to 2024,S12000045,East Dunbartonshire,Female,65 to 69,12.3,10.5,14,130,5631.5,3.076923,40.769231,3.846154,50,47129,53.845827,1.459823,44.69435,3.781111,31.700227,4.211844,3.49042,41.100209,9.260354,108937,6.555165,1.095128,4.331862,0.365349,0.070683,0.695815,0.124748,42.9,5,21.494993,9.385241,20.961657,8.1157,8.575599,3.916943,7.567677,2.298576,239.5
2022 to 2024,S12000045,East Dunbartonshire,Female,70 to 74,9.5,7.7,11.2,130,5631.5,3.076923,40.769231,3.846154,50,47129,53.845827,1.459823,44.69435,3.781111,31.700227,4.211844,3.49042,41.100209,9.260354,108937,6.555165,1.095128,4.331862,0.365349,0.070683,0.695815,0.124748,42.9,5,21.494993,9.385241,20.961657,8.1157,8.575599,3.916943,7.567677,2.298576,239.5
2022 to 2024,S12000045,East Dunbartonshire,Female,75 to 79,6.8,5,8.6,130,5631.5,3.076923,40.769231,3.846154,50,47129,53.845827,1.459823,44.69435,3.781111,31.700227,4.211844,3.49042,41.100209,9.260354,108937,6.555165,1.095128,4.331862,0.365349,0.070683,0.695815,0.124748,42.9,5,21.494993,9.385241,20.961657,8.1157,8.575599,3.916943,7.567677,2.298576,239.5
2022 to 2024,S12000045,East Dunbartonshire,Female,80 to 84,4.6,2.7,6.5,130,5631.5,3.076923,40.769231,3.846154,50,47129,53.845827,1.459823,44.69435,3.781111,31.700227,4.211844,3.49042,41.100209,9.260354,108937,6.555165,1.095128,4.331862,0.365349,0.070683,0.695815,0.124748,42.9,5,21.494993,9.385241,20.961657,8.1157,8.575599,3.916943,7.567677,2.298576,239.5
2022 to 2024,S12000045,East Dunbartonshire,Female,85 to 89,2.9,1.7,4.2,130,5631.5,3.076923,40.769231,3.846154,50,47129,53.845827,1.459823,44.69435,3.781111,31.700227,4.211844,3.49042,41.100209,9.260354,108937,6.555165,1.095128,4.331862,0.365349,0.070683,0.695815,0.124748,42.9,5,21.494993,9.385241,20.961657,8.1157,8.575599,3.916943,7.567677,2.298576,239.5
2022 to 2024,S12000045,East Dunbartonshire,Female,90+,1.8,1.1,2.6,130,5631.5,3.076923,40.769231,3.846154,50,47129,53.845827,1.459823,44.69435,3.781111,31.700227,4.211844,3.49042,41.100209,9.260354,108937,6.555165,1.095128,4.331862,0.365349,0.070683,0.695815,0.124748,42.9,5,21.494993,9.385241,20.961657,8.1157,8.575599,3.916943,7.567677,2.298576,239.5
2022 to 2024,S12000045,East Dunbartonshire,Male,<1,63.9,60.8,67,130,5631.5,3.076923,40.769231,3.846154,50,42588,59.906546,2.244764,37.86043,3.31314,26.566169,1.000282,3.122945,15.556775,17.947713,108937,6.555165,1.095128,4.331862,0.365349,0.070683,0.695815,0.124748,42.9,5,21.494993,9.385241,20.961657,8.1157,8.575599,3.916943,7.567677,2.298576,239.5
2022 to 2024,S12000045,East Dunbartonshire,Male,01 to 04,63,60,66,130,5631.5,3.076923,40.769231,3.846154,50,42588,59.906546,2.244764,37.86043,3.31314,26.566169,1.000282,3.122945,15.556775,17.947713,108937,6.555165,1.095128,4.331862,0.365349,0.070683,0.695815,0.124748,42.9,5,21.494993,9.385241,20.961657,8.1157,8.575599,3.916943,7.567677,2.298576,239.5
2022 to 2024,S12000045,East Dunbartonshire,Male,05 to 09,59.2,56.5,62,130,5631.5,3.076923,40.769231,3.846154,50,42588,59.906546,2.244764,37.86043,3.31314,26.566169,1.000282,3.122945,15.556775,17.947713,108937,6.555165,1.095128,4.331862,0.365349,0.070683,0.695815,0.124748,42.9,5,21.494993,9.385241,20.961657,8.1157,8.575599,3.916943,7.567677,2.298576,239.5
2022 to 2024,S12000045,East Dunbartonshire,Male,10 to 14,54.6,52.1,57,130,5631.5,3.076923,40.769231,3.846154,50,42588,59.906546,2.244764,37.86043,3.31314,26.566169,1.000282,3.122945,15.556775,17.947713,108937,6.555165,1.095128,4.331862,0.365349,0.070683,0.695815,0.124748,42.9,5,21.494993,9.385241,20.961657,8.1157,8.575599,3.916943,7.567677,2.298576,239.5
2022 to 2024,S12000045,East Dunbartonshire,Male,15 to 19,50,47.7,52.2,130,5631.5,3.076923,40.769231,3.846154,50,42588,59.906546,2.244764,37.86043,3.31314,26.566169,1.000282,3.122945,15.556775,17.947713,108937,6.555165,1.095128,4.331862,0.365349,0.070683,0.695815,0.124748,42.9,5,21.494993,9.385241,20.961657,8.1157,8.575599,3.916943,7.567677,2.298576,239.5
2022 to 2024,S12000045,East Dunbartonshire,Male,20 to 24,45.5,43.3,47.7,130,5631.5,3.076923,40.769231,3.846154,50,42588,59.906546,2.244764,37.86043,3.31314,26.566169,1.000282,3.122945,15.556775,17.947713,108937,6.555165,1.095128,4.331862,0.365349,0.070683,0.695815,0.124748,42.9,5,21.494993,9.385241,20.961657,8.1157,8.575599,3.916943,7.567677,2.298576,239.5
2022 to 2024,S12000045,East Dunbartonshire,Male,25 to 29,41.3,39.2,43.4,130,5631.5,3.076923,40.769231,3.846154,50,42588,59.906546,2.244764,37.86043,3.31314,26.566169,1.000282,3.122945,15.556775,17.947713,108937,6.555165,1.095128,4.331862,0.365349,0.070683,0.695815,0.124748,42.9,5,21.494993,9.385241,20.961657,8.1157,8.575599,3.916943,7.567677,2.298576,239.5
2022 to 2024,S12000045,East Dunbartonshire,Male,30 to 34,37.1,35.1,39.2,130,5631.5,3.076923,40.769231,3.846154,50,42588,59.906546,2.244764,37.86043,3.31314,26.566169,1.000282,3.122945,15.556775,17.947713,108937,6.555165,1.095128,4.331862,0.365349,0.070683,0.695815,0.124748,42.9,5,21.494993,9.385241,20.961657,8.1157,8.575599,3.916943,7.567677,2.298576,239.5
2022 to 2024,S12000045,East Dunbartonshire,Male,35 to 39,33,31.1,34.9,130,5631.5,3.076923,40.769231,3.846154,50,42588,59.906546,2.244764,37.86043,3.31314,26.566169,1.000282,3.122945,15.556775,17.947713,108937,6.555165,1.095128,4.331862,0.365349,0.070683,0.695815,0.124748,42.9,5,21.494993,9.385241,20.961657,8.1157,8.575599,3.916943,7.567677,2.298576,239.5
2022 to 2024,S12000045,East Dunbartonshire,Male,40 to 44,28.9,27,30.7,130,5631.5,3.076923,40.769231,3.846154,50,42588,59.906546,2.244764,37.86043,3.31314,26.566169,1.000282,3.122945,15.556775,17.947713,108937,6.555165,1.095128,4.331862,0.365349,0.070683,0.695815,0.124748,42.9,5,21.494993,9.385241,20.961657,8.1157,8.575599,3.916943,7.567677,2.298576,239.5
2022 to 2024,S12000045,East Dunbartonshire,Male,45 to 49,24.9,23.2,26.7,130,5631.5,3.076923,40.769231,3.846154,50,42588,59.906546,2.244764,37.86043,3.31314,26.566169,1.000282,3.122945,15.556775,17.947713,108937,6.555165,1.095128,4.331862,0.365349,0.070683,0.695815,0.124748,42.9,5,21.494993,9.385241,20.961657,8.1157,8.575599,3.916943,7.567677,2.298576,239.5
2022 to 2024,S12000045,East Dunbartonshire,Male,50 to 54,21.2,19.5,22.9,130,5631.5,3.076923,40.769231,3.846154,50,42588,59.906546,2.244764,37.86043,3.31314,26.566169,1.000282,3.122945,15.556775,17.947713,108937,6.555165,1.095128,4.331862,0.365349,0.070683,0.695815,0.124748,42.9,5,21.494993,9.385241,20.961657,8.1157,8.575599,3.916943,7.567677,2.298576,239.5
2022 to 2024,S12000045,East Dunbartonshire,Male,55 to 59,17.7,16,19.3,130,5631.5,3.076923,40.769231,3.846154,50,42588,59.906546,2.244764,37.86043,3.31314,26.566169,1.000282,3.122945,15.556775,17.947713,108937,6.555165,1.095128,4.331862,0.365349,0.070683,0.695815,0.124748,42.9,5,21.494993,9.385241,20.961657,8.1157,8.575599,3.916943,7.567677,2.298576,239.5
2022 to 2024,S12000045,East Dunbartonshire,Male,60 to 64,14.4,12.8,15.9,130,5631.5,3.076923,40.769231,3.846154,50,42588,59.906546,2.244764,37.86043,3.31314,26.566169,1.000282,3.122945,15.556775,17.947713,108937,6.555165,1.095128,4.331862,0.365349,0.070683,0.695815,0.124748,42.9,5,21.494993,9.385241,20.961657,8.1157,8.575599,3.916943,7.567677,2.298576,239.5
2022 to 2024,S12000045,East Dunbartonshire,Male,65 to 69,11.4,9.8,12.9,130,5631.5,3.076923,40.769231,3.846154,50,42588,59.906546,2.244764,37.86043,3.31314,26.566169,1.000282,3.122945,15.556775,17.947713,108937,6.555165,1.095128,4.331862,0.365349,0.070683,0.695815,0.124748,42.9,5,21.494993,9.385241,20.961657,8.1157,8.575599,3.916943,7.567677,2.298576,239.5
2022 to 2024,S12000045,East Dunbartonshire,Male,70 to 74,8.6,7,10.1,130,5631.5,3.076923,40.769231,3.846154,50,42588,59.906546,2.244764,37.86043,3.31314,26.566169,1.000282,3.122945,15.556775,17.947713,108937,6.555165,1.095128,4.331862,0.365349,0.070683,0.695815,0.124748,42.9,5,21.494993,9.385241,20.961657,8.1157,8.575599,3.916943,7.567677,2.298576,239.5
2022 to 2024,S12000045,East Dunbartonshire,Male,75 to 79,6.1,4.5,7.7,130,5631.5,3.076923,40.769231,3.846154,50,42588,59.906546,2.244764,37.86043,3.31314,26.566169,1.000282,3.122945,15.556775,17.947713,108937,6.555165,1.095128,4.331862,0.365349,0.070683,0.695815,0.124748,42.9,5,21.494993,9.385241,20.961657,8.1157,8.575599,3.916943,7.567677,2.298576,239.5
2022 to 2024,S12000045,East Dunbartonshire,Male,80 to 84,4,2.3,5.7,130,5631.5,3.076923,40.769231,3.846154,50,42588,59.906546,2.244764,37.86043,3.31314,26.566169,1.000282,3.122945,15.556775,17.947713,108937,6.555165,1.095128,4.331862,0.365349,0.070683,0.695815,0.124748,42.9,5,21.494993,9.385241,20.961657,8.1157,8.575599,3.916943,7.567677,2.298576,239.5
2022 to 2024,S12000045,East Dunbartonshire,Male,85 to 89,2.5,1.5,3.5,130,5631.5,3.076923,40.769231,3.846154,50,42588,59.906546,2.244764,37.86043,3.31314,26.566169,1.000282,3.122945,15.556775,17.947713,108937,6.555165,1.095128,4.331862,0.365349,0.070683,0.695815,0.124748,42.9,5,21.494993,9.385241,20.961657,8.1157,8.575599,3.916943,7.567677,2.298576,239.5
2022 to 2024,S12000045,East Dunbartonshire,Male,90+,1.4,0.8,2,130,5631.5,3.076923,40.769231,3.846154,50,42588,59.906546,2.244764,37.86043,3.31314,26.566169,1.000282,3.122945,15.556775,17.947713,108937,6.555165,1.095128,4.331862,0.365349,0.070683,0.695815,0.124748,42.9,5,21.494993,9.385241,20.961657,8.1157,8.575599,3.916943,7.567677,2.298576,239.5
2022 to 2024,S12000010,East Lothian,Female,<1,60.4,55.9,64.9,132,3791.5,2.272727,12.878788,6.818182,18.939394,48592,57.585611,1.636072,40.786549,4.192048,26.821287,4.700362,3.288607,43.878207,11.31799,112284,3.06366,1.036657,1.218339,0.280539,0.088169,0.441737,0.060051,34.6,5.4,22.434185,9.196324,21.255922,10.346087,8.572904,4.809234,7.416907,2.497239,256.2
2022 to 2024,S12000010,East Lothian,Female,01 to 04,59.7,55.3,64.1,132,3791.5,2.272727,12.878788,6.818182,18.939394,48592,57.585611,1.636072,40.786549,4.192048,26.821287,4.700362,3.288607,43.878207,11.31799,112284,3.06366,1.036657,1.218339,0.280539,0.088169,0.441737,0.060051,34.6,5.4,22.434185,9.196324,21.255922,10.346087,8.572904,4.809234,7.416907,2.497239,256.2
2022 to 2024,S12000010,East Lothian,Female,05 to 09,56.1,52.2,60,132,3791.5,2.272727,12.878788,6.818182,18.939394,48592,57.585611,1.636072,40.786549,4.192048,26.821287,4.700362,3.288607,43.878207,11.31799,112284,3.06366,1.036657,1.218339,0.280539,0.088169,0.441737,0.060051,34.6,5.4,22.434185,9.196324,21.255922,10.346087,8.572904,4.809234,7.416907,2.497239,256.2
2022 to 2024,S12000010,East Lothian,Female,10 to 14,51.6,48.2,55.1,132,3791.5,2.272727,12.878788,6.818182,18.939394,48592,57.585611,1.636072,40.786549,4.192048,26.821287,4.700362,3.288607,43.878207,11.31799,112284,3.06366,1.036657,1.218339,0.280539,0.088169,0.441737,0.060051,34.6,5.4,22.434185,9.196324,21.255922,10.346087,8.572904,4.809234,7.416907,2.497239,256.2
2022 to 2024,S12000010,East Lothian,Female,15 to 19,47.2,44.1,50.4,132,3791.5,2.272727,12.878788,6.818182,18.939394,48592,57.585611,1.636072,40.786549,4.192048,26.821287,4.700362,3.288607,43.878207,11.31799,112284,3.06366,1.036657,1.218339,0.280539,0.088169,0.441737,0.060051,34.6,5.4,22.434185,9.196324,21.255922,10.346087,8.572904,4.809234,7.416907,2.497239,256.2
2022 to 2024,S12000010,East Lothian,Female,20 to 24,42.9,39.9,46,132,3791.5,2.272727,12.878788,6.818182,18.939394,48592,57.585611,1.636072,40.786549,4.192048,26.821287,4.700362,3.288607,43.878207,11.31799,112284,3.06366,1.036657,1.218339,0.280539,0.088169,0.441737,0.060051,34.6,5.4,22.434185,9.196324,21.255922,10.346087,8.572904,4.809234,7.416907,2.497239,256.2
2022 to 2024,S12000010,East Lothian,Female,25 to 29,38.8,35.9,41.7,132,3791.5,2.272727,12.878788,6.818182,18.939394,48592,57.585611,1.636072,40.786549,4.192048,26.821287,4.700362,3.288607,43.878207,11.31799,112284,3.06366,1.036657,1.218339,0.280539,0.088169,0.441737,0.060051,34.6,5.4,22.434185,9.196324,21.255922,10.346087,8.572904,4.809234,7.416907,2.497239,256.2
2022 to 2024,S12000010,East Lothian,Female,30 to 34,34.8,32,37.5,132,3791.5,2.272727,12.878788,6.818182,18.939394,48592,57.585611,1.636072,40.786549,4.192048,26.821287,4.700362,3.288607,43.878207,11.31799,112284,3.06366,1.036657,1.218339,0.280539,0.088169,0.441737,0.060051,34.6,5.4,22.434185,9.196324,21.255922,10.346087,8.572904,4.809234,7.416907,2.497239,256.2
2022 to 2024,S12000010,East Lothian,Female,35 to 39,30.8,28.3,33.4,132,3791.5,2.272727,12.878788,6.818182,18.939394,48592,57.585611,1.636072,40.786549,4.192048,26.821287,4.700362,3.288607,43.878207,11.31799,112284,3.06366,1.036657,1.218339,0.280539,0.088169,0.441737,0.060051,34.6,5.4,22.434185,9.196324,21.255922,10.346087,8.572904,4.809234,7.416907,2.497239,256.2
2022 to 2024,S12000010,East Lothian,Female,40 to 44,27.1,24.6,29.5,132,3791.5,2.272727,12.878788,6.818182,18.939394,48592,57.585611,1.636072,40.786549,4.192048,26.821287,4.700362,3.288607,43.878207,11.31799,112284,3.06366,1.036657,1.218339,0.280539,0.088169,0.441737,0.060051,34.6,5.4,22.434185,9.196324,21.255922,10.346087,8.572904,4.809234,7.416907,2.497239,256.2
2022 to 2024,S12000010,East Lothian,Female,45 to 49,23.4,21.1,25.8,132,3791.5,2.272727,12.878788,6.818182,18.939394,48592,57.585611,1.636072,40.786549,4.192048,26.821287,4.700362,3.288607,43.878207,11.31799,112284,3.06366,1.036657,1.218339,0.280539,0.088169,0.441737,0.060051,34.6,5.4,22.434185,9.196324,21.255922,10.346087,8.572904,4.809234,7.416907,2.497239,256.2
2022 to 2024,S12000010,East Lothian,Female,50 to 54,19.9,17.7,22.2,132,3791.5,2.272727,12.878788,6.818182,18.939394,48592,57.585611,1.636072,40.786549,4.192048,26.821287,4.700362,3.288607,43.878207,11.31799,112284,3.06366,1.036657,1.218339,0.280539,0.088169,0.441737,0.060051,34.6,5.4,22.434185,9.196324,21.255922,10.346087,8.572904,4.809234,7.416907,2.497239,256.2
2022 to 2024,S12000010,East Lothian,Female,55 to 59,16.6,14.4,18.7,132,3791.5,2.272727,12.878788,6.818182,18.939394,48592,57.585611,1.636072,40.786549,4.192048,26.821287,4.700362,3.288607,43.878207,11.31799,112284,3.06366,1.036657,1.218339,0.280539,0.088169,0.441737,0.060051,34.6,5.4,22.434185,9.196324,21.255922,10.346087,8.572904,4.809234,7.416907,2.497239,256.2
2022 to 2024,S12000010,East Lothian,Female,60 to 64,13.5,11.3,15.6,132,3791.5,2.272727,12.878788,6.818182,18.939394,48592,57.585611,1.636072,40.786549,4.192048,26.821287,4.700362,3.288607,43.878207,11.31799,112284,3.06366,1.036657,1.218339,0.280539,0.088169,0.441737,0.060051,34.6,5.4,22.434185,9.196324,21.255922,10.346087,8.572904,4.809234,7.416907,2.497239,256.2
2022 to 2024,S12000010,East Lothian,Female,65 to 69,10.7,8.6,12.8,132,3791.5,2.272727,12.878788,6.818182,18.939394,48592,57.585611,1.636072,40.786549,4.192048,26.821287,4.700362,3.288607,43.878207,11.31799,112284,3.06366,1.036657,1.218339,0.280539,0.088169,0.441737,0.060051,34.6,5.4,22.434185,9.196324,21.255922,10.346087,8.572904,4.809234,7.416907,2.497239,256.2
2022 to 2024,S12000010,East Lothian,Female,70 to 74,8.1,6.1,10.2,132,3791.5,2.272727,12.878788,6.818182,18.939394,48592,57.585611,1.636072,40.786549,4.192048,26.821287,4.700362,3.288607,43.878207,11.31799,112284,3.06366,1.036657,1.218339,0.280539,0.088169,0.441737,0.060051,34.6,5.4,22.434185,9.196324,21.255922,10.346087,8.572904,4.809234,7.416907,2.497239,256.2
2022 to 2024,S12000010,East Lothian,Female,75 to 79,5.8,3.7,7.9,132,3791.5,2.272727,12.878788,6.818182,18.939394,48592,57.585611,1.636072,40.786549,4.192048,26.821287,4.700362,3.288607,43.878207,11.31799,112284,3.06366,1.036657,1.218339,0.280539,0.088169,0.441737,0.060051,34.6,5.4,22.434185,9.196324,21.255922,10.346087,8.572904,4.809234,7.416907,2.497239,256.2
2022 to 2024,S12000010,East Lothian,Female,80 to 84,3.9,1.8,5.9,132,3791.5,2.272727,12.878788,6.818182,18.939394,48592,57.585611,1.636072,40.786549,4.192048,26.821287,4.700362,3.288607,43.878207,11.31799,112284,3.06366,1.036657,1.218339,0.280539,0.088169,0.441737,0.060051,34.6,5.4,22.434185,9.196324,21.255922,10.346087,8.572904,4.809234,7.416907,2.497239,256.2
2022 to 2024,S12000010,East Lothian,Female,85 to 89,2.4,1.1,3.7,132,3791.5,2.272727,12.878788,6.818182,18.939394,48592,57.585611,1.636072,40.786549,4.192048,26.821287,4.700362,3.288607,43.878207,11.31799,112284,3.06366,1.036657,1.218339,0.280539,0.088169,0.441737,0.060051,34.6,5.4,22.434185,9.196324,21.255922,10.346087,8.572904,4.809234,7.416907,2.497239,256.2
2022 to 2024,S12000010,East Lothian,Female,90+,1.4,0.7,2.1,132,3791.5,2.272727,12.878788,6.818182,18.939394,48592,57.585611,1.636072,40.786549,4.192048,26.821287,4.700362,3.288607,43.878207,11.31799,112284,3.06366,1.036657,1.218339,0.280539,0.088169,0.441737,0.060051,34.6,5.4,22.434185,9.196324,21.255922,10.346087,8.572904,4.809234,7.416907,2.497239,256.2
2022 to 2024,S12000010,East Lothian,Male,<1,60.2,56,64.4,132,3791.5,2.272727,12.878788,6.818182,18.939394,43509,63.501804,2.09382,34.402078,3.842883,23.997334,1.165276,2.211037,14.340005,19.103116,112284,3.06366,1.036657,1.218339,0.280539,0.088169,0.441737,0.060051,34.6,5.4,22.434185,9.196324,21.255922,10.346087,8.572904,4.809234,7.416907,2.497239,256.2
2022 to 2024,S12000010,East Lothian,Male,01 to 04,59.5,55.4,63.7,132,3791.5,2.272727,12.878788,6.818182,18.939394,43509,63.501804,2.09382,34.402078,3.842883,23.997334,1.165276,2.211037,14.340005,19.103116,112284,3.06366,1.036657,1.218339,0.280539,0.088169,0.441737,0.060051,34.6,5.4,22.434185,9.196324,21.255922,10.346087,8.572904,4.809234,7.416907,2.497239,256.2
2022 to 2024,S12000010,East Lothian,Male,05 to 09,55.9,52.2,59.7,132,3791.5,2.272727,12.878788,6.818182,18.939394,43509,63.501804,2.09382,34.402078,3.842883,23.997334,1.165276,2.211037,14.340005,19.103116,112284,3.06366,1.036657,1.218339,0.280539,0.088169,0.441737,0.060051,34.6,5.4,22.434185,9.196324,21.255922,10.346087,8.572904,4.809234,7.416907,2.497239,256.2
2022 to 2024,S12000010,East Lothian,Male,10 to 14,51.3,47.9,54.7,132,3791.5,2.272727,12.878788,6.818182,18.939394,43509,63.501804,2.09382,34.402078,3.842883,23.997334,1.165276,2.211037,14.340005,19.103116,112284,3.06366,1.036657,1.218339,0.280539,0.088169,0.441737,0.060051,34.6,5.4,22.434185,9.196324,21.255922,10.346087,8.572904,4.809234,7.416907,2.497239,256.2
2022 to 2024,S12000010,East Lothian,Male,15 to 19,46.8,43.6,49.9,132,3791.5,2.272727,12.878788,6.818182,18.939394,43509,63.501804,2.09382,34.402078,3.842883,23.997334,1.165276,2.211037,14.340005,19.103116,112284,3.06366,1.036657,1.218339,0.280539,0.088169,0.441737,0.060051,34.6,5.4,22.434185,9.196324,21.255922,10.346087,8.572904,4.809234,7.416907,2.497239,256.2
2022 to 2024,S12000010,East Lothian,Male,20 to 24,42.4,39.3,45.4,132,3791.5,2.272727,12.878788,6.818182,18.939394,43509,63.501804,2.09382,34.402078,3.842883,23.997334,1.165276,2.211037,14.340005,19.103116,112284,3.06366,1.036657,1.218339,0.280539,0.088169,0.441737,0.060051,34.6,5.4,22.434185,9.196324,21.255922,10.346087,8.572904,4.809234,7.416907,2.497239,256.2
2022 to 2024,S12000010,East Lothian,Male,25 to 29,38.1,35.2,41.1,132,3791.5,2.272727,12.878788,6.818182,18.939394,43509,63.501804,2.09382,34.402078,3.842883,23.997334,1.165276,2.211037,14.340005,19.103116,112284,3.06366,1.036657,1.218339,0.280539,0.088169,0.441737,0.060051,34.6,5.4,22.434185,9.196324,21.255922,10.346087,8.572904,4.809234,7.416907,2.497239,256.2
2022 to 2024,S12000010,East Lothian,Male,30 to 34,34.1,31.3,36.9,132,3791.5,2.272727,12.878788,6.818182,18.939394,43509,63.501804,2.09382,34.402078,3.842883,23.997334,1.165276,2.211037,14.340005,19.103116,112284,3.06366,1.036657,1.218339,0.280539,0.088169,0.441737,0.060051,34.6,5.4,22.434185,9.196324,21.255922,10.346087,8.572904,4.809234,7.416907,2.497239,256.2
2022 to 2024,S12000010,East Lothian,Male,35 to 39,30,27.3,32.7,132,3791.5,2.272727,12.878788,6.818182,18.939394,43509,63.501804,2.09382,34.402078,3.842883,23.997334,1.165276,2.211037,14.340005,19.103116,112284,3.06366,1.036657,1.218339,0.280539,0.088169,0.441737,0.060051,34.6,5.4,22.434185,9.196324,21.255922,10.346087,8.572904,4.809234,7.416907,2.497239,256.2
2022 to 2024,S12000010,East Lothian,Male,40 to 44,26.2,23.7,28.7,132,3791.5,2.272727,12.878788,6.818182,18.939394,43509,63.501804,2.09382,34.402078,3.842883,23.997334,1.165276,2.211037,14.340005,19.103116,112284,3.06366,1.036657,1.218339,0.280539,0.088169,0.441737,0.060051,34.6,5.4,22.434185,9.196324,21.255922,10.346087,8.572904,4.809234,7.416907,2.497239,256.2
2022 to 2024,S12000010,East Lothian,Male,45 to 49,22.6,20.2,25,132,3791.5,2.272727,12.878788,6.818182,18.939394,43509,63.501804,2.09382,34.402078,3.842883,23.997334,1.165276,2.211037,14.340005,19.103116,112284,3.06366,1.036657,1.218339,0.280539,0.088169,0.441737,0.060051,34.6,5.4,22.434185,9.196324,21.255922,10.346087,8.572904,4.809234,7.416907,2.497239,256.2
2022 to 2024,S12000010,East Lothian,Male,50 to 54,19,16.8,21.3,132,3791.5,2.272727,12.878788,6.818182,18.939394,43509,63.501804,2.09382,34.402078,3.842883,23.997334,1.165276,2.211037,14.340005,19.103116,112284,3.06366,1.036657,1.218339,0.280539,0.088169,0.441737,0.060051,34.6,5.4,22.434185,9.196324,21.255922,10.346087,8.572904,4.809234,7.416907,2.497239,256.2
2022 to 2024,S12000010,East Lothian,Male,55 to 59,15.7,13.5,17.9,132,3791.5,2.272727,12.878788,6.818182,18.939394,43509,63.501804,2.09382,34.402078,3.842883,23.997334,1.165276,2.211037,14.340005,19.103116,112284,3.06366,1.036657,1.218339,0.280539,0.088169,0.441737,0.060051,34.6,5.4,22.434185,9.196324,21.255922,10.346087,8.572904,4.809234,7.416907,2.497239,256.2
2022 to 2024,S12000010,East Lothian,Male,60 to 64,12.6,10.5,14.7,132,3791.5,2.272727,12.878788,6.818182,18.939394,43509,63.501804,2.09382,34.402078,3.842883,23.997334,1.165276,2.211037,14.340005,19.103116,112284,3.06366,1.036657,1.218339,0.280539,0.088169,0.441737,0.060051,34.6,5.4,22.434185,9.196324,21.255922,10.346087,8.572904,4.809234,7.416907,2.497239,256.2
2022 to 2024,S12000010,East Lothian,Male,65 to 69,9.9,7.8,11.9,132,3791.5,2.272727,12.878788,6.818182,18.939394,43509,63.501804,2.09382,34.402078,3.842883,23.997334,1.165276,2.211037,14.340005,19.103116,112284,3.06366,1.036657,1.218339,0.280539,0.088169,0.441737,0.060051,34.6,5.4,22.434185,9.196324,21.255922,10.346087,8.572904,4.809234,7.416907,2.497239,256.2
2022 to 2024,S12000010,East Lothian,Male,70 to 74,7.3,5.3,9.4,132,3791.5,2.272727,12.878788,6.818182,18.939394,43509,63.501804,2.09382,34.402078,3.842883,23.997334,1.165276,2.211037,14.340005,19.103116,112284,3.06366,1.036657,1.218339,0.280539,0.088169,0.441737,0.060051,34.6,5.4,22.434185,9.196324,21.255922,10.346087,8.572904,4.809234,7.416907,2.497239,256.2
2022 to 2024,S12000010,East Lothian,Male,75 to 79,5.2,3.1,7.4,132,3791.5,2.272727,12.878788,6.818182,18.939394,43509,63.501804,2.09382,34.402078,3.842883,23.997334,1.165276,2.211037,14.340005,19.103116,112284,3.06366,1.036657,1.218339,0.280539,0.088169,0.441737,0.060051,34.6,5.4,22.434185,9.196324,21.255922,10.346087,8.572904,4.809234,7.416907,2.497239,256.2
2022 to 2024,S12000010,East Lothian,Male,80 to 84,3.5,1.2,5.9,132,3791.5,2.272727,12.878788,6.818182,18.939394,43509,63.501804,2.09382,34.402078,3.842883,23.997334,1.165276,2.211037,14.340005,19.103116,112284,3.06366,1.036657,1.218339,0.280539,0.088169,0.441737,0.060051,34.6,5.4,22.434185,9.196324,21.255922,10.346087,8.572904,4.809234,7.416907,2.497239,256.2
2022 to 2024,S12000010,East Lothian,Male,85 to 89,2.2,0.7,3.7,132,3791.5,2.272727,12.878788,6.818182,18.939394,43509,63.501804,2.09382,34.402078,3.842883,23.997334,1.165276,2.211037,14.340005,19.103116,112284,3.06366,1.036657,1.218339,0.280539,0.088169,0.441737,0.060051,34.6,5.4,22.434185,9.196324,21.255922,10.346087,8.572904,4.809234,7.416907,2.497239,256.2
2022 to 2024,S12000010,East Lothian,Male,90+,1.4,0.5,2.3,132,3791.5,2.272727,12.878788,6.818182,18.939394,43509,63.501804,2.09382,34.402078,3.842883,23.997334,1.165276,2.211037,14.340005,19.103116,112284,3.06366,1.036657,1.218339,0.280539,0.088169,0.441737,0.060051,34.6,5.4,22.434185,9.196324,21.255922,10.346087,8.572904,4.809234,7.416907,2.497239,256.2
2022 to 2024,S12000011,East Renfrewshire,Female,<1,68.7,64.3,73,122,5934.5,3.278689,48.360656,6.557377,55.737705,41034,54.557196,1.647414,43.788078,3.467856,29.580348,5.149388,4.116099,42.59615,9.996873,96817,12.529824,1.237386,9.457017,0.465827,0.057841,1.311753,0.225606,44.6,4.9,19.748598,8.691655,19.654606,7.509012,7.778593,4.248221,6.870694,2.185567,237.7
2022 to 2024,S12000011,East Renfrewshire,Female,01 to 04,67.8,63.5,72,122,5934.5,3.278689,48.360656,6.557377,55.737705,41034,54.557196,1.647414,43.788078,3.467856,29.580348,5.149388,4.116099,42.59615,9.996873,96817,12.529824,1.237386,9.457017,0.465827,0.057841,1.311753,0.225606,44.6,4.9,19.748598,8.691655,19.654606,7.509012,7.778593,4.248221,6.870694,2.185567,237.7
2022 to 2024,S12000011,East Renfrewshire,Female,05 to 09,63.9,60.1,67.8,122,5934.5,3.278689,48.360656,6.557377,55.737705,41034,54.557196,1.647414,43.788078,3.467856,29.580348,5.149388,4.116099,42.59615,9.996873,96817,12.529824,1.237386,9.457017,0.465827,0.057841,1.311753,0.225606,44.6,4.9,19.748598,8.691655,19.654606,7.509012,7.778593,4.248221,6.870694,2.185567,237.7
2022 to 2024,S12000011,East Renfrewshire,Female,10 to 14,59.2,55.8,62.6,122,5934.5,3.278689,48.360656,6.557377,55.737705,41034,54.557196,1.647414,43.788078,3.467856,29.580348,5.149388,4.116099,42.59615,9.996873,96817,12.529824,1.237386,9.457017,0.465827,0.057841,1.311753,0.225606,44.6,4.9,19.748598,8.691655,19.654606,7.509012,7.778593,4.248221,6.870694,2.185567,237.7
2022 to 2024,S12000011,East Renfrewshire,Female,15 to 19,54.5,51.4,57.6,122,5934.5,3.278689,48.360656,6.557377,55.737705,41034,54.557196,1.647414,43.788078,3.467856,29.580348,5.149388,4.116099,42.59615,9.996873,96817,12.529824,1.237386,9.457017,0.465827,0.057841,1.311753,0.225606,44.6,4.9,19.748598,8.691655,19.654606,7.509012,7.778593,4.248221,6.870694,2.185567,237.7
2022 to 2024,S12000011,East Renfrewshire,Female,20 to 24,50,47,53,122,5934.5,3.278689,48.360656,6.557377,55.737705,41034,54.557196,1.647414,43.788078,3.467856,29.580348,5.149388,4.116099,42.59615,9.996873,96817,12.529824,1.237386,9.457017,0.465827,0.057841,1.311753,0.225606,44.6,4.9,19.748598,8.691655,19.654606,7.509012,7.778593,4.248221,6.870694,2.185567,237.7
2022 to 2024,S12000011,East Renfrewshire,Female,25 to 29,45.6,42.6,48.5,122,5934.5,3.278689,48.360656,6.557377,55.737705,41034,54.557196,1.647414,43.788078,3.467856,29.580348,5.149388,4.116099,42.59615,9.996873,96817,12.529824,1.237386,9.457017,0.465827,0.057841,1.311753,0.225606,44.6,4.9,19.748598,8.691655,19.654606,7.509012,7.778593,4.248221,6.870694,2.185567,237.7
2022 to 2024,S12000011,East Renfrewshire,Female,30 to 34,41.4,38.6,44.1,122,5934.5,3.278689,48.360656,6.557377,55.737705,41034,54.557196,1.647414,43.788078,3.467856,29.580348,5.149388,4.116099,42.59615,9.996873,96817,12.529824,1.237386,9.457017,0.465827,0.057841,1.311753,0.225606,44.6,4.9,19.748598,8.691655,19.654606,7.509012,7.778593,4.248221,6.870694,2.185567,237.7
2022 to 2024,S12000011,East Renfrewshire,Female,35 to 39,37.1,34.4,39.7,122,5934.5,3.278689,48.360656,6.557377,55.737705,41034,54.557196,1.647414,43.788078,3.467856,29.580348,5.149388,4.116099,42.59615,9.996873,96817,12.529824,1.237386,9.457017,0.465827,0.057841,1.311753,0.225606,44.6,4.9,19.748598,8.691655,19.654606,7.509012,7.778593,4.248221,6.870694,2.185567,237.7
2022 to 2024,S12000011,East Renfrewshire,Female,40 to 44,32.8,30.2,35.3,122,5934.5,3.278689,48.360656,6.557377,55.737705,41034,54.557196,1.647414,43.788078,3.467856,29.580348,5.149388,4.116099,42.59615,9.996873,96817,12.529824,1.237386,9.457017,0.465827,0.057841,1.311753,0.225606,44.6,4.9,19.748598,8.691655,19.654606,7.509012,7.778593,4.248221,6.870694,2.185567,237.7
2022 to 2024,S12000011,East Renfrewshire,Female,45 to 49,28.6,26.2,31,122,5934.5,3.278689,48.360656,6.557377,55.737705,41034,54.557196,1.647414,43.788078,3.467856,29.580348,5.149388,4.116099,42.59615,9.996873,96817,12.529824,1.237386,9.457017,0.465827,0.057841,1.311753,0.225606,44.6,4.9,19.748598,8.691655,19.654606,7.509012,7.778593,4.248221,6.870694,2.185567,237.7
2022 to 2024,S12000011,East Renfrewshire,Female,50 to 54,24.6,22.2,26.9,122,5934.5,3.278689,48.360656,6.557377,55.737705,41034,54.557196,1.647414,43.788078,3.467856,29.580348,5.149388,4.116099,42.59615,9.996873,96817,12.529824,1.237386,9.457017,0.465827,0.057841,1.311753,0.225606,44.6,4.9,19.748598,8.691655,19.654606,7.509012,7.778593,4.248221,6.870694,2.185567,237.7
2022 to 2024,S12000011,East Renfrewshire,Female,55 to 59,20.7,18.4,22.9,122,5934.5,3.278689,48.360656,6.557377,55.737705,41034,54.557196,1.647414,43.788078,3.467856,29.580348,5.149388,4.116099,42.59615,9.996873,96817,12.529824,1.237386,9.457017,0.465827,0.057841,1.311753,0.225606,44.6,4.9,19.748598,8.691655,19.654606,7.509012,7.778593,4.248221,6.870694,2.185567,237.7
2022 to 2024,S12000011,East Renfrewshire,Female,60 to 64,17,14.8,19.2,122,5934.5,3.278689,48.360656,6.557377,55.737705,41034,54.557196,1.647414,43.788078,3.467856,29.580348,5.149388,4.116099,42.59615,9.996873,96817,12.529824,1.237386,9.457017,0.465827,0.057841,1.311753,0.225606,44.6,4.9,19.748598,8.691655,19.654606,7.509012,7.778593,4.248221,6.870694,2.185567,237.7
2022 to 2024,S12000011,East Renfrewshire,Female,65 to 69,13.6,11.5,15.7,122,5934.5,3.278689,48.360656,6.557377,55.737705,41034,54.557196,1.647414,43.788078,3.467856,29.580348,5.149388,4.116099,42.59615,9.996873,96817,12.529824,1.237386,9.457017,0.465827,0.057841,1.311753,0.225606,44.6,4.9,19.748598,8.691655,19.654606,7.509012,7.778593,4.248221,6.870694,2.185567,237.7
2022 to 2024,S12000011,East Renfrewshire,Female,70 to 74,10.4,8.4,12.5,122,5934.5,3.278689,48.360656,6.557377,55.737705,41034,54.557196,1.647414,43.788078,3.467856,29.580348,5.149388,4.116099,42.59615,9.996873,96817,12.529824,1.237386,9.457017,0.465827,0.057841,1.311753,0.225606,44.6,4.9,19.748598,8.691655,19.654606,7.509012,7.778593,4.248221,6.870694,2.185567,237.7
2022 to 2024,S12000011,East Renfrewshire,Female,75 to 79,7.4,5.4,9.5,122,5934.5,3.278689,48.360656,6.557377,55.737705,41034,54.557196,1.647414,43.788078,3.467856,29.580348,5.149388,4.116099,42.59615,9.996873,96817,12.529824,1.237386,9.457017,0.465827,0.057841,1.311753,0.225606,44.6,4.9,19.748598,8.691655,19.654606,7.509012,7.778593,4.248221,6.870694,2.185567,237.7
2022 to 2024,S12000011,East Renfrewshire,Female,80 to 84,5,2.9,7.1,122,5934.5,3.278689,48.360656,6.557377,55.737705,41034,54.557196,1.647414,43.788078,3.467856,29.580348,5.149388,4.116099,42.59615,9.996873,96817,12.529824,1.237386,9.457017,0.465827,0.057841,1.311753,0.225606,44.6,4.9,19.748598,8.691655,19.654606,7.509012,7.778593,4.248221,6.870694,2.185567,237.7
2022 to 2024,S12000011,East Renfrewshire,Female,85 to 89,3,1.7,4.2,122,5934.5,3.278689,48.360656,6.557377,55.737705,41034,54.557196,1.647414,43.788078,3.467856,29.580348,5.149388,4.116099,42.59615,9.996873,96817,12.529824,1.237386,9.457017,0.465827,0.057841,1.311753,0.225606,44.6,4.9,19.748598,8.691655,19.654606,7.509012,7.778593,4.248221,6.870694,2.185567,237.7
2022 to 2024,S12000011,East Renfrewshire,Female,90+,2,1.1,2.8,122,5934.5,3.278689,48.360656,6.557377,55.737705,41034,54.557196,1.647414,43.788078,3.467856,29.580348,5.149388,4.116099,42.59615,9.996873,96817,12.529824,1.237386,9.457017,0.465827,0.057841,1.311753,0.225606,44.6,4.9,19.748598,8.691655,19.654606,7.509012,7.778593,4.248221,6.870694,2.185567,237.7
2022 to 2024,S12000011,East Renfrewshire,Male,<1,67.9,64,71.8,122,5934.5,3.278689,48.360656,6.557377,55.737705,36423,62.721357,2.188178,35.082228,3.039288,24.51473,1.046042,3.744886,16.5638,18.656161,96817,12.529824,1.237386,9.457017,0.465827,0.057841,1.311753,0.225606,44.6,4.9,19.748598,8.691655,19.654606,7.509012,7.778593,4.248221,6.870694,2.185567,237.7
2022 to 2024,S12000011,East Renfrewshire,Male,01 to 04,67,63.2,70.9,122,5934.5,3.278689,48.360656,6.557377,55.737705,36423,62.721357,2.188178,35.082228,3.039288,24.51473,1.046042,3.744886,16.5638,18.656161,96817,12.529824,1.237386,9.457017,0.465827,0.057841,1.311753,0.225606,44.6,4.9,19.748598,8.691655,19.654606,7.509012,7.778593,4.248221,6.870694,2.185567,237.7
2022 to 2024,S12000011,East Renfrewshire,Male,05 to 09,63.3,59.8,66.9,122,5934.5,3.278689,48.360656,6.557377,55.737705,36423,62.721357,2.188178,35.082228,3.039288,24.51473,1.046042,3.744886,16.5638,18.656161,96817,12.529824,1.237386,9.457017,0.465827,0.057841,1.311753,0.225606,44.6,4.9,19.748598,8.691655,19.654606,7.509012,7.778593,4.248221,6.870694,2.185567,237.7
2022 to 2024,S12000011,East Renfrewshire,Male,10 to 14,58.6,55.4,61.9,122,5934.5,3.278689,48.360656,6.557377,55.737705,36423,62.721357,2.188178,35.082228,3.039288,24.51473,1.046042,3.744886,16.5638,18.656161,96817,12.529824,1.237386,9.457017,0.465827,0.057841,1.311753,0.225606,44.6,4.9,19.748598,8.691655,19.654606,7.509012,7.778593,4.248221,6.870694,2.185567,237.7
2022 to 2024,S12000011,East Renfrewshire,Male,15 to 19,54,50.9,57.1,122,5934.5,3.278689,48.360656,6.557377,55.737705,36423,62.721357,2.188178,35.082228,3.039288,24.51473,1.046042,3.744886,16.5638,18.656161,96817,12.529824,1.237386,9.457017,0.465827,0.057841,1.311753,0.225606,44.6,4.9,19.748598,8.691655,19.654606,7.509012,7.778593,4.248221,6.870694,2.185567,237.7
2022 to 2024,S12000011,East Renfrewshire,Male,20 to 24,49.4,46.4,52.4,122,5934.5,3.278689,48.360656,6.557377,55.737705,36423,62.721357,2.188178,35.082228,3.039288,24.51473,1.046042,3.744886,16.5638,18.656161,96817,12.529824,1.237386,9.457017,0.465827,0.057841,1.311753,0.225606,44.6,4.9,19.748598,8.691655,19.654606,7.509012,7.778593,4.248221,6.870694,2.185567,237.7
2022 to 2024,S12000011,East Renfrewshire,Male,25 to 29,44.9,42,47.8,122,5934.5,3.278689,48.360656,6.557377,55.737705,36423,62.721357,2.188178,35.082228,3.039288,24.51473,1.046042,3.744886,16.5638,18.656161,96817,12.529824,1.237386,9.457017,0.465827,0.057841,1.311753,0.225606,44.6,4.9,19.748598,8.691655,19.654606,7.509012,7.778593,4.248221,6.870694,2.185567,237.7
2022 to 2024,S12000011,East Renfrewshire,Male,30 to 34,40.6,37.8,43.4,122,5934.5,3.278689,48.360656,6.557377,55.737705,36423,62.721357,2.188178,35.082228,3.039288,24.51473,1.046042,3.744886,16.5638,18.656161,96817,12.529824,1.237386,9.457017,0.465827,0.057841,1.311753,0.225606,44.6,4.9,19.748598,8.691655,19.654606,7.509012,7.778593,4.248221,6.870694,2.185567,237.7
2022 to 2024,S12000011,East Renfrewshire,Male,35 to 39,36.2,33.5,38.9,122,5934.5,3.278689,48.360656,6.557377,55.737705,36423,62.721357,2.188178,35.082228,3.039288,24.51473,1.046042,3.744886,16.5638,18.656161,96817,12.529824,1.237386,9.457017,0.465827,0.057841,1.311753,0.225606,44.6,4.9,19.748598,8.691655,19.654606,7.509012,7.778593,4.248221,6.870694,2.185567,237.7
2022 to 2024,S12000011,East Renfrewshire,Male,40 to 44,31.8,29.2,34.5,122,5934.5,3.278689,48.360656,6.557377,55.737705,36423,62.721357,2.188178,35.082228,3.039288,24.51473,1.046042,3.744886,16.5638,18.656161,96817,12.529824,1.237386,9.457017,0.465827,0.057841,1.311753,0.225606,44.6,4.9,19.748598,8.691655,19.654606,7.509012,7.778593,4.248221,6.870694,2.185567,237.7
2022 to 2024,S12000011,East Renfrewshire,Male,45 to 49,27.6,25.1,30.2,122,5934.5,3.278689,48.360656,6.557377,55.737705,36423,62.721357,2.188178,35.082228,3.039288,24.51473,1.046042,3.744886,16.5638,18.656161,96817,12.529824,1.237386,9.457017,0.465827,0.057841,1.311753,0.225606,44.6,4.9,19.748598,8.691655,19.654606,7.509012,7.778593,4.248221,6.870694,2.185567,237.7
2022 to 2024,S12000011,East Renfrewshire,Male,50 to 54,23.5,21.1,25.9,122,5934.5,3.278689,48.360656,6.557377,55.737705,36423,62.721357,2.188178,35.082228,3.039288,24.51473,1.046042,3.744886,16.5638,18.656161,96817,12.529824,1.237386,9.457017,0.465827,0.057841,1.311753,0.225606,44.6,4.9,19.748598,8.691655,19.654606,7.509012,7.778593,4.248221,6.870694,2.185567,237.7
2022 to 2024,S12000011,East Renfrewshire,Male,55 to 59,19.6,17.3,22,122,5934.5,3.278689,48.360656,6.557377,55.737705,36423,62.721357,2.188178,35.082228,3.039288,24.51473,1.046042,3.744886,16.5638,18.656161,96817,12.529824,1.237386,9.457017,0.465827,0.057841,1.311753,0.225606,44.6,4.9,19.748598,8.691655,19.654606,7.509012,7.778593,4.248221,6.870694,2.185567,237.7
2022 to 2024,S12000011,East Renfrewshire,Male,60 to 64,16,13.7,18.3,122,5934.5,3.278689,48.360656,6.557377,55.737705,36423,62.721357,2.188178,35.082228,3.039288,24.51473,1.046042,3.744886,16.5638,18.656161,96817,12.529824,1.237386,9.457017,0.465827,0.057841,1.311753,0.225606,44.6,4.9,19.748598,8.691655,19.654606,7.509012,7.778593,4.248221,6.870694,2.185567,237.7
2022 to 2024,S12000011,East Renfrewshire,Male,65 to 69,12.8,10.5,15,122,5934.5,3.278689,48.360656,6.557377,55.737705,36423,62.721357,2.188178,35.082228,3.039288,24.51473,1.046042,3.744886,16.5638,18.656161,96817,12.529824,1.237386,9.457017,0.465827,0.057841,1.311753,0.225606,44.6,4.9,19.748598,8.691655,19.654606,7.509012,7.778593,4.248221,6.870694,2.185567,237.7
2022 to 2024,S12000011,East Renfrewshire,Male,70 to 74,9.8,7.6,12,122,5934.5,3.278689,48.360656,6.557377,55.737705,36423,62.721357,2.188178,35.082228,3.039288,24.51473,1.046042,3.744886,16.5638,18.656161,96817,12.529824,1.237386,9.457017,0.465827,0.057841,1.311753,0.225606,44.6,4.9,19.748598,8.691655,19.654606,7.509012,7.778593,4.248221,6.870694,2.185567,237.7
2022 to 2024,S12000011,East Renfrewshire,Male,75 to 79,7.1,4.8,9.4,122,5934.5,3.278689,48.360656,6.557377,55.737705,36423,62.721357,2.188178,35.082228,3.039288,24.51473,1.046042,3.744886,16.5638,18.656161,96817,12.529824,1.237386,9.457017,0.465827,0.057841,1.311753,0.225606,44.6,4.9,19.748598,8.691655,19.654606,7.509012,7.778593,4.248221,6.870694,2.185567,237.7
2022 to 2024,S12000011,East Renfrewshire,Male,80 to 84,4.9,2.4,7.3,122,5934.5,3.278689,48.360656,6.557377,55.737705,36423,62.721357,2.188178,35.082228,3.039288,24.51473,1.046042,3.744886,16.5638,18.656161,96817,12.529824,1.237386,9.457017,0.465827,0.057841,1.311753,0.225606,44.6,4.9,19.748598,8.691655,19.654606,7.509012,7.778593,4.248221,6.870694,2.185567,237.7
2022 to 2024,S12000011,East Renfrewshire,Male,85 to 89,3.2,1.6,4.8,122,5934.5,3.278689,48.360656,6.557377,55.737705,36423,62.721357,2.188178,35.082228,3.039288,24.51473,1.046042,3.744886,16.5638,18.656161,96817,12.529824,1.237386,9.457017,0.465827,0.057841,1.311753,0.225606,44.6,4.9,19.748598,8.691655,19.654606,7.509012,7.778593,4.248221,6.870694,2.185567,237.7
2022 to 2024,S12000011,East Renfrewshire,Male,90+,2.3,1.1,3.4,122,5934.5,3.278689,48.360656,6.557377,55.737705,36423,62.721357,2.188178,35.082228,3.039288,24.51473,1.046042,3.744886,16.5638,18.656161,96817,12.529824,1.237386,9.457017,0.465827,0.057841,1.311753,0.225606,44.6,4.9,19.748598,8.691655,19.654606,7.509012,7.778593,4.248221,6.870694,2.185567,237.7
2022 to 2024,S12000014,Falkirk,Female,<1,59.2,55.5,62.8,214,3145,11.214953,10.747664,17.28972,17.757009,68227,57.285239,2.010934,40.705293,5.63853,25.259795,5.020007,3.554311,40.543445,7.256166,158404,3.475922,0.710209,2.048559,0.374991,0.073862,0.267039,0.067818,25.7,7,24.584606,11.161966,21.92432,11.570415,10.094442,5.052271,7.350193,2.359158,378.4
2022 to 2024,S12000014,Falkirk,Female,01 to 04,58.6,55,62.1,214,3145,11.214953,10.747664,17.28972,17.757009,68227,57.285239,2.010934,40.705293,5.63853,25.259795,5.020007,3.554311,40.543445,7.256166,158404,3.475922,0.710209,2.048559,0.374991,0.073862,0.267039,0.067818,25.7,7,24.584606,11.161966,21.92432,11.570415,10.094442,5.052271,7.350193,2.359158,378.4
2022 to 2024,S12000014,Falkirk,Female,05 to 09,55,51.8,58.2,214,3145,11.214953,10.747664,17.28972,17.757009,68227,57.285239,2.010934,40.705293,5.63853,25.259795,5.020007,3.554311,40.543445,7.256166,158404,3.475922,0.710209,2.048559,0.374991,0.073862,0.267039,0.067818,25.7,7,24.584606,11.161966,21.92432,11.570415,10.094442,5.052271,7.350193,2.359158,378.4
2022 to 2024,S12000014,Falkirk,Female,10 to 14,50.5,47.7,53.3,214,3145,11.214953,10.747664,17.28972,17.757009,68227,57.285239,2.010934,40.705293,5.63853,25.259795,5.020007,3.554311,40.543445,7.256166,158404,3.475922,0.710209,2.048559,0.374991,0.073862,0.267039,0.067818,25.7,7,24.584606,11.161966,21.92432,11.570415,10.094442,5.052271,7.350193,2.359158,378.4
2022 to 2024,S12000014,Falkirk,Female,15 to 19,46.1,43.5,48.7,214,3145,11.214953,10.747664,17.28972,17.757009,68227,57.285239,2.010934,40.705293,5.63853,25.259795,5.020007,3.554311,40.543445,7.256166,158404,3.475922,0.710209,2.048559,0.374991,0.073862,0.267039,0.067818,25.7,7,24.584606,11.161966,21.92432,11.570415,10.094442,5.052271,7.350193,2.359158,378.4
2022 to 2024,S12000014,Falkirk,Female,20 to 24,41.8,39.3,44.3,214,3145,11.214953,10.747664,17.28972,17.757009,68227,57.285239,2.010934,40.705293,5.63853,25.259795,5.020007,3.554311,40.543445,7.256166,158404,3.475922,0.710209,2.048559,0.374991,0.073862,0.267039,0.067818,25.7,7,24.584606,11.161966,21.92432,11.570415,10.094442,5.052271,7.350193,2.359158,378.4
2022 to 2024,S12000014,Falkirk,Female,25 to 29,37.7,35.3,40,214,3145,11.214953,10.747664,17.28972,17.757009,68227,57.285239,2.010934,40.705293,5.63853,25.259795,5.020007,3.554311,40.543445,7.256166,158404,3.475922,0.710209,2.048559,0.374991,0.073862,0.267039,0.067818,25.7,7,24.584606,11.161966,21.92432,11.570415,10.094442,5.052271,7.350193,2.359158,378.4
2022 to 2024,S12000014,Falkirk,Female,30 to 34,33.6,31.3,35.9,214,3145,11.214953,10.747664,17.28972,17.757009,68227,57.285239,2.010934,40.705293,5.63853,25.259795,5.020007,3.554311,40.543445,7.256166,158404,3.475922,0.710209,2.048559,0.374991,0.073862,0.267039,0.067818,25.7,7,24.584606,11.161966,21.92432,11.570415,10.094442,5.052271,7.350193,2.359158,378.4
2022 to 2024,S12000014,Falkirk,Female,35 to 39,29.7,27.5,31.9,214,3145,11.214953,10.747664,17.28972,17.757009,68227,57.285239,2.010934,40.705293,5.63853,25.259795,5.020007,3.554311,40.543445,7.256166,158404,3.475922,0.710209,2.048559,0.374991,0.073862,0.267039,0.067818,25.7,7,24.584606,11.161966,21.92432,11.570415,10.094442,5.052271,7.350193,2.359158,378.4
2022 to 2024,S12000014,Falkirk,Female,40 to 44,26,23.9,28.1,214,3145,11.214953,10.747664,17.28972,17.757009,68227,57.285239,2.010934,40.705293,5.63853,25.259795,5.020007,3.554311,40.543445,7.256166,158404,3.475922,0.710209,2.048559,0.374991,0.073862,0.267039,0.067818,25.7,7,24.584606,11.161966,21.92432,11.570415,10.094442,5.052271,7.350193,2.359158,378.4
2022 to 2024,S12000014,Falkirk,Female,45 to 49,22.3,20.3,24.4,214,3145,11.214953,10.747664,17.28972,17.757009,68227,57.285239,2.010934,40.705293,5.63853,25.259795,5.020007,3.554311,40.543445,7.256166,158404,3.475922,0.710209,2.048559,0.374991,0.073862,0.267039,0.067818,25.7,7,24.584606,11.161966,21.92432,11.570415,10.094442,5.052271,7.350193,2.359158,378.4
2022 to 2024,S12000014,Falkirk,Female,50 to 54,18.9,17,20.7,214,3145,11.214953,10.747664,17.28972,17.757009,68227,57.285239,2.010934,40.705293,5.63853,25.259795,5.020007,3.554311,40.543445,7.256166,158404,3.475922,0.710209,2.048559,0.374991,0.073862,0.267039,0.067818,25.7,7,24.584606,11.161966,21.92432,11.570415,10.094442,5.052271,7.350193,2.359158,378.4
2022 to 2024,S12000014,Falkirk,Female,55 to 59,15.6,13.8,17.5,214,3145,11.214953,10.747664,17.28972,17.757009,68227,57.285239,2.010934,40.705293,5.63853,25.259795,5.020007,3.554311,40.543445,7.256166,158404,3.475922,0.710209,2.048559,0.374991,0.073862,0.267039,0.067818,25.7,7,24.584606,11.161966,21.92432,11.570415,10.094442,5.052271,7.350193,2.359158,378.4
2022 to 2024,S12000014,Falkirk,Female,60 to 64,12.7,10.9,14.4,214,3145,11.214953,10.747664,17.28972,17.757009,68227,57.285239,2.010934,40.705293,5.63853,25.259795,5.020007,3.554311,40.543445,7.256166,158404,3.475922,0.710209,2.048559,0.374991,0.073862,0.267039,0.067818,25.7,7,24.584606,11.161966,21.92432,11.570415,10.094442,5.052271,7.350193,2.359158,378.4
2022 to 2024,S12000014,Falkirk,Female,65 to 69,10,8.3,11.7,214,3145,11.214953,10.747664,17.28972,17.757009,68227,57.285239,2.010934,40.705293,5.63853,25.259795,5.020007,3.554311,40.543445,7.256166,158404,3.475922,0.710209,2.048559,0.374991,0.073862,0.267039,0.067818,25.7,7,24.584606,11.161966,21.92432,11.570415,10.094442,5.052271,7.350193,2.359158,378.4
2022 to 2024,S12000014,Falkirk,Female,70 to 74,7.5,5.8,9.2,214,3145,11.214953,10.747664,17.28972,17.757009,68227,57.285239,2.010934,40.705293,5.63853,25.259795,5.020007,3.554311,40.543445,7.256166,158404,3.475922,0.710209,2.048559,0.374991,0.073862,0.267039,0.067818,25.7,7,24.584606,11.161966,21.92432,11.570415,10.094442,5.052271,7.350193,2.359158,378.4
2022 to 2024,S12000014,Falkirk,Female,75 to 79,5.3,3.6,7,214,3145,11.214953,10.747664,17.28972,17.757009,68227,57.285239,2.010934,40.705293,5.63853,25.259795,5.020007,3.554311,40.543445,7.256166,158404,3.475922,0.710209,2.048559,0.374991,0.073862,0.267039,0.067818,25.7,7,24.584606,11.161966,21.92432,11.570415,10.094442,5.052271,7.350193,2.359158,378.4
2022 to 2024,S12000014,Falkirk,Female,80 to 84,3.5,1.5,5.4,214,3145,11.214953,10.747664,17.28972,17.757009,68227,57.285239,2.010934,40.705293,5.63853,25.259795,5.020007,3.554311,40.543445,7.256166,158404,3.475922,0.710209,2.048559,0.374991,0.073862,0.267039,0.067818,25.7,7,24.584606,11.161966,21.92432,11.570415,10.094442,5.052271,7.350193,2.359158,378.4
2022 to 2024,S12000014,Falkirk,Female,85 to 89,2.1,0.9,3.3,214,3145,11.214953,10.747664,17.28972,17.757009,68227,57.285239,2.010934,40.705293,5.63853,25.259795,5.020007,3.554311,40.543445,7.256166,158404,3.475922,0.710209,2.048559,0.374991,0.073862,0.267039,0.067818,25.7,7,24.584606,11.161966,21.92432,11.570415,10.094442,5.052271,7.350193,2.359158,378.4
2022 to 2024,S12000014,Falkirk,Female,90+,1.3,0.6,2,214,3145,11.214953,10.747664,17.28972,17.757009,68227,57.285239,2.010934,40.705293,5.63853,25.259795,5.020007,3.554311,40.543445,7.256166,158404,3.475922,0.710209,2.048559,0.374991,0.073862,0.267039,0.067818,25.7,7,24.584606,11.161966,21.92432,11.570415,10.094442,5.052271,7.350193,2.359158,378.4
2022 to 2024,S12000014,Falkirk,Male,<1,58.8,55.3,62.4,214,3145,11.214953,10.747664,17.28972,17.757009,63170,63.807187,2.88903,33.297451,4.815577,21.689093,1.380402,2.300142,12.211278,13.687449,158404,3.475922,0.710209,2.048559,0.374991,0.073862,0.267039,0.067818,25.7,7,24.584606,11.161966,21.92432,11.570415,10.094442,5.052271,7.350193,2.359158,378.4
2022 to 2024,S12000014,Falkirk,Male,01 to 04,58.2,54.7,61.7,214,3145,11.214953,10.747664,17.28972,17.757009,63170,63.807187,2.88903,33.297451,4.815577,21.689093,1.380402,2.300142,12.211278,13.687449,158404,3.475922,0.710209,2.048559,0.374991,0.073862,0.267039,0.067818,25.7,7,24.584606,11.161966,21.92432,11.570415,10.094442,5.052271,7.350193,2.359158,378.4
2022 to 2024,S12000014,Falkirk,Male,05 to 09,54.5,51.4,57.6,214,3145,11.214953,10.747664,17.28972,17.757009,63170,63.807187,2.88903,33.297451,4.815577,21.689093,1.380402,2.300142,12.211278,13.687449,158404,3.475922,0.710209,2.048559,0.374991,0.073862,0.267039,0.067818,25.7,7,24.584606,11.161966,21.92432,11.570415,10.094442,5.052271,7.350193,2.359158,378.4
2022 to 2024,S12000014,Falkirk,Male,10 to 14,50,47.3,52.7,214,3145,11.214953,10.747664,17.28972,17.757009,63170,63.807187,2.88903,33.297451,4.815577,21.689093,1.380402,2.300142,12.211278,13.687449,158404,3.475922,0.710209,2.048559,0.374991,0.073862,0.267039,0.067818,25.7,7,24.584606,11.161966,21.92432,11.570415,10.094442,5.052271,7.350193,2.359158,378.4
2022 to 2024,S12000014,Falkirk,Male,15 to 19,45.5,43.1,47.9,214,3145,11.214953,10.747664,17.28972,17.757009,63170,63.807187,2.88903,33.297451,4.815577,21.689093,1.380402,2.300142,12.211278,13.687449,158404,3.475922,0.710209,2.048559,0.374991,0.073862,0.267039,0.067818,25.7,7,24.584606,11.161966,21.92432,11.570415,10.094442,5.052271,7.350193,2.359158,378.4
2022 to 2024,S12000014,Falkirk,Male,20 to 24,41.2,38.9,43.5,214,3145,11.214953,10.747664,17.28972,17.757009,63170,63.807187,2.88903,33.297451,4.815577,21.689093,1.380402,2.300142,12.211278,13.687449,158404,3.475922,0.710209,2.048559,0.374991,0.073862,0.267039,0.067818,25.7,7,24.584606,11.161966,21.92432,11.570415,10.094442,5.052271,7.350193,2.359158,378.4
2022 to 2024,S12000014,Falkirk,Male,25 to 29,37,34.7,39.3,214,3145,11.214953,10.747664,17.28972,17.757009,63170,63.807187,2.88903,33.297451,4.815577,21.689093,1.380402,2.300142,12.211278,13.687449,158404,3.475922,0.710209,2.048559,0.374991,0.073862,0.267039,0.067818,25.7,7,24.584606,11.161966,21.92432,11.570415,10.094442,5.052271,7.350193,2.359158,378.4
2022 to 2024,S12000014,Falkirk,Male,30 to 34,32.9,30.7,35,214,3145,11.214953,10.747664,17.28972,17.757009,63170,63.807187,2.88903,33.297451,4.815577,21.689093,1.380402,2.300142,12.211278,13.687449,158404,3.475922,0.710209,2.048559,0.374991,0.073862,0.267039,0.067818,25.7,7,24.584606,11.161966,21.92432,11.570415,10.094442,5.052271,7.350193,2.359158,378.4
2022 to 2024,S12000014,Falkirk,Male,35 to 39,29,26.9,31.1,214,3145,11.214953,10.747664,17.28972,17.757009,63170,63.807187,2.88903,33.297451,4.815577,21.689093,1.380402,2.300142,12.211278,13.687449,158404,3.475922,0.710209,2.048559,0.374991,0.073862,0.267039,0.067818,25.7,7,24.584606,11.161966,21.92432,11.570415,10.094442,5.052271,7.350193,2.359158,378.4
2022 to 2024,S12000014,Falkirk,Male,40 to 44,25.2,23.2,27.2,214,3145,11.214953,10.747664,17.28972,17.757009,63170,63.807187,2.88903,33.297451,4.815577,21.689093,1.380402,2.300142,12.211278,13.687449,158404,3.475922,0.710209,2.048559,0.374991,0.073862,0.267039,0.067818,25.7,7,24.584606,11.161966,21.92432,11.570415,10.094442,5.052271,7.350193,2.359158,378.4
2022 to 2024,S12000014,Falkirk,Male,45 to 49,21.6,19.7,23.5,214,3145,11.214953,10.747664,17.28972,17.757009,63170,63.807187,2.88903,33.297451,4.815577,21.689093,1.380402,2.300142,12.211278,13.687449,158404,3.475922,0.710209,2.048559,0.374991,0.073862,0.267039,0.067818,25.7,7,24.584606,11.161966,21.92432,11.570415,10.094442,5.052271,7.350193,2.359158,378.4
2022 to 2024,S12000014,Falkirk,Male,50 to 54,18.2,16.4,19.9,214,3145,11.214953,10.747664,17.28972,17.757009,63170,63.807187,2.88903,33.297451,4.815577,21.689093,1.380402,2.300142,12.211278,13.687449,158404,3.475922,0.710209,2.048559,0.374991,0.073862,0.267039,0.067818,25.7,7,24.584606,11.161966,21.92432,11.570415,10.094442,5.052271,7.350193,2.359158,378.4
2022 to 2024,S12000014,Falkirk,Male,55 to 59,15,13.3,16.6,214,3145,11.214953,10.747664,17.28972,17.757009,63170,63.807187,2.88903,33.297451,4.815577,21.689093,1.380402,2.300142,12.211278,13.687449,158404,3.475922,0.710209,2.048559,0.374991,0.073862,0.267039,0.067818,25.7,7,24.584606,11.161966,21.92432,11.570415,10.094442,5.052271,7.350193,2.359158,378.4
2022 to 2024,S12000014,Falkirk,Male,60 to 64,11.9,10.3,13.5,214,3145,11.214953,10.747664,17.28972,17.757009,63170,63.807187,2.88903,33.297451,4.815577,21.689093,1.380402,2.300142,12.211278,13.687449,158404,3.475922,0.710209,2.048559,0.374991,0.073862,0.267039,0.067818,25.7,7,24.584606,11.161966,21.92432,11.570415,10.094442,5.052271,7.350193,2.359158,378.4
2022 to 2024,S12000014,Falkirk,Male,65 to 69,9.3,7.7,10.8,214,3145,11.214953,10.747664,17.28972,17.757009,63170,63.807187,2.88903,33.297451,4.815577,21.689093,1.380402,2.300142,12.211278,13.687449,158404,3.475922,0.710209,2.048559,0.374991,0.073862,0.267039,0.067818,25.7,7,24.584606,11.161966,21.92432,11.570415,10.094442,5.052271,7.350193,2.359158,378.4
2022 to 2024,S12000014,Falkirk,Male,70 to 74,6.9,5.4,8.4,214,3145,11.214953,10.747664,17.28972,17.757009,63170,63.807187,2.88903,33.297451,4.815577,21.689093,1.380402,2.300142,12.211278,13.687449,158404,3.475922,0.710209,2.048559,0.374991,0.073862,0.267039,0.067818,25.7,7,24.584606,11.161966,21.92432,11.570415,10.094442,5.052271,7.350193,2.359158,378.4
2022 to 2024,S12000014,Falkirk,Male,75 to 79,4.9,3.4,6.5,214,3145,11.214953,10.747664,17.28972,17.757009,63170,63.807187,2.88903,33.297451,4.815577,21.689093,1.380402,2.300142,12.211278,13.687449,158404,3.475922,0.710209,2.048559,0.374991,0.073862,0.267039,0.067818,25.7,7,24.584606,11.161966,21.92432,11.570415,10.094442,5.052271,7.350193,2.359158,378.4
2022 to 2024,S12000014,Falkirk,Male,80 to 84,3.3,1.5,5.1,214,3145,11.214953,10.747664,17.28972,17.757009,63170,63.807187,2.88903,33.297451,4.815577,21.689093,1.380402,2.300142,12.211278,13.687449,158404,3.475922,0.710209,2.048559,0.374991,0.073862,0.267039,0.067818,25.7,7,24.584606,11.161966,21.92432,11.570415,10.094442,5.052271,7.350193,2.359158,378.4
2022 to 2024,S12000014,Falkirk,Male,85 to 89,2.1,1,3.3,214,3145,11.214953,10.747664,17.28972,17.757009,63170,63.807187,2.88903,33.297451,4.815577,21.689093,1.380402,2.300142,12.211278,13.687449,158404,3.475922,0.710209,2.048559,0.374991,0.073862,0.267039,0.067818,25.7,7,24.584606,11.161966,21.92432,11.570415,10.094442,5.052271,7.350193,2.359158,378.4
2022 to 2024,S12000014,Falkirk,Male,90+,1.4,0.6,2.2,214,3145,11.214953,10.747664,17.28972,17.757009,63170,63.807187,2.88903,33.297451,4.815577,21.689093,1.380402,2.300142,12.211278,13.687449,158404,3.475922,0.710209,2.048559,0.374991,0.073862,0.267039,0.067818,25.7,7,24.584606,11.161966,21.92432,11.570415,10.094442,5.052271,7.350193,2.359158,378.4
2022 to 2024,S12000047,Fife,Female,<1,59,55.4,62.7,494,3439.5,15.991903,14.777328,19.838057,19.02834,161704,52.46809,2.24175,45.287068,5.445753,27.192896,5.381438,3.695641,42.74012,9.22999,371781,4.00666,0.890847,2.15557,0.364462,0.084996,0.510785,0.077944,28.6,6.7,25.700883,11.126981,23.444178,11.87285,10.351524,5.763877,7.783077,2.759151,464.1
2022 to 2024,S12000047,Fife,Female,01 to 04,58.3,54.8,61.8,494,3439.5,15.991903,14.777328,19.838057,19.02834,161704,52.46809,2.24175,45.287068,5.445753,27.192896,5.381438,3.695641,42.74012,9.22999,371781,4.00666,0.890847,2.15557,0.364462,0.084996,0.510785,0.077944,28.6,6.7,25.700883,11.126981,23.444178,11.87285,10.351524,5.763877,7.783077,2.759151,464.1
2022 to 2024,S12000047,Fife,Female,05 to 09,54.7,51.6,57.8,494,3439.5,15.991903,14.777328,19.838057,19.02834,161704,52.46809,2.24175,45.287068,5.445753,27.192896,5.381438,3.695641,42.74012,9.22999,371781,4.00666,0.890847,2.15557,0.364462,0.084996,0.510785,0.077944,28.6,6.7,25.700883,11.126981,23.444178,11.87285,10.351524,5.763877,7.783077,2.759151,464.1
2022 to 2024,S12000047,Fife,Female,10 to 14,50.3,47.6,52.9,494,3439.5,15.991903,14.777328,19.838057,19.02834,161704,52.46809,2.24175,45.287068,5.445753,27.192896,5.381438,3.695641,42.74012,9.22999,371781,4.00666,0.890847,2.15557,0.364462,0.084996,0.510785,0.077944,28.6,6.7,25.700883,11.126981,23.444178,11.87285,10.351524,5.763877,7.783077,2.759151,464.1
2022 to 2024,S12000047,Fife,Female,15 to 19,45.9,43.5,48.2,494,3439.5,15.991903,14.777328,19.838057,19.02834,161704,52.46809,2.24175,45.287068,5.445753,27.192896,5.381438,3.695641,42.74012,9.22999,371781,4.00666,0.890847,2.15557,0.364462,0.084996,0.510785,0.077944,28.6,6.7,25.700883,11.126981,23.444178,11.87285,10.351524,5.763877,7.783077,2.759151,464.1
2022 to 2024,S12000047,Fife,Female,20 to 24,41.6,39.4,43.8,494,3439.5,15.991903,14.777328,19.838057,19.02834,161704,52.46809,2.24175,45.287068,5.445753,27.192896,5.381438,3.695641,42.74012,9.22999,371781,4.00666,0.890847,2.15557,0.364462,0.084996,0.510785,0.077944,28.6,6.7,25.700883,11.126981,23.444178,11.87285,10.351524,5.763877,7.783077,2.759151,464.1
2022 to 2024,S12000047,Fife,Female,25 to 29,37.5,35.4,39.6,494,3439.5,15.991903,14.777328,19.838057,19.02834,161704,52.46809,2.24175,45.287068,5.445753,27.192896,5.381438,3.695641,42.74012,9.22999,371781,4.00666,0.890847,2.15557,0.364462,0.084996,0.510785,0.077944,28.6,6.7,25.700883,11.126981,23.444178,11.87285,10.351524,5.763877,7.783077,2.759151,464.1
2022 to 2024,S12000047,Fife,Female,30 to 34,33.5,31.5,35.5,494,3439.5,15.991903,14.777328,19.838057,19.02834,161704,52.46809,2.24175,45.287068,5.445753,27.192896,5.381438,3.695641,42.74012,9.22999,371781,4.00666,0.890847,2.15557,0.364462,0.084996,0.510785,0.077944,28.6,6.7,25.700883,11.126981,23.444178,11.87285,10.351524,5.763877,7.783077,2.759151,464.1
2022 to 2024,S12000047,Fife,Female,35 to 39,29.6,27.7,31.5,494,3439.5,15.991903,14.777328,19.838057,19.02834,161704,52.46809,2.24175,45.287068,5.445753,27.192896,5.381438,3.695641,42.74012,9.22999,371781,4.00666,0.890847,2.15557,0.364462,0.084996,0.510785,0.077944,28.6,6.7,25.700883,11.126981,23.444178,11.87285,10.351524,5.763877,7.783077,2.759151,464.1
2022 to 2024,S12000047,Fife,Female,40 to 44,25.9,24.1,27.7,494,3439.5,15.991903,14.777328,19.838057,19.02834,161704,52.46809,2.24175,45.287068,5.445753,27.192896,5.381438,3.695641,42.74012,9.22999,371781,4.00666,0.890847,2.15557,0.364462,0.084996,0.510785,0.077944,28.6,6.7,25.700883,11.126981,23.444178,11.87285,10.351524,5.763877,7.783077,2.759151,464.1
2022 to 2024,S12000047,Fife,Female,45 to 49,22.4,20.6,24.1,494,3439.5,15.991903,14.777328,19.838057,19.02834,161704,52.46809,2.24175,45.287068,5.445753,27.192896,5.381438,3.695641,42.74012,9.22999,371781,4.00666,0.890847,2.15557,0.364462,0.084996,0.510785,0.077944,28.6,6.7,25.700883,11.126981,23.444178,11.87285,10.351524,5.763877,7.783077,2.759151,464.1
2022 to 2024,S12000047,Fife,Female,50 to 54,19,17.4,20.6,494,3439.5,15.991903,14.777328,19.838057,19.02834,161704,52.46809,2.24175,45.287068,5.445753,27.192896,5.381438,3.695641,42.74012,9.22999,371781,4.00666,0.890847,2.15557,0.364462,0.084996,0.510785,0.077944,28.6,6.7,25.700883,11.126981,23.444178,11.87285,10.351524,5.763877,7.783077,2.759151,464.1
2022 to 2024,S12000047,Fife,Female,55 to 59,15.8,14.3,17.3,494,3439.5,15.991903,14.777328,19.838057,19.02834,161704,52.46809,2.24175,45.287068,5.445753,27.192896,5.381438,3.695641,42.74012,9.22999,371781,4.00666,0.890847,2.15557,0.364462,0.084996,0.510785,0.077944,28.6,6.7,25.700883,11.126981,23.444178,11.87285,10.351524,5.763877,7.783077,2.759151,464.1
2022 to 2024,S12000047,Fife,Female,60 to 64,12.9,11.4,14.4,494,3439.5,15.991903,14.777328,19.838057,19.02834,161704,52.46809,2.24175,45.287068,5.445753,27.192896,5.381438,3.695641,42.74012,9.22999,371781,4.00666,0.890847,2.15557,0.364462,0.084996,0.510785,0.077944,28.6,6.7,25.700883,11.126981,23.444178,11.87285,10.351524,5.763877,7.783077,2.759151,464.1
2022 to 2024,S12000047,Fife,Female,65 to 69,10.2,8.7,11.6,494,3439.5,15.991903,14.777328,19.838057,19.02834,161704,52.46809,2.24175,45.287068,5.445753,27.192896,5.381438,3.695641,42.74012,9.22999,371781,4.00666,0.890847,2.15557,0.364462,0.084996,0.510785,0.077944,28.6,6.7,25.700883,11.126981,23.444178,11.87285,10.351524,5.763877,7.783077,2.759151,464.1
2022 to 2024,S12000047,Fife,Female,70 to 74,7.7,6.3,9.2,494,3439.5,15.991903,14.777328,19.838057,19.02834,161704,52.46809,2.24175,45.287068,5.445753,27.192896,5.381438,3.695641,42.74012,9.22999,371781,4.00666,0.890847,2.15557,0.364462,0.084996,0.510785,0.077944,28.6,6.7,25.700883,11.126981,23.444178,11.87285,10.351524,5.763877,7.783077,2.759151,464.1
2022 to 2024,S12000047,Fife,Female,75 to 79,5.5,4.1,7,494,3439.5,15.991903,14.777328,19.838057,19.02834,161704,52.46809,2.24175,45.287068,5.445753,27.192896,5.381438,3.695641,42.74012,9.22999,371781,4.00666,0.890847,2.15557,0.364462,0.084996,0.510785,0.077944,28.6,6.7,25.700883,11.126981,23.444178,11.87285,10.351524,5.763877,7.783077,2.759151,464.1
2022 to 2024,S12000047,Fife,Female,80 to 84,3.7,2.2,5.2,494,3439.5,15.991903,14.777328,19.838057,19.02834,161704,52.46809,2.24175,45.287068,5.445753,27.192896,5.381438,3.695641,42.74012,9.22999,371781,4.00666,0.890847,2.15557,0.364462,0.084996,0.510785,0.077944,28.6,6.7,25.700883,11.126981,23.444178,11.87285,10.351524,5.763877,7.783077,2.759151,464.1
2022 to 2024,S12000047,Fife,Female,85 to 89,2.3,1.3,3.3,494,3439.5,15.991903,14.777328,19.838057,19.02834,161704,52.46809,2.24175,45.287068,5.445753,27.192896,5.381438,3.695641,42.74012,9.22999,371781,4.00666,0.890847,2.15557,0.364462,0.084996,0.510785,0.077944,28.6,6.7,25.700883,11.126981,23.444178,11.87285,10.351524,5.763877,7.783077,2.759151,464.1
2022 to 2024,S12000047,Fife,Female,90+,1.4,0.8,1.9,494,3439.5,15.991903,14.777328,19.838057,19.02834,161704,52.46809,2.24175,45.287068,5.445753,27.192896,5.381438,3.695641,42.74012,9.22999,371781,4.00666,0.890847,2.15557,0.364462,0.084996,0.510785,0.077944,28.6,6.7,25.700883,11.126981,23.444178,11.87285,10.351524,5.763877,7.783077,2.759151,464.1
2022 to 2024,S12000047,Fife,Male,<1,58.9,56,61.7,494,3439.5,15.991903,14.777328,19.838057,19.02834,148232,58.668843,3.209833,38.123347,4.878164,24.141886,1.647418,2.626963,14.58846,15.527907,371781,4.00666,0.890847,2.15557,0.364462,0.084996,0.510785,0.077944,28.6,6.7,25.700883,11.126981,23.444178,11.87285,10.351524,5.763877,7.783077,2.759151,464.1
2022 to 2024,S12000047,Fife,Male,01 to 04,58.1,55.3,60.9,494,3439.5,15.991903,14.777328,19.838057,19.02834,148232,58.668843,3.209833,38.123347,4.878164,24.141886,1.647418,2.626963,14.58846,15.527907,371781,4.00666,0.890847,2.15557,0.364462,0.084996,0.510785,0.077944,28.6,6.7,25.700883,11.126981,23.444178,11.87285,10.351524,5.763877,7.783077,2.759151,464.1
2022 to 2024,S12000047,Fife,Male,05 to 09,54.4,52,56.9,494,3439.5,15.991903,14.777328,19.838057,19.02834,148232,58.668843,3.209833,38.123347,4.878164,24.141886,1.647418,2.626963,14.58846,15.527907,371781,4.00666,0.890847,2.15557,0.364462,0.084996,0.510785,0.077944,28.6,6.7,25.700883,11.126981,23.444178,11.87285,10.351524,5.763877,7.783077,2.759151,464.1
2022 to 2024,S12000047,Fife,Male,10 to 14,49.9,47.7,52.1,494,3439.5,15.991903,14.777328,19.838057,19.02834,148232,58.668843,3.209833,38.123347,4.878164,24.141886,1.647418,2.626963,14.58846,15.527907,371781,4.00666,0.890847,2.15557,0.364462,0.084996,0.510785,0.077944,28.6,6.7,25.700883,11.126981,23.444178,11.87285,10.351524,5.763877,7.783077,2.759151,464.1
2022 to 2024,S12000047,Fife,Male,15 to 19,45.4,43.4,47.5,494,3439.5,15.991903,14.777328,19.838057,19.02834,148232,58.668843,3.209833,38.123347,4.878164,24.141886,1.647418,2.626963,14.58846,15.527907,371781,4.00666,0.890847,2.15557,0.364462,0.084996,0.510785,0.077944,28.6,6.7,25.700883,11.126981,23.444178,11.87285,10.351524,5.763877,7.783077,2.759151,464.1
2022 to 2024,S12000047,Fife,Male,20 to 24,41.1,39.1,43.1,494,3439.5,15.991903,14.777328,19.838057,19.02834,148232,58.668843,3.209833,38.123347,4.878164,24.141886,1.647418,2.626963,14.58846,15.527907,371781,4.00666,0.890847,2.15557,0.364462,0.084996,0.510785,0.077944,28.6,6.7,25.700883,11.126981,23.444178,11.87285,10.351524,5.763877,7.783077,2.759151,464.1
2022 to 2024,S12000047,Fife,Male,25 to 29,36.9,35,38.8,494,3439.5,15.991903,14.777328,19.838057,19.02834,148232,58.668843,3.209833,38.123347,4.878164,24.141886,1.647418,2.626963,14.58846,15.527907,371781,4.00666,0.890847,2.15557,0.364462,0.084996,0.510785,0.077944,28.6,6.7,25.700883,11.126981,23.444178,11.87285,10.351524,5.763877,7.783077,2.759151,464.1
2022 to 2024,S12000047,Fife,Male,30 to 34,32.8,31,34.6,494,3439.5,15.991903,14.777328,19.838057,19.02834,148232,58.668843,3.209833,38.123347,4.878164,24.141886,1.647418,2.626963,14.58846,15.527907,371781,4.00666,0.890847,2.15557,0.364462,0.084996,0.510785,0.077944,28.6,6.7,25.700883,11.126981,23.444178,11.87285,10.351524,5.763877,7.783077,2.759151,464.1
2022 to 2024,S12000047,Fife,Male,35 to 39,28.9,27.2,30.7,494,3439.5,15.991903,14.777328,19.838057,19.02834,148232,58.668843,3.209833,38.123347,4.878164,24.141886,1.647418,2.626963,14.58846,15.527907,371781,4.00666,0.890847,2.15557,0.364462,0.084996,0.510785,0.077944,28.6,6.7,25.700883,11.126981,23.444178,11.87285,10.351524,5.763877,7.783077,2.759151,464.1
2022 to 2024,S12000047,Fife,Male,40 to 44,25.2,23.5,26.8,494,3439.5,15.991903,14.777328,19.838057,19.02834,148232,58.668843,3.209833,38.123347,4.878164,24.141886,1.647418,2.626963,14.58846,15.527907,371781,4.00666,0.890847,2.15557,0.364462,0.084996,0.510785,0.077944,28.6,6.7,25.700883,11.126981,23.444178,11.87285,10.351524,5.763877,7.783077,2.759151,464.1
2022 to 2024,S12000047,Fife,Male,45 to 49,21.6,20,23.2,494,3439.5,15.991903,14.777328,19.838057,19.02834,148232,58.668843,3.209833,38.123347,4.878164,24.141886,1.647418,2.626963,14.58846,15.527907,371781,4.00666,0.890847,2.15557,0.364462,0.084996,0.510785,0.077944,28.6,6.7,25.700883,11.126981,23.444178,11.87285,10.351524,5.763877,7.783077,2.759151,464.1
2022 to 2024,S12000047,Fife,Male,50 to 54,18.2,16.7,19.7,494,3439.5,15.991903,14.777328,19.838057,19.02834,148232,58.668843,3.209833,38.123347,4.878164,24.141886,1.647418,2.626963,14.58846,15.527907,371781,4.00666,0.890847,2.15557,0.364462,0.084996,0.510785,0.077944,28.6,6.7,25.700883,11.126981,23.444178,11.87285,10.351524,5.763877,7.783077,2.759151,464.1
2022 to 2024,S12000047,Fife,Male,55 to 59,15.1,13.7,16.5,494,3439.5,15.991903,14.777328,19.838057,19.02834,148232,58.668843,3.209833,38.123347,4.878164,24.141886,1.647418,2.626963,14.58846,15.527907,371781,4.00666,0.890847,2.15557,0.364462,0.084996,0.510785,0.077944,28.6,6.7,25.700883,11.126981,23.444178,11.87285,10.351524,5.763877,7.783077,2.759151,464.1
2022 to 2024,S12000047,Fife,Male,60 to 64,12.1,10.7,13.5,494,3439.5,15.991903,14.777328,19.838057,19.02834,148232,58.668843,3.209833,38.123347,4.878164,24.141886,1.647418,2.626963,14.58846,15.527907,371781,4.00666,0.890847,2.15557,0.364462,0.084996,0.510785,0.077944,28.6,6.7,25.700883,11.126981,23.444178,11.87285,10.351524,5.763877,7.783077,2.759151,464.1
2022 to 2024,S12000047,Fife,Male,65 to 69,9.4,8.1,10.8,494,3439.5,15.991903,14.777328,19.838057,19.02834,148232,58.668843,3.209833,38.123347,4.878164,24.141886,1.647418,2.626963,14.58846,15.527907,371781,4.00666,0.890847,2.15557,0.364462,0.084996,0.510785,0.077944,28.6,6.7,25.700883,11.126981,23.444178,11.87285,10.351524,5.763877,7.783077,2.759151,464.1
2022 to 2024,S12000047,Fife,Male,70 to 74,7.1,5.7,8.5,494,3439.5,15.991903,14.777328,19.838057,19.02834,148232,58.668843,3.209833,38.123347,4.878164,24.141886,1.647418,2.626963,14.58846,15.527907,371781,4.00666,0.890847,2.15557,0.364462,0.084996,0.510785,0.077944,28.6,6.7,25.700883,11.126981,23.444178,11.87285,10.351524,5.763877,7.783077,2.759151,464.1
2022 to 2024,S12000047,Fife,Male,75 to 79,5.1,3.7,6.6,494,3439.5,15.991903,14.777328,19.838057,19.02834,148232,58.668843,3.209833,38.123347,4.878164,24.141886,1.647418,2.626963,14.58846,15.527907,371781,4.00666,0.890847,2.15557,0.364462,0.084996,0.510785,0.077944,28.6,6.7,25.700883,11.126981,23.444178,11.87285,10.351524,5.763877,7.783077,2.759151,464.1
2022 to 2024,S12000047,Fife,Male,80 to 84,3.4,1.8,5,494,3439.5,15.991903,14.777328,19.838057,19.02834,148232,58.668843,3.209833,38.123347,4.878164,24.141886,1.647418,2.626963,14.58846,15.527907,371781,4.00666,0.890847,2.15557,0.364462,0.084996,0.510785,0.077944,28.6,6.7,25.700883,11.126981,23.444178,11.87285,10.351524,5.763877,7.783077,2.759151,464.1
2022 to 2024,S12000047,Fife,Male,85 to 89,2.2,1.2,3.3,494,3439.5,15.991903,14.777328,19.838057,19.02834,148232,58.668843,3.209833,38.123347,4.878164,24.141886,1.647418,2.626963,14.58846,15.527907,371781,4.00666,0.890847,2.15557,0.364462,0.084996,0.510785,0.077944,28.6,6.7,25.700883,11.126981,23.444178,11.87285,10.351524,5.763877,7.783077,2.759151,464.1
2022 to 2024,S12000047,Fife,Male,90+,1.4,0.8,2.1,494,3439.5,15.991903,14.777328,19.838057,19.02834,148232,58.668843,3.209833,38.123347,4.878164,24.141886,1.647418,2.626963,14.58846,15.527907,371781,4.00666,0.890847,2.15557,0.364462,0.084996,0.510785,0.077944,28.6,6.7,25.700883,11.126981,23.444178,11.87285,10.351524,5.763877,7.783077,2.759151,464.1
2022 to 2024,S12000049,Glasgow City,Female,<1,56.1,52.4,59.7,746,1690,39.678284,7.774799,45.978552,10.857909,270201,53.345843,3.280151,43.372526,7.622104,16.798976,6.78754,6.7905,38.81824,7.64321,620756,19.287127,1.711462,11.082132,3.587883,0.236969,2.669487,0.333963,34.7,10.8,26.046144,13.033301,20.119661,14.37022,10.604972,5.892815,5.624271,2.434612,596.9
2022 to 2024,S12000049,Glasgow City,Female,01 to 04,55.4,51.8,58.9,746,1690,39.678284,7.774799,45.978552,10.857909,270201,53.345843,3.280151,43.372526,7.622104,16.798976,6.78754,6.7905,38.81824,7.64321,620756,19.287127,1.711462,11.082132,3.587883,0.236969,2.669487,0.333963,34.7,10.8,26.046144,13.033301,20.119661,14.37022,10.604972,5.892815,5.624271,2.434612,596.9
2022 to 2024,S12000049,Glasgow City,Female,05 to 09,51.8,48.8,54.9,746,1690,39.678284,7.774799,45.978552,10.857909,270201,53.345843,3.280151,43.372526,7.622104,16.798976,6.78754,6.7905,38.81824,7.64321,620756,19.287127,1.711462,11.082132,3.587883,0.236969,2.669487,0.333963,34.7,10.8,26.046144,13.033301,20.119661,14.37022,10.604972,5.892815,5.624271,2.434612,596.9
2022 to 2024,S12000049,Glasgow City,Female,10 to 14,47.5,44.9,50.1,746,1690,39.678284,7.774799,45.978552,10.857909,270201,53.345843,3.280151,43.372526,7.622104,16.798976,6.78754,6.7905,38.81824,7.64321,620756,19.287127,1.711462,11.082132,3.587883,0.236969,2.669487,0.333963,34.7,10.8,26.046144,13.033301,20.119661,14.37022,10.604972,5.892815,5.624271,2.434612,596.9
2022 to 2024,S12000049,Glasgow City,Female,15 to 19,43.2,40.9,45.5,746,1690,39.678284,7.774799,45.978552,10.857909,270201,53.345843,3.280151,43.372526,7.622104,16.798976,6.78754,6.7905,38.81824,7.64321,620756,19.287127,1.711462,11.082132,3.587883,0.236969,2.669487,0.333963,34.7,10.8,26.046144,13.033301,20.119661,14.37022,10.604972,5.892815,5.624271,2.434612,596.9
2022 to 2024,S12000049,Glasgow City,Female,20 to 24,39,36.9,41.2,746,1690,39.678284,7.774799,45.978552,10.857909,270201,53.345843,3.280151,43.372526,7.622104,16.798976,6.78754,6.7905,38.81824,7.64321,620756,19.287127,1.711462,11.082132,3.587883,0.236969,2.669487,0.333963,34.7,10.8,26.046144,13.033301,20.119661,14.37022,10.604972,5.892815,5.624271,2.434612,596.9
2022 to 2024,S12000049,Glasgow City,Female,25 to 29,35,32.9,37,746,1690,39.678284,7.774799,45.978552,10.857909,270201,53.345843,3.280151,43.372526,7.622104,16.798976,6.78754,6.7905,38.81824,7.64321,620756,19.287127,1.711462,11.082132,3.587883,0.236969,2.669487,0.333963,34.7,10.8,26.046144,13.033301,20.119661,14.37022,10.604972,5.892815,5.624271,2.434612,596.9
2022 to 2024,S12000049,Glasgow City,Female,30 to 34,31,29,33,746,1690,39.678284,7.774799,45.978552,10.857909,270201,53.345843,3.280151,43.372526,7.622104,16.798976,6.78754,6.7905,38.81824,7.64321,620756,19.287127,1.711462,11.082132,3.587883,0.236969,2.669487,0.333963,34.7,10.8,26.046144,13.033301,20.119661,14.37022,10.604972,5.892815,5.624271,2.434612,596.9
2022 to 2024,S12000049,Glasgow City,Female,35 to 39,27.3,25.3,29.2,746,1690,39.678284,7.774799,45.978552,10.857909,270201,53.345843,3.280151,43.372526,7.622104,16.798976,6.78754,6.7905,38.81824,7.64321,620756,19.287127,1.711462,11.082132,3.587883,0.236969,2.669487,0.333963,34.7,10.8,26.046144,13.033301,20.119661,14.37022,10.604972,5.892815,5.624271,2.434612,596.9
2022 to 2024,S12000049,Glasgow City,Female,40 to 44,23.7,21.8,25.5,746,1690,39.678284,7.774799,45.978552,10.857909,270201,53.345843,3.280151,43.372526,7.622104,16.798976,6.78754,6.7905,38.81824,7.64321,620756,19.287127,1.711462,11.082132,3.587883,0.236969,2.669487,0.333963,34.7,10.8,26.046144,13.033301,20.119661,14.37022,10.604972,5.892815,5.624271,2.434612,596.9
2022 to 2024,S12000049,Glasgow City,Female,45 to 49,20.2,18.4,22,746,1690,39.678284,7.774799,45.978552,10.857909,270201,53.345843,3.280151,43.372526,7.622104,16.798976,6.78754,6.7905,38.81824,7.64321,620756,19.287127,1.711462,11.082132,3.587883,0.236969,2.669487,0.333963,34.7,10.8,26.046144,13.033301,20.119661,14.37022,10.604972,5.892815,5.624271,2.434612,596.9
2022 to 2024,S12000049,Glasgow City,Female,50 to 54,17.1,15.4,18.8,746,1690,39.678284,7.774799,45.978552,10.857909,270201,53.345843,3.280151,43.372526,7.622104,16.798976,6.78754,6.7905,38.81824,7.64321,620756,19.287127,1.711462,11.082132,3.587883,0.236969,2.669487,0.333963,34.7,10.8,26.046144,13.033301,20.119661,14.37022,10.604972,5.892815,5.624271,2.434612,596.9
2022 to 2024,S12000049,Glasgow City,Female,55 to 59,14.1,12.4,15.7,746,1690,39.678284,7.774799,45.978552,10.857909,270201,53.345843,3.280151,43.372526,7.622104,16.798976,6.78754,6.7905,38.81824,7.64321,620756,19.287127,1.711462,11.082132,3.587883,0.236969,2.669487,0.333963,34.7,10.8,26.046144,13.033301,20.119661,14.37022,10.604972,5.892815,5.624271,2.434612,596.9
2022 to 2024,S12000049,Glasgow City,Female,60 to 64,11.4,9.8,13,746,1690,39.678284,7.774799,45.978552,10.857909,270201,53.345843,3.280151,43.372526,7.622104,16.798976,6.78754,6.7905,38.81824,7.64321,620756,19.287127,1.711462,11.082132,3.587883,0.236969,2.669487,0.333963,34.7,10.8,26.046144,13.033301,20.119661,14.37022,10.604972,5.892815,5.624271,2.434612,596.9
2022 to 2024,S12000049,Glasgow City,Female,65 to 69,8.9,7.4,10.4,746,1690,39.678284,7.774799,45.978552,10.857909,270201,53.345843,3.280151,43.372526,7.622104,16.798976,6.78754,6.7905,38.81824,7.64321,620756,19.287127,1.711462,11.082132,3.587883,0.236969,2.669487,0.333963,34.7,10.8,26.046144,13.033301,20.119661,14.37022,10.604972,5.892815,5.624271,2.434612,596.9
2022 to 2024,S12000049,Glasgow City,Female,70 to 74,6.8,5.2,8.3,746,1690,39.678284,7.774799,45.978552,10.857909,270201,53.345843,3.280151,43.372526,7.622104,16.798976,6.78754,6.7905,38.81824,7.64321,620756,19.287127,1.711462,11.082132,3.587883,0.236969,2.669487,0.333963,34.7,10.8,26.046144,13.033301,20.119661,14.37022,10.604972,5.892815,5.624271,2.434612,596.9
2022 to 2024,S12000049,Glasgow City,Female,75 to 79,4.9,3.2,6.5,746,1690,39.678284,7.774799,45.978552,10.857909,270201,53.345843,3.280151,43.372526,7.622104,16.798976,6.78754,6.7905,38.81824,7.64321,620756,19.287127,1.711462,11.082132,3.587883,0.236969,2.669487,0.333963,34.7,10.8,26.046144,13.033301,20.119661,14.37022,10.604972,5.892815,5.624271,2.434612,596.9
2022 to 2024,S12000049,Glasgow City,Female,80 to 84,3.4,1.6,5.1,746,1690,39.678284,7.774799,45.978552,10.857909,270201,53.345843,3.280151,43.372526,7.622104,16.798976,6.78754,6.7905,38.81824,7.64321,620756,19.287127,1.711462,11.082132,3.587883,0.236969,2.669487,0.333963,34.7,10.8,26.046144,13.033301,20.119661,14.37022,10.604972,5.892815,5.624271,2.434612,596.9
2022 to 2024,S12000049,Glasgow City,Female,85 to 89,2.2,1.1,3.3,746,1690,39.678284,7.774799,45.978552,10.857909,270201,53.345843,3.280151,43.372526,7.622104,16.798976,6.78754,6.7905,38.81824,7.64321,620756,19.287127,1.711462,11.082132,3.587883,0.236969,2.669487,0.333963,34.7,10.8,26.046144,13.033301,20.119661,14.37022,10.604972,5.892815,5.624271,2.434612,596.9
2022 to 2024,S12000049,Glasgow City,Female,90+,1.3,0.6,1.9,746,1690,39.678284,7.774799,45.978552,10.857909,270201,53.345843,3.280151,43.372526,7.622104,16.798976,6.78754,6.7905,38.81824,7.64321,620756,19.287127,1.711462,11.082132,3.587883,0.236969,2.669487,0.333963,34.7,10.8,26.046144,13.033301,20.119661,14.37022,10.604972,5.892815,5.624271,2.434612,596.9
2022 to 2024,S12000049,Glasgow City,Male,<1,55.7,52.1,59.2,746,1690,39.678284,7.774799,45.978552,10.857909,254990,58.985058,4.455861,36.557512,7.743049,13.876623,2.344013,5.72846,20.667394,15.796577,620756,19.287127,1.711462,11.082132,3.587883,0.236969,2.669487,0.333963,34.7,10.8,26.046144,13.033301,20.119661,14.37022,10.604972,5.892815,5.624271,2.434612,596.9
2022 to 2024,S12000049,Glasgow City,Male,01 to 04,55,51.6,58.4,746,1690,39.678284,7.774799,45.978552,10.857909,254990,58.985058,4.455861,36.557512,7.743049,13.876623,2.344013,5.72846,20.667394,15.796577,620756,19.287127,1.711462,11.082132,3.587883,0.236969,2.669487,0.333963,34.7,10.8,26.046144,13.033301,20.119661,14.37022,10.604972,5.892815,5.624271,2.434612,596.9
2022 to 2024,S12000049,Glasgow City,Male,05 to 09,51.4,48.4,54.4,746,1690,39.678284,7.774799,45.978552,10.857909,254990,58.985058,4.455861,36.557512,7.743049,13.876623,2.344013,5.72846,20.667394,15.796577,620756,19.287127,1.711462,11.082132,3.587883,0.236969,2.669487,0.333963,34.7,10.8,26.046144,13.033301,20.119661,14.37022,10.604972,5.892815,5.624271,2.434612,596.9
2022 to 2024,S12000049,Glasgow City,Male,10 to 14,46.9,44.4,49.4,746,1690,39.678284,7.774799,45.978552,10.857909,254990,58.985058,4.455861,36.557512,7.743049,13.876623,2.344013,5.72846,20.667394,15.796577,620756,19.287127,1.711462,11.082132,3.587883,0.236969,2.669487,0.333963,34.7,10.8,26.046144,13.033301,20.119661,14.37022,10.604972,5.892815,5.624271,2.434612,596.9
2022 to 2024,S12000049,Glasgow City,Male,15 to 19,42.5,40.3,44.7,746,1690,39.678284,7.774799,45.978552,10.857909,254990,58.985058,4.455861,36.557512,7.743049,13.876623,2.344013,5.72846,20.667394,15.796577,620756,19.287127,1.711462,11.082132,3.587883,0.236969,2.669487,0.333963,34.7,10.8,26.046144,13.033301,20.119661,14.37022,10.604972,5.892815,5.624271,2.434612,596.9
2022 to 2024,S12000049,Glasgow City,Male,20 to 24,38.2,36.1,40.3,746,1690,39.678284,7.774799,45.978552,10.857909,254990,58.985058,4.455861,36.557512,7.743049,13.876623,2.344013,5.72846,20.667394,15.796577,620756,19.287127,1.711462,11.082132,3.587883,0.236969,2.669487,0.333963,34.7,10.8,26.046144,13.033301,20.119661,14.37022,10.604972,5.892815,5.624271,2.434612,596.9
2022 to 2024,S12000049,Glasgow City,Male,25 to 29,34,32,36,746,1690,39.678284,7.774799,45.978552,10.857909,254990,58.985058,4.455861,36.557512,7.743049,13.876623,2.344013,5.72846,20.667394,15.796577,620756,19.287127,1.711462,11.082132,3.587883,0.236969,2.669487,0.333963,34.7,10.8,26.046144,13.033301,20.119661,14.37022,10.604972,5.892815,5.624271,2.434612,596.9
2022 to 2024,S12000049,Glasgow City,Male,30 to 34,29.9,27.9,31.9,746,1690,39.678284,7.774799,45.978552,10.857909,254990,58.985058,4.455861,36.557512,7.743049,13.876623,2.344013,5.72846,20.667394,15.796577,620756,19.287127,1.711462,11.082132,3.587883,0.236969,2.669487,0.333963,34.7,10.8,26.046144,13.033301,20.119661,14.37022,10.604972,5.892815,5.624271,2.434612,596.9
2022 to 2024,S12000049,Glasgow City,Male,35 to 39,26,24.1,27.9,746,1690,39.678284,7.774799,45.978552,10.857909,254990,58.985058,4.455861,36.557512,7.743049,13.876623,2.344013,5.72846,20.667394,15.796577,620756,19.287127,1.711462,11.082132,3.587883,0.236969,2.669487,0.333963,34.7,10.8,26.046144,13.033301,20.119661,14.37022,10.604972,5.892815,5.624271,2.434612,596.9
2022 to 2024,S12000049,Glasgow City,Male,40 to 44,22.3,20.4,24.1,746,1690,39.678284,7.774799,45.978552,10.857909,254990,58.985058,4.455861,36.557512,7.743049,13.876623,2.344013,5.72846,20.667394,15.796577,620756,19.287127,1.711462,11.082132,3.587883,0.236969,2.669487,0.333963,34.7,10.8,26.046144,13.033301,20.119661,14.37022,10.604972,5.892815,5.624271,2.434612,596.9
2022 to 2024,S12000049,Glasgow City,Male,45 to 49,18.8,17,20.6,746,1690,39.678284,7.774799,45.978552,10.857909,254990,58.985058,4.455861,36.557512,7.743049,13.876623,2.344013,5.72846,20.667394,15.796577,620756,19.287127,1.711462,11.082132,3.587883,0.236969,2.669487,0.333963,34.7,10.8,26.046144,13.033301,20.119661,14.37022,10.604972,5.892815,5.624271,2.434612,596.9
2022 to 2024,S12000049,Glasgow City,Male,50 to 54,15.7,14,17.3,746,1690,39.678284,7.774799,45.978552,10.857909,254990,58.985058,4.455861,36.557512,7.743049,13.876623,2.344013,5.72846,20.667394,15.796577,620756,19.287127,1.711462,11.082132,3.587883,0.236969,2.669487,0.333963,34.7,10.8,26.046144,13.033301,20.119661,14.37022,10.604972,5.892815,5.624271,2.434612,596.9
2022 to 2024,S12000049,Glasgow City,Male,55 to 59,12.9,11.3,14.5,746,1690,39.678284,7.774799,45.978552,10.857909,254990,58.985058,4.455861,36.557512,7.743049,13.876623,2.344013,5.72846,20.667394,15.796577,620756,19.287127,1.711462,11.082132,3.587883,0.236969,2.669487,0.333963,34.7,10.8,26.046144,13.033301,20.119661,14.37022,10.604972,5.892815,5.624271,2.434612,596.9
2022 to 2024,S12000049,Glasgow City,Male,60 to 64,10.3,8.7,11.8,746,1690,39.678284,7.774799,45.978552,10.857909,254990,58.985058,4.455861,36.557512,7.743049,13.876623,2.344013,5.72846,20.667394,15.796577,620756,19.287127,1.711462,11.082132,3.587883,0.236969,2.669487,0.333963,34.7,10.8,26.046144,13.033301,20.119661,14.37022,10.604972,5.892815,5.624271,2.434612,596.9
2022 to 2024,S12000049,Glasgow City,Male,65 to 69,8,6.4,9.5,746,1690,39.678284,7.774799,45.978552,10.857909,254990,58.985058,4.455861,36.557512,7.743049,13.876623,2.344013,5.72846,20.667394,15.796577,620756,19.287127,1.711462,11.082132,3.587883,0.236969,2.669487,0.333963,34.7,10.8,26.046144,13.033301,20.119661,14.37022,10.604972,5.892815,5.624271,2.434612,596.9
2022 to 2024,S12000049,Glasgow City,Male,70 to 74,6,4.4,7.6,746,1690,39.678284,7.774799,45.978552,10.857909,254990,58.985058,4.455861,36.557512,7.743049,13.876623,2.344013,5.72846,20.667394,15.796577,620756,19.287127,1.711462,11.082132,3.587883,0.236969,2.669487,0.333963,34.7,10.8,26.046144,13.033301,20.119661,14.37022,10.604972,5.892815,5.624271,2.434612,596.9
2022 to 2024,S12000049,Glasgow City,Male,75 to 79,4.2,2.5,6,746,1690,39.678284,7.774799,45.978552,10.857909,254990,58.985058,4.455861,36.557512,7.743049,13.876623,2.344013,5.72846,20.667394,15.796577,620756,19.287127,1.711462,11.082132,3.587883,0.236969,2.669487,0.333963,34.7,10.8,26.046144,13.033301,20.119661,14.37022,10.604972,5.892815,5.624271,2.434612,596.9
2022 to 2024,S12000049,Glasgow City,Male,80 to 84,2.9,0.9,5,746,1690,39.678284,7.774799,45.978552,10.857909,254990,58.985058,4.455861,36.557512,7.743049,13.876623,2.344013,5.72846,20.667394,15.796577,620756,19.287127,1.711462,11.082132,3.587883,0.236969,2.669487,0.333963,34.7,10.8,26.046144,13.033301,20.119661,14.37022,10.604972,5.892815,5.624271,2.434612,596.9
2022 to 2024,S12000049,Glasgow City,Male,85 to 89,2,0.6,3.4,746,1690,39.678284,7.774799,45.978552,10.857909,254990,58.985058,4.455861,36.557512,7.743049,13.876623,2.344013,5.72846,20.667394,15.796577,620756,19.287127,1.711462,11.082132,3.587883,0.236969,2.669487,0.333963,34.7,10.8,26.046144,13.033301,20.119661,14.37022,10.604972,5.892815,5.624271,2.434612,596.9
2022 to 2024,S12000049,Glasgow City,Male,90+,1.4,0.4,2.4,746,1690,39.678284,7.774799,45.978552,10.857909,254990,58.985058,4.455861,36.557512,7.743049,13.876623,2.344013,5.72846,20.667394,15.796577,620756,19.287127,1.711462,11.082132,3.587883,0.236969,2.669487,0.333963,34.7,10.8,26.046144,13.033301,20.119661,14.37022,10.604972,5.892815,5.624271,2.434612,596.9
2022 to 2024,S12000017,Highland,Female,<1,62,55.2,68.7,312,3787,7.051282,5.448718,10.576923,7.371795,101872,56.484608,1.558819,41.957555,4.66664,28.038126,4.794252,2.546333,45.502416,13.172987,235351,2.594423,0.825575,1.161244,0.176332,0.089653,0.340768,0.050997,31.2,5.5,23.78405,9.789633,22.153294,9.578035,9.262336,5.064351,8.10789,2.50137,351.1
2022 to 2024,S12000017,Highland,Female,01 to 04,61.2,54.6,67.8,312,3787,7.051282,5.448718,10.576923,7.371795,101872,56.484608,1.558819,41.957555,4.66664,28.038126,4.794252,2.546333,45.502416,13.172987,235351,2.594423,0.825575,1.161244,0.176332,0.089653,0.340768,0.050997,31.2,5.5,23.78405,9.789633,22.153294,9.578035,9.262336,5.064351,8.10789,2.50137,351.1
2022 to 2024,S12000017,Highland,Female,05 to 09,57.5,51.8,63.2,312,3787,7.051282,5.448718,10.576923,7.371795,101872,56.484608,1.558819,41.957555,4.66664,28.038126,4.794252,2.546333,45.502416,13.172987,235351,2.594423,0.825575,1.161244,0.176332,0.089653,0.340768,0.050997,31.2,5.5,23.78405,9.789633,22.153294,9.578035,9.262336,5.064351,8.10789,2.50137,351.1
2022 to 2024,S12000017,Highland,Female,10 to 14,52.9,48,57.7,312,3787,7.051282,5.448718,10.576923,7.371795,101872,56.484608,1.558819,41.957555,4.66664,28.038126,4.794252,2.546333,45.502416,13.172987,235351,2.594423,0.825575,1.161244,0.176332,0.089653,0.340768,0.050997,31.2,5.5,23.78405,9.789633,22.153294,9.578035,9.262336,5.064351,8.10789,2.50137,351.1
2022 to 2024,S12000017,Highland,Female,15 to 19,48.3,44.1,52.6,312,3787,7.051282,5.448718,10.576923,7.371795,101872,56.484608,1.558819,41.957555,4.66664,28.038126,4.794252,2.546333,45.502416,13.172987,235351,2.594423,0.825575,1.161244,0.176332,0.089653,0.340768,0.050997,31.2,5.5,23.78405,9.789633,22.153294,9.578035,9.262336,5.064351,8.10789,2.50137,351.1
2022 to 2024,S12000017,Highland,Female,20 to 24,44,39.9,48.1,312,3787,7.051282,5.448718,10.576923,7.371795,101872,56.484608,1.558819,41.957555,4.66664,28.038126,4.794252,2.546333,45.502416,13.172987,235351,2.594423,0.825575,1.161244,0.176332,0.089653,0.340768,0.050997,31.2,5.5,23.78405,9.789633,22.153294,9.578035,9.262336,5.064351,8.10789,2.50137,351.1
2022 to 2024,S12000017,Highland,Female,25 to 29,39.9,36.1,43.7,312,3787,7.051282,5.448718,10.576923,7.371795,101872,56.484608,1.558819,41.957555,4.66664,28.038126,4.794252,2.546333,45.502416,13.172987,235351,2.594423,0.825575,1.161244,0.176332,0.089653,0.340768,0.050997,31.2,5.5,23.78405,9.789633,22.153294,9.578035,9.262336,5.064351,8.10789,2.50137,351.1
2022 to 2024,S12000017,Highland,Female,30 to 34,35.9,32.3,39.4,312,3787,7.051282,5.448718,10.576923,7.371795,101872,56.484608,1.558819,41.957555,4.66664,28.038126,4.794252,2.546333,45.502416,13.172987,235351,2.594423,0.825575,1.161244,0.176332,0.089653,0.340768,0.050997,31.2,5.5,23.78405,9.789633,22.153294,9.578035,9.262336,5.064351,8.10789,2.50137,351.1
2022 to 2024,S12000017,Highland,Female,35 to 39,31.9,28.7,35.1,312,3787,7.051282,5.448718,10.576923,7.371795,101872,56.484608,1.558819,41.957555,4.66664,28.038126,4.794252,2.546333,45.502416,13.172987,235351,2.594423,0.825575,1.161244,0.176332,0.089653,0.340768,0.050997,31.2,5.5,23.78405,9.789633,22.153294,9.578035,9.262336,5.064351,8.10789,2.50137,351.1
2022 to 2024,S12000017,Highland,Female,40 to 44,28,25.1,30.9,312,3787,7.051282,5.448718,10.576923,7.371795,101872,56.484608,1.558819,41.957555,4.66664,28.038126,4.794252,2.546333,45.502416,13.172987,235351,2.594423,0.825575,1.161244,0.176332,0.089653,0.340768,0.050997,31.2,5.5,23.78405,9.789633,22.153294,9.578035,9.262336,5.064351,8.10789,2.50137,351.1
2022 to 2024,S12000017,Highland,Female,45 to 49,24.3,21.6,27,312,3787,7.051282,5.448718,10.576923,7.371795,101872,56.484608,1.558819,41.957555,4.66664,28.038126,4.794252,2.546333,45.502416,13.172987,235351,2.594423,0.825575,1.161244,0.176332,0.089653,0.340768,0.050997,31.2,5.5,23.78405,9.789633,22.153294,9.578035,9.262336,5.064351,8.10789,2.50137,351.1
2022 to 2024,S12000017,Highland,Female,50 to 54,20.8,18.4,23.2,312,3787,7.051282,5.448718,10.576923,7.371795,101872,56.484608,1.558819,41.957555,4.66664,28.038126,4.794252,2.546333,45.502416,13.172987,235351,2.594423,0.825575,1.161244,0.176332,0.089653,0.340768,0.050997,31.2,5.5,23.78405,9.789633,22.153294,9.578035,9.262336,5.064351,8.10789,2.50137,351.1
2022 to 2024,S12000017,Highland,Female,55 to 59,17.5,15.3,19.8,312,3787,7.051282,5.448718,10.576923,7.371795,101872,56.484608,1.558819,41.957555,4.66664,28.038126,4.794252,2.546333,45.502416,13.172987,235351,2.594423,0.825575,1.161244,0.176332,0.089653,0.340768,0.050997,31.2,5.5,23.78405,9.789633,22.153294,9.578035,9.262336,5.064351,8.10789,2.50137,351.1
2022 to 2024,S12000017,Highland,Female,60 to 64,14.4,12.2,16.6,312,3787,7.051282,5.448718,10.576923,7.371795,101872,56.484608,1.558819,41.957555,4.66664,28.038126,4.794252,2.546333,45.502416,13.172987,235351,2.594423,0.825575,1.161244,0.176332,0.089653,0.340768,0.050997,31.2,5.5,23.78405,9.789633,22.153294,9.578035,9.262336,5.064351,8.10789,2.50137,351.1
2022 to 2024,S12000017,Highland,Female,65 to 69,11.5,9.3,13.6,312,3787,7.051282,5.448718,10.576923,7.371795,101872,56.484608,1.558819,41.957555,4.66664,28.038126,4.794252,2.546333,45.502416,13.172987,235351,2.594423,0.825575,1.161244,0.176332,0.089653,0.340768,0.050997,31.2,5.5,23.78405,9.789633,22.153294,9.578035,9.262336,5.064351,8.10789,2.50137,351.1
2022 to 2024,S12000017,Highland,Female,70 to 74,8.8,6.6,10.9,312,3787,7.051282,5.448718,10.576923,7.371795,101872,56.484608,1.558819,41.957555,4.66664,28.038126,4.794252,2.546333,45.502416,13.172987,235351,2.594423,0.825575,1.161244,0.176332,0.089653,0.340768,0.050997,31.2,5.5,23.78405,9.789633,22.153294,9.578035,9.262336,5.064351,8.10789,2.50137,351.1
2022 to 2024,S12000017,Highland,Female,75 to 79,6.3,4.1,8.5,312,3787,7.051282,5.448718,10.576923,7.371795,101872,56.484608,1.558819,41.957555,4.66664,28.038126,4.794252,2.546333,45.502416,13.172987,235351,2.594423,0.825575,1.161244,0.176332,0.089653,0.340768,0.050997,31.2,5.5,23.78405,9.789633,22.153294,9.578035,9.262336,5.064351,8.10789,2.50137,351.1
2022 to 2024,S12000017,Highland,Female,80 to 84,4.2,1.9,6.6,312,3787,7.051282,5.448718,10.576923,7.371795,101872,56.484608,1.558819,41.957555,4.66664,28.038126,4.794252,2.546333,45.502416,13.172987,235351,2.594423,0.825575,1.161244,0.176332,0.089653,0.340768,0.050997,31.2,5.5,23.78405,9.789633,22.153294,9.578035,9.262336,5.064351,8.10789,2.50137,351.1
2022 to 2024,S12000017,Highland,Female,85 to 89,2.7,1.2,4.2,312,3787,7.051282,5.448718,10.576923,7.371795,101872,56.484608,1.558819,41.957555,4.66664,28.038126,4.794252,2.546333,45.502416,13.172987,235351,2.594423,0.825575,1.161244,0.176332,0.089653,0.340768,0.050997,31.2,5.5,23.78405,9.789633,22.153294,9.578035,9.262336,5.064351,8.10789,2.50137,351.1
2022 to 2024,S12000017,Highland,Female,90+,1.6,0.7,2.5,312,3787,7.051282,5.448718,10.576923,7.371795,101872,56.484608,1.558819,41.957555,4.66664,28.038126,4.794252,2.546333,45.502416,13.172987,235351,2.594423,0.825575,1.161244,0.176332,0.089653,0.340768,0.050997,31.2,5.5,23.78405,9.789633,22.153294,9.578035,9.262336,5.064351,8.10789,2.50137,351.1
2022 to 2024,S12000017,Highland,Male,<1,61,55.7,66.3,312,3787,7.051282,5.448718,10.576923,7.371795,96238,63.314907,2.175856,34.508198,4.094017,24.048713,1.333153,1.905692,14.985312,21.361167,235351,2.594423,0.825575,1.161244,0.176332,0.089653,0.340768,0.050997,31.2,5.5,23.78405,9.789633,22.153294,9.578035,9.262336,5.064351,8.10789,2.50137,351.1
2022 to 2024,S12000017,Highland,Male,01 to 04,60.3,55.1,65.5,312,3787,7.051282,5.448718,10.576923,7.371795,96238,63.314907,2.175856,34.508198,4.094017,24.048713,1.333153,1.905692,14.985312,21.361167,235351,2.594423,0.825575,1.161244,0.176332,0.089653,0.340768,0.050997,31.2,5.5,23.78405,9.789633,22.153294,9.578035,9.262336,5.064351,8.10789,2.50137,351.1
2022 to 2024,S12000017,Highland,Male,05 to 09,56.6,52,61.3,312,3787,7.051282,5.448718,10.576923,7.371795,96238,63.314907,2.175856,34.508198,4.094017,24.048713,1.333153,1.905692,14.985312,21.361167,235351,2.594423,0.825575,1.161244,0.176332,0.089653,0.340768,0.050997,31.2,5.5,23.78405,9.789633,22.153294,9.578035,9.262336,5.064351,8.10789,2.50137,351.1
2022 to 2024,S12000017,Highland,Male,10 to 14,52.1,47.9,56.2,312,3787,7.051282,5.448718,10.576923,7.371795,96238,63.314907,2.175856,34.508198,4.094017,24.048713,1.333153,1.905692,14.985312,21.361167,235351,2.594423,0.825575,1.161244,0.176332,0.089653,0.340768,0.050997,31.2,5.5,23.78405,9.789633,22.153294,9.578035,9.262336,5.064351,8.10789,2.50137,351.1
2022 to 2024,S12000017,Highland,Male,15 to 19,47.6,43.8,51.3,312,3787,7.051282,5.448718,10.576923,7.371795,96238,63.314907,2.175856,34.508198,4.094017,24.048713,1.333153,1.905692,14.985312,21.361167,235351,2.594423,0.825575,1.161244,0.176332,0.089653,0.340768,0.050997,31.2,5.5,23.78405,9.789633,22.153294,9.578035,9.262336,5.064351,8.10789,2.50137,351.1
2022 to 2024,S12000017,Highland,Male,20 to 24,43.1,39.5,46.8,312,3787,7.051282,5.448718,10.576923,7.371795,96238,63.314907,2.175856,34.508198,4.094017,24.048713,1.333153,1.905692,14.985312,21.361167,235351,2.594423,0.825575,1.161244,0.176332,0.089653,0.340768,0.050997,31.2,5.5,23.78405,9.789633,22.153294,9.578035,9.262336,5.064351,8.10789,2.50137,351.1
2022 to 2024,S12000017,Highland,Male,25 to 29,38.9,35.4,42.4,312,3787,7.051282,5.448718,10.576923,7.371795,96238,63.314907,2.175856,34.508198,4.094017,24.048713,1.333153,1.905692,14.985312,21.361167,235351,2.594423,0.825575,1.161244,0.176332,0.089653,0.340768,0.050997,31.2,5.5,23.78405,9.789633,22.153294,9.578035,9.262336,5.064351,8.10789,2.50137,351.1
2022 to 2024,S12000017,Highland,Male,30 to 34,34.8,31.5,38.1,312,3787,7.051282,5.448718,10.576923,7.371795,96238,63.314907,2.175856,34.508198,4.094017,24.048713,1.333153,1.905692,14.985312,21.361167,235351,2.594423,0.825575,1.161244,0.176332,0.089653,0.340768,0.050997,31.2,5.5,23.78405,9.789633,22.153294,9.578035,9.262336,5.064351,8.10789,2.50137,351.1
2022 to 2024,S12000017,Highland,Male,35 to 39,30.8,27.8,33.8,312,3787,7.051282,5.448718,10.576923,7.371795,96238,63.314907,2.175856,34.508198,4.094017,24.048713,1.333153,1.905692,14.985312,21.361167,235351,2.594423,0.825575,1.161244,0.176332,0.089653,0.340768,0.050997,31.2,5.5,23.78405,9.789633,22.153294,9.578035,9.262336,5.064351,8.10789,2.50137,351.1
2022 to 2024,S12000017,Highland,Male,40 to 44,26.9,24.1,29.7,312,3787,7.051282,5.448718,10.576923,7.371795,96238,63.314907,2.175856,34.508198,4.094017,24.048713,1.333153,1.905692,14.985312,21.361167,235351,2.594423,0.825575,1.161244,0.176332,0.089653,0.340768,0.050997,31.2,5.5,23.78405,9.789633,22.153294,9.578035,9.262336,5.064351,8.10789,2.50137,351.1
2022 to 2024,S12000017,Highland,Male,45 to 49,23.1,20.6,25.7,312,3787,7.051282,5.448718,10.576923,7.371795,96238,63.314907,2.175856,34.508198,4.094017,24.048713,1.333153,1.905692,14.985312,21.361167,235351,2.594423,0.825575,1.161244,0.176332,0.089653,0.340768,0.050997,31.2,5.5,23.78405,9.789633,22.153294,9.578035,9.262336,5.064351,8.10789,2.50137,351.1
2022 to 2024,S12000017,Highland,Male,50 to 54,19.6,17.4,21.8,312,3787,7.051282,5.448718,10.576923,7.371795,96238,63.314907,2.175856,34.508198,4.094017,24.048713,1.333153,1.905692,14.985312,21.361167,235351,2.594423,0.825575,1.161244,0.176332,0.089653,0.340768,0.050997,31.2,5.5,23.78405,9.789633,22.153294,9.578035,9.262336,5.064351,8.10789,2.50137,351.1
2022 to 2024,S12000017,Highland,Male,55 to 59,16.3,14.2,18.4,312,3787,7.051282,5.448718,10.576923,7.371795,96238,63.314907,2.175856,34.508198,4.094017,24.048713,1.333153,1.905692,14.985312,21.361167,235351,2.594423,0.825575,1.161244,0.176332,0.089653,0.340768,0.050997,31.2,5.5,23.78405,9.789633,22.153294,9.578035,9.262336,5.064351,8.10789,2.50137,351.1
2022 to 2024,S12000017,Highland,Male,60 to 64,13.2,11.2,15.2,312,3787,7.051282,5.448718,10.576923,7.371795,96238,63.314907,2.175856,34.508198,4.094017,24.048713,1.333153,1.905692,14.985312,21.361167,235351,2.594423,0.825575,1.161244,0.176332,0.089653,0.340768,0.050997,31.2,5.5,23.78405,9.789633,22.153294,9.578035,9.262336,5.064351,8.10789,2.50137,351.1
2022 to 2024,S12000017,Highland,Male,65 to 69,10.3,8.4,12.3,312,3787,7.051282,5.448718,10.576923,7.371795,96238,63.314907,2.175856,34.508198,4.094017,24.048713,1.333153,1.905692,14.985312,21.361167,235351,2.594423,0.825575,1.161244,0.176332,0.089653,0.340768,0.050997,31.2,5.5,23.78405,9.789633,22.153294,9.578035,9.262336,5.064351,8.10789,2.50137,351.1
2022 to 2024,S12000017,Highland,Male,70 to 74,7.8,5.8,9.7,312,3787,7.051282,5.448718,10.576923,7.371795,96238,63.314907,2.175856,34.508198,4.094017,24.048713,1.333153,1.905692,14.985312,21.361167,235351,2.594423,0.825575,1.161244,0.176332,0.089653,0.340768,0.050997,31.2,5.5,23.78405,9.789633,22.153294,9.578035,9.262336,5.064351,8.10789,2.50137,351.1
2022 to 2024,S12000017,Highland,Male,75 to 79,5.7,3.6,7.8,312,3787,7.051282,5.448718,10.576923,7.371795,96238,63.314907,2.175856,34.508198,4.094017,24.048713,1.333153,1.905692,14.985312,21.361167,235351,2.594423,0.825575,1.161244,0.176332,0.089653,0.340768,0.050997,31.2,5.5,23.78405,9.789633,22.153294,9.578035,9.262336,5.064351,8.10789,2.50137,351.1
2022 to 2024,S12000017,Highland,Male,80 to 84,3.8,1.4,6.1,312,3787,7.051282,5.448718,10.576923,7.371795,96238,63.314907,2.175856,34.508198,4.094017,24.048713,1.333153,1.905692,14.985312,21.361167,235351,2.594423,0.825575,1.161244,0.176332,0.089653,0.340768,0.050997,31.2,5.5,23.78405,9.789633,22.153294,9.578035,9.262336,5.064351,8.10789,2.50137,351.1
2022 to 2024,S12000017,Highland,Male,85 to 89,2.4,0.9,3.8,312,3787,7.051282,5.448718,10.576923,7.371795,96238,63.314907,2.175856,34.508198,4.094017,24.048713,1.333153,1.905692,14.985312,21.361167,235351,2.594423,0.825575,1.161244,0.176332,0.089653,0.340768,0.050997,31.2,5.5,23.78405,9.789633,22.153294,9.578035,9.262336,5.064351,8.10789,2.50137,351.1
2022 to 2024,S12000017,Highland,Male,90+,1.5,0.6,2.4,312,3787,7.051282,5.448718,10.576923,7.371795,96238,63.314907,2.175856,34.508198,4.094017,24.048713,1.333153,1.905692,14.985312,21.361167,235351,2.594423,0.825575,1.161244,0.176332,0.089653,0.340768,0.050997,31.2,5.5,23.78405,9.789633,22.153294,9.578035,9.262336,5.064351,8.10789,2.50137,351.1
2022 to 2024,S12000018,Inverclyde,Female,<1,53.6,48.3,59,114,1974,36.842105,7.017544,45.614035,14.035088,34945,51.383603,1.911575,46.707684,7.900987,27.820861,5.102304,3.662899,42.052796,5.641568,78426,2.658557,0.682172,1.138653,0.237166,0.100732,0.501109,0.052256,24.6,8.6,29.297682,14.579349,23.878561,13.148701,12.731747,5.555556,8.520134,3.130339,574.8
2022 to 2024,S12000018,Inverclyde,Female,01 to 04,53,47.8,58.3,114,1974,36.842105,7.017544,45.614035,14.035088,34945,51.383603,1.911575,46.707684,7.900987,27.820861,5.102304,3.662899,42.052796,5.641568,78426,2.658557,0.682172,1.138653,0.237166,0.100732,0.501109,0.052256,24.6,8.6,29.297682,14.579349,23.878561,13.148701,12.731747,5.555556,8.520134,3.130339,574.8
2022 to 2024,S12000018,Inverclyde,Female,05 to 09,49.6,45,54.2,114,1974,36.842105,7.017544,45.614035,14.035088,34945,51.383603,1.911575,46.707684,7.900987,27.820861,5.102304,3.662899,42.052796,5.641568,78426,2.658557,0.682172,1.138653,0.237166,0.100732,0.501109,0.052256,24.6,8.6,29.297682,14.579349,23.878561,13.148701,12.731747,5.555556,8.520134,3.130339,574.8
2022 to 2024,S12000018,Inverclyde,Female,10 to 14,45.4,41.3,49.4,114,1974,36.842105,7.017544,45.614035,14.035088,34945,51.383603,1.911575,46.707684,7.900987,27.820861,5.102304,3.662899,42.052796,5.641568,78426,2.658557,0.682172,1.138653,0.237166,0.100732,0.501109,0.052256,24.6,8.6,29.297682,14.579349,23.878561,13.148701,12.731747,5.555556,8.520134,3.130339,574.8
2022 to 2024,S12000018,Inverclyde,Female,15 to 19,41.2,37.6,44.8,114,1974,36.842105,7.017544,45.614035,14.035088,34945,51.383603,1.911575,46.707684,7.900987,27.820861,5.102304,3.662899,42.052796,5.641568,78426,2.658557,0.682172,1.138653,0.237166,0.100732,0.501109,0.052256,24.6,8.6,29.297682,14.579349,23.878561,13.148701,12.731747,5.555556,8.520134,3.130339,574.8
2022 to 2024,S12000018,Inverclyde,Female,20 to 24,37.2,33.7,40.7,114,1974,36.842105,7.017544,45.614035,14.035088,34945,51.383603,1.911575,46.707684,7.900987,27.820861,5.102304,3.662899,42.052796,5.641568,78426,2.658557,0.682172,1.138653,0.237166,0.100732,0.501109,0.052256,24.6,8.6,29.297682,14.579349,23.878561,13.148701,12.731747,5.555556,8.520134,3.130339,574.8
2022 to 2024,S12000018,Inverclyde,Female,25 to 29,33.3,30,36.7,114,1974,36.842105,7.017544,45.614035,14.035088,34945,51.383603,1.911575,46.707684,7.900987,27.820861,5.102304,3.662899,42.052796,5.641568,78426,2.658557,0.682172,1.138653,0.237166,0.100732,0.501109,0.052256,24.6,8.6,29.297682,14.579349,23.878561,13.148701,12.731747,5.555556,8.520134,3.130339,574.8
2022 to 2024,S12000018,Inverclyde,Female,30 to 34,29.6,26.4,32.8,114,1974,36.842105,7.017544,45.614035,14.035088,34945,51.383603,1.911575,46.707684,7.900987,27.820861,5.102304,3.662899,42.052796,5.641568,78426,2.658557,0.682172,1.138653,0.237166,0.100732,0.501109,0.052256,24.6,8.6,29.297682,14.579349,23.878561,13.148701,12.731747,5.555556,8.520134,3.130339,574.8
2022 to 2024,S12000018,Inverclyde,Female,35 to 39,26,23,29.1,114,1974,36.842105,7.017544,45.614035,14.035088,34945,51.383603,1.911575,46.707684,7.900987,27.820861,5.102304,3.662899,42.052796,5.641568,78426,2.658557,0.682172,1.138653,0.237166,0.100732,0.501109,0.052256,24.6,8.6,29.297682,14.579349,23.878561,13.148701,12.731747,5.555556,8.520134,3.130339,574.8
2022 to 2024,S12000018,Inverclyde,Female,40 to 44,22.6,19.7,25.5,114,1974,36.842105,7.017544,45.614035,14.035088,34945,51.383603,1.911575,46.707684,7.900987,27.820861,5.102304,3.662899,42.052796,5.641568,78426,2.658557,0.682172,1.138653,0.237166,0.100732,0.501109,0.052256,24.6,8.6,29.297682,14.579349,23.878561,13.148701,12.731747,5.555556,8.520134,3.130339,574.8
2022 to 2024,S12000018,Inverclyde,Female,45 to 49,19.4,16.7,22.2,114,1974,36.842105,7.017544,45.614035,14.035088,34945,51.383603,1.911575,46.707684,7.900987,27.820861,5.102304,3.662899,42.052796,5.641568,78426,2.658557,0.682172,1.138653,0.237166,0.100732,0.501109,0.052256,24.6,8.6,29.297682,14.579349,23.878561,13.148701,12.731747,5.555556,8.520134,3.130339,574.8
2022 to 2024,S12000018,Inverclyde,Female,50 to 54,16.4,13.8,19.1,114,1974,36.842105,7.017544,45.614035,14.035088,34945,51.383603,1.911575,46.707684,7.900987,27.820861,5.102304,3.662899,42.052796,5.641568,78426,2.658557,0.682172,1.138653,0.237166,0.100732,0.501109,0.052256,24.6,8.6,29.297682,14.579349,23.878561,13.148701,12.731747,5.555556,8.520134,3.130339,574.8
2022 to 2024,S12000018,Inverclyde,Female,55 to 59,13.5,11,16,114,1974,36.842105,7.017544,45.614035,14.035088,34945,51.383603,1.911575,46.707684,7.900987,27.820861,5.102304,3.662899,42.052796,5.641568,78426,2.658557,0.682172,1.138653,0.237166,0.100732,0.501109,0.052256,24.6,8.6,29.297682,14.579349,23.878561,13.148701,12.731747,5.555556,8.520134,3.130339,574.8
2022 to 2024,S12000018,Inverclyde,Female,60 to 64,10.9,8.4,13.4,114,1974,36.842105,7.017544,45.614035,14.035088,34945,51.383603,1.911575,46.707684,7.900987,27.820861,5.102304,3.662899,42.052796,5.641568,78426,2.658557,0.682172,1.138653,0.237166,0.100732,0.501109,0.052256,24.6,8.6,29.297682,14.579349,23.878561,13.148701,12.731747,5.555556,8.520134,3.130339,574.8
2022 to 2024,S12000018,Inverclyde,Female,65 to 69,8.5,6.1,10.9,114,1974,36.842105,7.017544,45.614035,14.035088,34945,51.383603,1.911575,46.707684,7.900987,27.820861,5.102304,3.662899,42.052796,5.641568,78426,2.658557,0.682172,1.138653,0.237166,0.100732,0.501109,0.052256,24.6,8.6,29.297682,14.579349,23.878561,13.148701,12.731747,5.555556,8.520134,3.130339,574.8
2022 to 2024,S12000018,Inverclyde,Female,70 to 74,6.4,3.9,8.9,114,1974,36.842105,7.017544,45.614035,14.035088,34945,51.383603,1.911575,46.707684,7.900987,27.820861,5.102304,3.662899,42.052796,5.641568,78426,2.658557,0.682172,1.138653,0.237166,0.100732,0.501109,0.052256,24.6,8.6,29.297682,14.579349,23.878561,13.148701,12.731747,5.555556,8.520134,3.130339,574.8
2022 to 2024,S12000018,Inverclyde,Female,75 to 79,4.6,1.9,7.3,114,1974,36.842105,7.017544,45.614035,14.035088,34945,51.383603,1.911575,46.707684,7.900987,27.820861,5.102304,3.662899,42.052796,5.641568,78426,2.658557,0.682172,1.138653,0.237166,0.100732,0.501109,0.052256,24.6,8.6,29.297682,14.579349,23.878561,13.148701,12.731747,5.555556,8.520134,3.130339,574.8
2022 to 2024,S12000018,Inverclyde,Female,80 to 84,2.9,0,5.9,114,1974,36.842105,7.017544,45.614035,14.035088,34945,51.383603,1.911575,46.707684,7.900987,27.820861,5.102304,3.662899,42.052796,5.641568,78426,2.658557,0.682172,1.138653,0.237166,0.100732,0.501109,0.052256,24.6,8.6,29.297682,14.579349,23.878561,13.148701,12.731747,5.555556,8.520134,3.130339,574.8
2022 to 2024,S12000018,Inverclyde,Female,85 to 89,1.9,0,3.7,114,1974,36.842105,7.017544,45.614035,14.035088,34945,51.383603,1.911575,46.707684,7.900987,27.820861,5.102304,3.662899,42.052796,5.641568,78426,2.658557,0.682172,1.138653,0.237166,0.100732,0.501109,0.052256,24.6,8.6,29.297682,14.579349,23.878561,13.148701,12.731747,5.555556,8.520134,3.130339,574.8
2022 to 2024,S12000018,Inverclyde,Female,90+,1.1,0,2.2,114,1974,36.842105,7.017544,45.614035,14.035088,34945,51.383603,1.911575,46.707684,7.900987,27.820861,5.102304,3.662899,42.052796,5.641568,78426,2.658557,0.682172,1.138653,0.237166,0.100732,0.501109,0.052256,24.6,8.6,29.297682,14.579349,23.878561,13.148701,12.731747,5.555556,8.520134,3.130339,574.8
2022 to 2024,S12000018,Inverclyde,Male,<1,54.1,49.7,58.6,114,1974,36.842105,7.017544,45.614035,14.035088,31470,56.415634,3.454083,40.130283,7.956784,23.632031,2.036861,2.675564,15.624648,13.118171,78426,2.658557,0.682172,1.138653,0.237166,0.100732,0.501109,0.052256,24.6,8.6,29.297682,14.579349,23.878561,13.148701,12.731747,5.555556,8.520134,3.130339,574.8
2022 to 2024,S12000018,Inverclyde,Male,01 to 04,53.3,48.9,57.6,114,1974,36.842105,7.017544,45.614035,14.035088,31470,56.415634,3.454083,40.130283,7.956784,23.632031,2.036861,2.675564,15.624648,13.118171,78426,2.658557,0.682172,1.138653,0.237166,0.100732,0.501109,0.052256,24.6,8.6,29.297682,14.579349,23.878561,13.148701,12.731747,5.555556,8.520134,3.130339,574.8
2022 to 2024,S12000018,Inverclyde,Male,05 to 09,49.7,45.8,53.6,114,1974,36.842105,7.017544,45.614035,14.035088,31470,56.415634,3.454083,40.130283,7.956784,23.632031,2.036861,2.675564,15.624648,13.118171,78426,2.658557,0.682172,1.138653,0.237166,0.100732,0.501109,0.052256,24.6,8.6,29.297682,14.579349,23.878561,13.148701,12.731747,5.555556,8.520134,3.130339,574.8
2022 to 2024,S12000018,Inverclyde,Male,10 to 14,45.4,41.9,48.8,114,1974,36.842105,7.017544,45.614035,14.035088,31470,56.415634,3.454083,40.130283,7.956784,23.632031,2.036861,2.675564,15.624648,13.118171,78426,2.658557,0.682172,1.138653,0.237166,0.100732,0.501109,0.052256,24.6,8.6,29.297682,14.579349,23.878561,13.148701,12.731747,5.555556,8.520134,3.130339,574.8
2022 to 2024,S12000018,Inverclyde,Male,15 to 19,41,37.8,44.2,114,1974,36.842105,7.017544,45.614035,14.035088,31470,56.415634,3.454083,40.130283,7.956784,23.632031,2.036861,2.675564,15.624648,13.118171,78426,2.658557,0.682172,1.138653,0.237166,0.100732,0.501109,0.052256,24.6,8.6,29.297682,14.579349,23.878561,13.148701,12.731747,5.555556,8.520134,3.130339,574.8
2022 to 2024,S12000018,Inverclyde,Male,20 to 24,36.8,33.7,39.8,114,1974,36.842105,7.017544,45.614035,14.035088,31470,56.415634,3.454083,40.130283,7.956784,23.632031,2.036861,2.675564,15.624648,13.118171,78426,2.658557,0.682172,1.138653,0.237166,0.100732,0.501109,0.052256,24.6,8.6,29.297682,14.579349,23.878561,13.148701,12.731747,5.555556,8.520134,3.130339,574.8
2022 to 2024,S12000018,Inverclyde,Male,25 to 29,32.7,29.8,35.6,114,1974,36.842105,7.017544,45.614035,14.035088,31470,56.415634,3.454083,40.130283,7.956784,23.632031,2.036861,2.675564,15.624648,13.118171,78426,2.658557,0.682172,1.138653,0.237166,0.100732,0.501109,0.052256,24.6,8.6,29.297682,14.579349,23.878561,13.148701,12.731747,5.555556,8.520134,3.130339,574.8
2022 to 2024,S12000018,Inverclyde,Male,30 to 34,28.8,26.1,31.5,114,1974,36.842105,7.017544,45.614035,14.035088,31470,56.415634,3.454083,40.130283,7.956784,23.632031,2.036861,2.675564,15.624648,13.118171,78426,2.658557,0.682172,1.138653,0.237166,0.100732,0.501109,0.052256,24.6,8.6,29.297682,14.579349,23.878561,13.148701,12.731747,5.555556,8.520134,3.130339,574.8
2022 to 2024,S12000018,Inverclyde,Male,35 to 39,25.1,22.5,27.7,114,1974,36.842105,7.017544,45.614035,14.035088,31470,56.415634,3.454083,40.130283,7.956784,23.632031,2.036861,2.675564,15.624648,13.118171,78426,2.658557,0.682172,1.138653,0.237166,0.100732,0.501109,0.052256,24.6,8.6,29.297682,14.579349,23.878561,13.148701,12.731747,5.555556,8.520134,3.130339,574.8
2022 to 2024,S12000018,Inverclyde,Male,40 to 44,21.7,19.2,24.2,114,1974,36.842105,7.017544,45.614035,14.035088,31470,56.415634,3.454083,40.130283,7.956784,23.632031,2.036861,2.675564,15.624648,13.118171,78426,2.658557,0.682172,1.138653,0.237166,0.100732,0.501109,0.052256,24.6,8.6,29.297682,14.579349,23.878561,13.148701,12.731747,5.555556,8.520134,3.130339,574.8
2022 to 2024,S12000018,Inverclyde,Male,45 to 49,18.5,16.2,20.8,114,1974,36.842105,7.017544,45.614035,14.035088,31470,56.415634,3.454083,40.130283,7.956784,23.632031,2.036861,2.675564,15.624648,13.118171,78426,2.658557,0.682172,1.138653,0.237166,0.100732,0.501109,0.052256,24.6,8.6,29.297682,14.579349,23.878561,13.148701,12.731747,5.555556,8.520134,3.130339,574.8
2022 to 2024,S12000018,Inverclyde,Male,50 to 54,15.4,13.2,17.5,114,1974,36.842105,7.017544,45.614035,14.035088,31470,56.415634,3.454083,40.130283,7.956784,23.632031,2.036861,2.675564,15.624648,13.118171,78426,2.658557,0.682172,1.138653,0.237166,0.100732,0.501109,0.052256,24.6,8.6,29.297682,14.579349,23.878561,13.148701,12.731747,5.555556,8.520134,3.130339,574.8
2022 to 2024,S12000018,Inverclyde,Male,55 to 59,12.5,10.6,14.5,114,1974,36.842105,7.017544,45.614035,14.035088,31470,56.415634,3.454083,40.130283,7.956784,23.632031,2.036861,2.675564,15.624648,13.118171,78426,2.658557,0.682172,1.138653,0.237166,0.100732,0.501109,0.052256,24.6,8.6,29.297682,14.579349,23.878561,13.148701,12.731747,5.555556,8.520134,3.130339,574.8
2022 to 2024,S12000018,Inverclyde,Male,60 to 64,9.9,8.2,11.7,114,1974,36.842105,7.017544,45.614035,14.035088,31470,56.415634,3.454083,40.130283,7.956784,23.632031,2.036861,2.675564,15.624648,13.118171,78426,2.658557,0.682172,1.138653,0.237166,0.100732,0.501109,0.052256,24.6,8.6,29.297682,14.579349,23.878561,13.148701,12.731747,5.555556,8.520134,3.130339,574.8
2022 to 2024,S12000018,Inverclyde,Male,65 to 69,7.7,6,9.4,114,1974,36.842105,7.017544,45.614035,14.035088,31470,56.415634,3.454083,40.130283,7.956784,23.632031,2.036861,2.675564,15.624648,13.118171,78426,2.658557,0.682172,1.138653,0.237166,0.100732,0.501109,0.052256,24.6,8.6,29.297682,14.579349,23.878561,13.148701,12.731747,5.555556,8.520134,3.130339,574.8
2022 to 2024,S12000018,Inverclyde,Male,70 to 74,5.7,4,7.4,114,1974,36.842105,7.017544,45.614035,14.035088,31470,56.415634,3.454083,40.130283,7.956784,23.632031,2.036861,2.675564,15.624648,13.118171,78426,2.658557,0.682172,1.138653,0.237166,0.100732,0.501109,0.052256,24.6,8.6,29.297682,14.579349,23.878561,13.148701,12.731747,5.555556,8.520134,3.130339,574.8
2022 to 2024,S12000018,Inverclyde,Male,75 to 79,4,2.2,5.8,114,1974,36.842105,7.017544,45.614035,14.035088,31470,56.415634,3.454083,40.130283,7.956784,23.632031,2.036861,2.675564,15.624648,13.118171,78426,2.658557,0.682172,1.138653,0.237166,0.100732,0.501109,0.052256,24.6,8.6,29.297682,14.579349,23.878561,13.148701,12.731747,5.555556,8.520134,3.130339,574.8
2022 to 2024,S12000018,Inverclyde,Male,80 to 84,2.6,0.6,4.6,114,1974,36.842105,7.017544,45.614035,14.035088,31470,56.415634,3.454083,40.130283,7.956784,23.632031,2.036861,2.675564,15.624648,13.118171,78426,2.658557,0.682172,1.138653,0.237166,0.100732,0.501109,0.052256,24.6,8.6,29.297682,14.579349,23.878561,13.148701,12.731747,5.555556,8.520134,3.130339,574.8
2022 to 2024,S12000018,Inverclyde,Male,85 to 89,1.7,0.4,2.9,114,1974,36.842105,7.017544,45.614035,14.035088,31470,56.415634,3.454083,40.130283,7.956784,23.632031,2.036861,2.675564,15.624648,13.118171,78426,2.658557,0.682172,1.138653,0.237166,0.100732,0.501109,0.052256,24.6,8.6,29.297682,14.579349,23.878561,13.148701,12.731747,5.555556,8.520134,3.130339,574.8
2022 to 2024,S12000018,Inverclyde,Male,90+,1.2,0.3,2.1,114,1974,36.842105,7.017544,45.614035,14.035088,31470,56.415634,3.454083,40.130283,7.956784,23.632031,2.036861,2.675564,15.624648,13.118171,78426,2.658557,0.682172,1.138653,0.237166,0.100732,0.501109,0.052256,24.6,8.6,29.297682,14.579349,23.878561,13.148701,12.731747,5.555556,8.520134,3.130339,574.8
2022 to 2024,S12000019,Midlothian,Female,<1,60.9,54.6,67.2,115,2943,4.347826,9.565217,10.434783,13.913043,40931,60.616648,1.434121,37.951675,4.707923,24.316533,4.656617,2.900002,40.69969,7.649833,96527,4.534483,1.063951,2.298839,0.491054,0.098418,0.582221,0.087933,29.5,6.2,22.806054,9.71956,20.70716,10.737928,8.81515,5.687528,6.950387,2.348566,273.6
2022 to 2024,S12000019,Midlothian,Female,01 to 04,60.1,54,66.2,115,2943,4.347826,9.565217,10.434783,13.913043,40931,60.616648,1.434121,37.951675,4.707923,24.316533,4.656617,2.900002,40.69969,7.649833,96527,4.534483,1.063951,2.298839,0.491054,0.098418,0.582221,0.087933,29.5,6.2,22.806054,9.71956,20.70716,10.737928,8.81515,5.687528,6.950387,2.348566,273.6
2022 to 2024,S12000019,Midlothian,Female,05 to 09,56.5,51.2,61.7,115,2943,4.347826,9.565217,10.434783,13.913043,40931,60.616648,1.434121,37.951675,4.707923,24.316533,4.656617,2.900002,40.69969,7.649833,96527,4.534483,1.063951,2.298839,0.491054,0.098418,0.582221,0.087933,29.5,6.2,22.806054,9.71956,20.70716,10.737928,8.81515,5.687528,6.950387,2.348566,273.6
2022 to 2024,S12000019,Midlothian,Female,10 to 14,51.9,47.5,56.3,115,2943,4.347826,9.565217,10.434783,13.913043,40931,60.616648,1.434121,37.951675,4.707923,24.316533,4.656617,2.900002,40.69969,7.649833,96527,4.534483,1.063951,2.298839,0.491054,0.098418,0.582221,0.087933,29.5,6.2,22.806054,9.71956,20.70716,10.737928,8.81515,5.687528,6.950387,2.348566,273.6
2022 to 2024,S12000019,Midlothian,Female,15 to 19,47.4,43.6,51.2,115,2943,4.347826,9.565217,10.434783,13.913043,40931,60.616648,1.434121,37.951675,4.707923,24.316533,4.656617,2.900002,40.69969,7.649833,96527,4.534483,1.063951,2.298839,0.491054,0.098418,0.582221,0.087933,29.5,6.2,22.806054,9.71956,20.70716,10.737928,8.81515,5.687528,6.950387,2.348566,273.6
2022 to 2024,S12000019,Midlothian,Female,20 to 24,43.2,39.6,46.7,115,2943,4.347826,9.565217,10.434783,13.913043,40931,60.616648,1.434121,37.951675,4.707923,24.316533,4.656617,2.900002,40.69969,7.649833,96527,4.534483,1.063951,2.298839,0.491054,0.098418,0.582221,0.087933,29.5,6.2,22.806054,9.71956,20.70716,10.737928,8.81515,5.687528,6.950387,2.348566,273.6
2022 to 2024,S12000019,Midlothian,Female,25 to 29,39.1,35.7,42.5,115,2943,4.347826,9.565217,10.434783,13.913043,40931,60.616648,1.434121,37.951675,4.707923,24.316533,4.656617,2.900002,40.69969,7.649833,96527,4.534483,1.063951,2.298839,0.491054,0.098418,0.582221,0.087933,29.5,6.2,22.806054,9.71956,20.70716,10.737928,8.81515,5.687528,6.950387,2.348566,273.6
2022 to 2024,S12000019,Midlothian,Female,30 to 34,35,31.9,38.1,115,2943,4.347826,9.565217,10.434783,13.913043,40931,60.616648,1.434121,37.951675,4.707923,24.316533,4.656617,2.900002,40.69969,7.649833,96527,4.534483,1.063951,2.298839,0.491054,0.098418,0.582221,0.087933,29.5,6.2,22.806054,9.71956,20.70716,10.737928,8.81515,5.687528,6.950387,2.348566,273.6
2022 to 2024,S12000019,Midlothian,Female,35 to 39,31,28,34,115,2943,4.347826,9.565217,10.434783,13.913043,40931,60.616648,1.434121,37.951675,4.707923,24.316533,4.656617,2.900002,40.69969,7.649833,96527,4.534483,1.063951,2.298839,0.491054,0.098418,0.582221,0.087933,29.5,6.2,22.806054,9.71956,20.70716,10.737928,8.81515,5.687528,6.950387,2.348566,273.6
2022 to 2024,S12000019,Midlothian,Female,40 to 44,27.2,24.3,30.1,115,2943,4.347826,9.565217,10.434783,13.913043,40931,60.616648,1.434121,37.951675,4.707923,24.316533,4.656617,2.900002,40.69969,7.649833,96527,4.534483,1.063951,2.298839,0.491054,0.098418,0.582221,0.087933,29.5,6.2,22.806054,9.71956,20.70716,10.737928,8.81515,5.687528,6.950387,2.348566,273.6
2022 to 2024,S12000019,Midlothian,Female,45 to 49,23.5,20.7,26.3,115,2943,4.347826,9.565217,10.434783,13.913043,40931,60.616648,1.434121,37.951675,4.707923,24.316533,4.656617,2.900002,40.69969,7.649833,96527,4.534483,1.063951,2.298839,0.491054,0.098418,0.582221,0.087933,29.5,6.2,22.806054,9.71956,20.70716,10.737928,8.81515,5.687528,6.950387,2.348566,273.6
2022 to 2024,S12000019,Midlothian,Female,50 to 54,20,17.3,22.7,115,2943,4.347826,9.565217,10.434783,13.913043,40931,60.616648,1.434121,37.951675,4.707923,24.316533,4.656617,2.900002,40.69969,7.649833,96527,4.534483,1.063951,2.298839,0.491054,0.098418,0.582221,0.087933,29.5,6.2,22.806054,9.71956,20.70716,10.737928,8.81515,5.687528,6.950387,2.348566,273.6
2022 to 2024,S12000019,Midlothian,Female,55 to 59,16.7,14.1,19.3,115,2943,4.347826,9.565217,10.434783,13.913043,40931,60.616648,1.434121,37.951675,4.707923,24.316533,4.656617,2.900002,40.69969,7.649833,96527,4.534483,1.063951,2.298839,0.491054,0.098418,0.582221,0.087933,29.5,6.2,22.806054,9.71956,20.70716,10.737928,8.81515,5.687528,6.950387,2.348566,273.6
2022 to 2024,S12000019,Midlothian,Female,60 to 64,13.6,11.1,16.1,115,2943,4.347826,9.565217,10.434783,13.913043,40931,60.616648,1.434121,37.951675,4.707923,24.316533,4.656617,2.900002,40.69969,7.649833,96527,4.534483,1.063951,2.298839,0.491054,0.098418,0.582221,0.087933,29.5,6.2,22.806054,9.71956,20.70716,10.737928,8.81515,5.687528,6.950387,2.348566,273.6
2022 to 2024,S12000019,Midlothian,Female,65 to 69,10.8,8.3,13.3,115,2943,4.347826,9.565217,10.434783,13.913043,40931,60.616648,1.434121,37.951675,4.707923,24.316533,4.656617,2.900002,40.69969,7.649833,96527,4.534483,1.063951,2.298839,0.491054,0.098418,0.582221,0.087933,29.5,6.2,22.806054,9.71956,20.70716,10.737928,8.81515,5.687528,6.950387,2.348566,273.6
2022 to 2024,S12000019,Midlothian,Female,70 to 74,8.2,5.7,10.7,115,2943,4.347826,9.565217,10.434783,13.913043,40931,60.616648,1.434121,37.951675,4.707923,24.316533,4.656617,2.900002,40.69969,7.649833,96527,4.534483,1.063951,2.298839,0.491054,0.098418,0.582221,0.087933,29.5,6.2,22.806054,9.71956,20.70716,10.737928,8.81515,5.687528,6.950387,2.348566,273.6
2022 to 2024,S12000019,Midlothian,Female,75 to 79,6,3.3,8.6,115,2943,4.347826,9.565217,10.434783,13.913043,40931,60.616648,1.434121,37.951675,4.707923,24.316533,4.656617,2.900002,40.69969,7.649833,96527,4.534483,1.063951,2.298839,0.491054,0.098418,0.582221,0.087933,29.5,6.2,22.806054,9.71956,20.70716,10.737928,8.81515,5.687528,6.950387,2.348566,273.6
2022 to 2024,S12000019,Midlothian,Female,80 to 84,3.9,1.2,6.7,115,2943,4.347826,9.565217,10.434783,13.913043,40931,60.616648,1.434121,37.951675,4.707923,24.316533,4.656617,2.900002,40.69969,7.649833,96527,4.534483,1.063951,2.298839,0.491054,0.098418,0.582221,0.087933,29.5,6.2,22.806054,9.71956,20.70716,10.737928,8.81515,5.687528,6.950387,2.348566,273.6
2022 to 2024,S12000019,Midlothian,Female,85 to 89,2.5,0.8,4.3,115,2943,4.347826,9.565217,10.434783,13.913043,40931,60.616648,1.434121,37.951675,4.707923,24.316533,4.656617,2.900002,40.69969,7.649833,96527,4.534483,1.063951,2.298839,0.491054,0.098418,0.582221,0.087933,29.5,6.2,22.806054,9.71956,20.70716,10.737928,8.81515,5.687528,6.950387,2.348566,273.6
2022 to 2024,S12000019,Midlothian,Female,90+,1.6,0.5,2.7,115,2943,4.347826,9.565217,10.434783,13.913043,40931,60.616648,1.434121,37.951675,4.707923,24.316533,4.656617,2.900002,40.69969,7.649833,96527,4.534483,1.063951,2.298839,0.491054,0.098418,0.582221,0.087933,29.5,6.2,22.806054,9.71956,20.70716,10.737928,8.81515,5.687528,6.950387,2.348566,273.6
2022 to 2024,S12000019,Midlothian,Male,<1,60.3,55,65.6,115,2943,4.347826,9.565217,10.434783,13.913043,37388,66.537392,2.161121,31.304162,4.145715,21.009415,1.438964,2.150423,14.382763,16.215782,96527,4.534483,1.063951,2.298839,0.491054,0.098418,0.582221,0.087933,29.5,6.2,22.806054,9.71956,20.70716,10.737928,8.81515,5.687528,6.950387,2.348566,273.6
2022 to 2024,S12000019,Midlothian,Male,01 to 04,59.7,54.5,64.8,115,2943,4.347826,9.565217,10.434783,13.913043,37388,66.537392,2.161121,31.304162,4.145715,21.009415,1.438964,2.150423,14.382763,16.215782,96527,4.534483,1.063951,2.298839,0.491054,0.098418,0.582221,0.087933,29.5,6.2,22.806054,9.71956,20.70716,10.737928,8.81515,5.687528,6.950387,2.348566,273.6
2022 to 2024,S12000019,Midlothian,Male,05 to 09,56,51.5,60.5,115,2943,4.347826,9.565217,10.434783,13.913043,37388,66.537392,2.161121,31.304162,4.145715,21.009415,1.438964,2.150423,14.382763,16.215782,96527,4.534483,1.063951,2.298839,0.491054,0.098418,0.582221,0.087933,29.5,6.2,22.806054,9.71956,20.70716,10.737928,8.81515,5.687528,6.950387,2.348566,273.6
2022 to 2024,S12000019,Midlothian,Male,10 to 14,51.5,47.6,55.3,115,2943,4.347826,9.565217,10.434783,13.913043,37388,66.537392,2.161121,31.304162,4.145715,21.009415,1.438964,2.150423,14.382763,16.215782,96527,4.534483,1.063951,2.298839,0.491054,0.098418,0.582221,0.087933,29.5,6.2,22.806054,9.71956,20.70716,10.737928,8.81515,5.687528,6.950387,2.348566,273.6
2022 to 2024,S12000019,Midlothian,Male,15 to 19,47,43.6,50.3,115,2943,4.347826,9.565217,10.434783,13.913043,37388,66.537392,2.161121,31.304162,4.145715,21.009415,1.438964,2.150423,14.382763,16.215782,96527,4.534483,1.063951,2.298839,0.491054,0.098418,0.582221,0.087933,29.5,6.2,22.806054,9.71956,20.70716,10.737928,8.81515,5.687528,6.950387,2.348566,273.6
2022 to 2024,S12000019,Midlothian,Male,20 to 24,42.5,39.3,45.7,115,2943,4.347826,9.565217,10.434783,13.913043,37388,66.537392,2.161121,31.304162,4.145715,21.009415,1.438964,2.150423,14.382763,16.215782,96527,4.534483,1.063951,2.298839,0.491054,0.098418,0.582221,0.087933,29.5,6.2,22.806054,9.71956,20.70716,10.737928,8.81515,5.687528,6.950387,2.348566,273.6
2022 to 2024,S12000019,Midlothian,Male,25 to 29,38.2,35.3,41.1,115,2943,4.347826,9.565217,10.434783,13.913043,37388,66.537392,2.161121,31.304162,4.145715,21.009415,1.438964,2.150423,14.382763,16.215782,96527,4.534483,1.063951,2.298839,0.491054,0.098418,0.582221,0.087933,29.5,6.2,22.806054,9.71956,20.70716,10.737928,8.81515,5.687528,6.950387,2.348566,273.6
2022 to 2024,S12000019,Midlothian,Male,30 to 34,34.1,31.3,36.8,115,2943,4.347826,9.565217,10.434783,13.913043,37388,66.537392,2.161121,31.304162,4.145715,21.009415,1.438964,2.150423,14.382763,16.215782,96527,4.534483,1.063951,2.298839,0.491054,0.098418,0.582221,0.087933,29.5,6.2,22.806054,9.71956,20.70716,10.737928,8.81515,5.687528,6.950387,2.348566,273.6
2022 to 2024,S12000019,Midlothian,Male,35 to 39,30,27.3,32.6,115,2943,4.347826,9.565217,10.434783,13.913043,37388,66.537392,2.161121,31.304162,4.145715,21.009415,1.438964,2.150423,14.382763,16.215782,96527,4.534483,1.063951,2.298839,0.491054,0.098418,0.582221,0.087933,29.5,6.2,22.806054,9.71956,20.70716,10.737928,8.81515,5.687528,6.950387,2.348566,273.6
2022 to 2024,S12000019,Midlothian,Male,40 to 44,26.1,23.5,28.6,115,2943,4.347826,9.565217,10.434783,13.913043,37388,66.537392,2.161121,31.304162,4.145715,21.009415,1.438964,2.150423,14.382763,16.215782,96527,4.534483,1.063951,2.298839,0.491054,0.098418,0.582221,0.087933,29.5,6.2,22.806054,9.71956,20.70716,10.737928,8.81515,5.687528,6.950387,2.348566,273.6
2022 to 2024,S12000019,Midlothian,Male,45 to 49,22.3,19.8,24.8,115,2943,4.347826,9.565217,10.434783,13.913043,37388,66.537392,2.161121,31.304162,4.145715,21.009415,1.438964,2.150423,14.382763,16.215782,96527,4.534483,1.063951,2.298839,0.491054,0.098418,0.582221,0.087933,29.5,6.2,22.806054,9.71956,20.70716,10.737928,8.81515,5.687528,6.950387,2.348566,273.6
2022 to 2024,S12000019,Midlothian,Male,50 to 54,18.8,16.4,21.1,115,2943,4.347826,9.565217,10.434783,13.913043,37388,66.537392,2.161121,31.304162,4.145715,21.009415,1.438964,2.150423,14.382763,16.215782,96527,4.534483,1.063951,2.298839,0.491054,0.098418,0.582221,0.087933,29.5,6.2,22.806054,9.71956,20.70716,10.737928,8.81515,5.687528,6.950387,2.348566,273.6
2022 to 2024,S12000019,Midlothian,Male,55 to 59,15.4,13.2,17.7,115,2943,4.347826,9.565217,10.434783,13.913043,37388,66.537392,2.161121,31.304162,4.145715,21.009415,1.438964,2.150423,14.382763,16.215782,96527,4.534483,1.063951,2.298839,0.491054,0.098418,0.582221,0.087933,29.5,6.2,22.806054,9.71956,20.70716,10.737928,8.81515,5.687528,6.950387,2.348566,273.6
2022 to 2024,S12000019,Midlothian,Male,60 to 64,12.4,10.3,14.5,115,2943,4.347826,9.565217,10.434783,13.913043,37388,66.537392,2.161121,31.304162,4.145715,21.009415,1.438964,2.150423,14.382763,16.215782,96527,4.534483,1.063951,2.298839,0.491054,0.098418,0.582221,0.087933,29.5,6.2,22.806054,9.71956,20.70716,10.737928,8.81515,5.687528,6.950387,2.348566,273.6
2022 to 2024,S12000019,Midlothian,Male,65 to 69,9.7,7.6,11.7,115,2943,4.347826,9.565217,10.434783,13.913043,37388,66.537392,2.161121,31.304162,4.145715,21.009415,1.438964,2.150423,14.382763,16.215782,96527,4.534483,1.063951,2.298839,0.491054,0.098418,0.582221,0.087933,29.5,6.2,22.806054,9.71956,20.70716,10.737928,8.81515,5.687528,6.950387,2.348566,273.6
2022 to 2024,S12000019,Midlothian,Male,70 to 74,7.1,5.1,9.2,115,2943,4.347826,9.565217,10.434783,13.913043,37388,66.537392,2.161121,31.304162,4.145715,21.009415,1.438964,2.150423,14.382763,16.215782,96527,4.534483,1.063951,2.298839,0.491054,0.098418,0.582221,0.087933,29.5,6.2,22.806054,9.71956,20.70716,10.737928,8.81515,5.687528,6.950387,2.348566,273.6
2022 to 2024,S12000019,Midlothian,Male,75 to 79,5.1,3,7.3,115,2943,4.347826,9.565217,10.434783,13.913043,37388,66.537392,2.161121,31.304162,4.145715,21.009415,1.438964,2.150423,14.382763,16.215782,96527,4.534483,1.063951,2.298839,0.491054,0.098418,0.582221,0.087933,29.5,6.2,22.806054,9.71956,20.70716,10.737928,8.81515,5.687528,6.950387,2.348566,273.6
2022 to 2024,S12000019,Midlothian,Male,80 to 84,3.4,1.1,5.8,115,2943,4.347826,9.565217,10.434783,13.913043,37388,66.537392,2.161121,31.304162,4.145715,21.009415,1.438964,2.150423,14.382763,16.215782,96527,4.534483,1.063951,2.298839,0.491054,0.098418,0.582221,0.087933,29.5,6.2,22.806054,9.71956,20.70716,10.737928,8.81515,5.687528,6.950387,2.348566,273.6
2022 to 2024,S12000019,Midlothian,Male,85 to 89,2.2,0.7,3.7,115,2943,4.347826,9.565217,10.434783,13.913043,37388,66.537392,2.161121,31.304162,4.145715,21.009415,1.438964,2.150423,14.382763,16.215782,96527,4.534483,1.063951,2.298839,0.491054,0.098418,0.582221,0.087933,29.5,6.2,22.806054,9.71956,20.70716,10.737928,8.81515,5.687528,6.950387,2.348566,273.6
2022 to 2024,S12000019,Midlothian,Male,90+,1.2,0.4,2,115,2943,4.347826,9.565217,10.434783,13.913043,37388,66.537392,2.161121,31.304162,4.145715,21.009415,1.438964,2.150423,14.382763,16.215782,96527,4.534483,1.063951,2.298839,0.491054,0.098418,0.582221,0.087933,29.5,6.2,22.806054,9.71956,20.70716,10.737928,8.81515,5.687528,6.950387,2.348566,273.6
2022 to 2024,S12000020,Moray,Female,<1,62.5,57.6,67.4,126,4043,1.587302,7.936508,3.174603,11.111111,39858,54.844699,1.828993,43.338853,4.26765,28.714436,5.632495,2.375935,48.357731,11.747484,93293,2.398894,0.758899,0.978637,0.167215,0.11898,0.377306,0.047231,26.9,5.2,22.834511,9.096074,21.326359,9.703836,8.790585,4.879251,8.091711,2.726893,235.3
2022 to 2024,S12000020,Moray,Female,01 to 04,61.7,56.9,66.5,126,4043,1.587302,7.936508,3.174603,11.111111,39858,54.844699,1.828993,43.338853,4.26765,28.714436,5.632495,2.375935,48.357731,11.747484,93293,2.398894,0.758899,0.978637,0.167215,0.11898,0.377306,0.047231,26.9,5.2,22.834511,9.096074,21.326359,9.703836,8.790585,4.879251,8.091711,2.726893,235.3
2022 to 2024,S12000020,Moray,Female,05 to 09,58,53.7,62.3,126,4043,1.587302,7.936508,3.174603,11.111111,39858,54.844699,1.828993,43.338853,4.26765,28.714436,5.632495,2.375935,48.357731,11.747484,93293,2.398894,0.758899,0.978637,0.167215,0.11898,0.377306,0.047231,26.9,5.2,22.834511,9.096074,21.326359,9.703836,8.790585,4.879251,8.091711,2.726893,235.3
2022 to 2024,S12000020,Moray,Female,10 to 14,53.3,49.6,57.1,126,4043,1.587302,7.936508,3.174603,11.111111,39858,54.844699,1.828993,43.338853,4.26765,28.714436,5.632495,2.375935,48.357731,11.747484,93293,2.398894,0.758899,0.978637,0.167215,0.11898,0.377306,0.047231,26.9,5.2,22.834511,9.096074,21.326359,9.703836,8.790585,4.879251,8.091711,2.726893,235.3
2022 to 2024,S12000020,Moray,Female,15 to 19,48.8,45.4,52.2,126,4043,1.587302,7.936508,3.174603,11.111111,39858,54.844699,1.828993,43.338853,4.26765,28.714436,5.632495,2.375935,48.357731,11.747484,93293,2.398894,0.758899,0.978637,0.167215,0.11898,0.377306,0.047231,26.9,5.2,22.834511,9.096074,21.326359,9.703836,8.790585,4.879251,8.091711,2.726893,235.3
2022 to 2024,S12000020,Moray,Female,20 to 24,44.5,41.2,47.8,126,4043,1.587302,7.936508,3.174603,11.111111,39858,54.844699,1.828993,43.338853,4.26765,28.714436,5.632495,2.375935,48.357731,11.747484,93293,2.398894,0.758899,0.978637,0.167215,0.11898,0.377306,0.047231,26.9,5.2,22.834511,9.096074,21.326359,9.703836,8.790585,4.879251,8.091711,2.726893,235.3
2022 to 2024,S12000020,Moray,Female,25 to 29,40.3,37.3,43.2,126,4043,1.587302,7.936508,3.174603,11.111111,39858,54.844699,1.828993,43.338853,4.26765,28.714436,5.632495,2.375935,48.357731,11.747484,93293,2.398894,0.758899,0.978637,0.167215,0.11898,0.377306,0.047231,26.9,5.2,22.834511,9.096074,21.326359,9.703836,8.790585,4.879251,8.091711,2.726893,235.3
2022 to 2024,S12000020,Moray,Female,30 to 34,36.2,33.3,39,126,4043,1.587302,7.936508,3.174603,11.111111,39858,54.844699,1.828993,43.338853,4.26765,28.714436,5.632495,2.375935,48.357731,11.747484,93293,2.398894,0.758899,0.978637,0.167215,0.11898,0.377306,0.047231,26.9,5.2,22.834511,9.096074,21.326359,9.703836,8.790585,4.879251,8.091711,2.726893,235.3
2022 to 2024,S12000020,Moray,Female,35 to 39,32.1,29.4,34.9,126,4043,1.587302,7.936508,3.174603,11.111111,39858,54.844699,1.828993,43.338853,4.26765,28.714436,5.632495,2.375935,48.357731,11.747484,93293,2.398894,0.758899,0.978637,0.167215,0.11898,0.377306,0.047231,26.9,5.2,22.834511,9.096074,21.326359,9.703836,8.790585,4.879251,8.091711,2.726893,235.3
2022 to 2024,S12000020,Moray,Female,40 to 44,28.2,25.5,30.9,126,4043,1.587302,7.936508,3.174603,11.111111,39858,54.844699,1.828993,43.338853,4.26765,28.714436,5.632495,2.375935,48.357731,11.747484,93293,2.398894,0.758899,0.978637,0.167215,0.11898,0.377306,0.047231,26.9,5.2,22.834511,9.096074,21.326359,9.703836,8.790585,4.879251,8.091711,2.726893,235.3
2022 to 2024,S12000020,Moray,Female,45 to 49,24.5,22,27,126,4043,1.587302,7.936508,3.174603,11.111111,39858,54.844699,1.828993,43.338853,4.26765,28.714436,5.632495,2.375935,48.357731,11.747484,93293,2.398894,0.758899,0.978637,0.167215,0.11898,0.377306,0.047231,26.9,5.2,22.834511,9.096074,21.326359,9.703836,8.790585,4.879251,8.091711,2.726893,235.3
2022 to 2024,S12000020,Moray,Female,50 to 54,20.9,18.5,23.3,126,4043,1.587302,7.936508,3.174603,11.111111,39858,54.844699,1.828993,43.338853,4.26765,28.714436,5.632495,2.375935,48.357731,11.747484,93293,2.398894,0.758899,0.978637,0.167215,0.11898,0.377306,0.047231,26.9,5.2,22.834511,9.096074,21.326359,9.703836,8.790585,4.879251,8.091711,2.726893,235.3
2022 to 2024,S12000020,Moray,Female,55 to 59,17.5,15.2,19.8,126,4043,1.587302,7.936508,3.174603,11.111111,39858,54.844699,1.828993,43.338853,4.26765,28.714436,5.632495,2.375935,48.357731,11.747484,93293,2.398894,0.758899,0.978637,0.167215,0.11898,0.377306,0.047231,26.9,5.2,22.834511,9.096074,21.326359,9.703836,8.790585,4.879251,8.091711,2.726893,235.3
2022 to 2024,S12000020,Moray,Female,60 to 64,14.3,12,16.5,126,4043,1.587302,7.936508,3.174603,11.111111,39858,54.844699,1.828993,43.338853,4.26765,28.714436,5.632495,2.375935,48.357731,11.747484,93293,2.398894,0.758899,0.978637,0.167215,0.11898,0.377306,0.047231,26.9,5.2,22.834511,9.096074,21.326359,9.703836,8.790585,4.879251,8.091711,2.726893,235.3
2022 to 2024,S12000020,Moray,Female,65 to 69,11.2,9,13.5,126,4043,1.587302,7.936508,3.174603,11.111111,39858,54.844699,1.828993,43.338853,4.26765,28.714436,5.632495,2.375935,48.357731,11.747484,93293,2.398894,0.758899,0.978637,0.167215,0.11898,0.377306,0.047231,26.9,5.2,22.834511,9.096074,21.326359,9.703836,8.790585,4.879251,8.091711,2.726893,235.3
2022 to 2024,S12000020,Moray,Female,70 to 74,8.5,6.2,10.8,126,4043,1.587302,7.936508,3.174603,11.111111,39858,54.844699,1.828993,43.338853,4.26765,28.714436,5.632495,2.375935,48.357731,11.747484,93293,2.398894,0.758899,0.978637,0.167215,0.11898,0.377306,0.047231,26.9,5.2,22.834511,9.096074,21.326359,9.703836,8.790585,4.879251,8.091711,2.726893,235.3
2022 to 2024,S12000020,Moray,Female,75 to 79,6.1,3.7,8.5,126,4043,1.587302,7.936508,3.174603,11.111111,39858,54.844699,1.828993,43.338853,4.26765,28.714436,5.632495,2.375935,48.357731,11.747484,93293,2.398894,0.758899,0.978637,0.167215,0.11898,0.377306,0.047231,26.9,5.2,22.834511,9.096074,21.326359,9.703836,8.790585,4.879251,8.091711,2.726893,235.3
2022 to 2024,S12000020,Moray,Female,80 to 84,4,1.7,6.4,126,4043,1.587302,7.936508,3.174603,11.111111,39858,54.844699,1.828993,43.338853,4.26765,28.714436,5.632495,2.375935,48.357731,11.747484,93293,2.398894,0.758899,0.978637,0.167215,0.11898,0.377306,0.047231,26.9,5.2,22.834511,9.096074,21.326359,9.703836,8.790585,4.879251,8.091711,2.726893,235.3
2022 to 2024,S12000020,Moray,Female,85 to 89,2.6,1,4.1,126,4043,1.587302,7.936508,3.174603,11.111111,39858,54.844699,1.828993,43.338853,4.26765,28.714436,5.632495,2.375935,48.357731,11.747484,93293,2.398894,0.758899,0.978637,0.167215,0.11898,0.377306,0.047231,26.9,5.2,22.834511,9.096074,21.326359,9.703836,8.790585,4.879251,8.091711,2.726893,235.3
2022 to 2024,S12000020,Moray,Female,90+,1.5,0.6,2.3,126,4043,1.587302,7.936508,3.174603,11.111111,39858,54.844699,1.828993,43.338853,4.26765,28.714436,5.632495,2.375935,48.357731,11.747484,93293,2.398894,0.758899,0.978637,0.167215,0.11898,0.377306,0.047231,26.9,5.2,22.834511,9.096074,21.326359,9.703836,8.790585,4.879251,8.091711,2.726893,235.3
2022 to 2024,S12000020,Moray,Male,<1,61.3,57.3,65.4,126,4043,1.587302,7.936508,3.174603,11.111111,37892,62.923572,2.559907,34.508603,3.705268,24.577747,1.161195,1.464689,12.091599,15.925009,93293,2.398894,0.758899,0.978637,0.167215,0.11898,0.377306,0.047231,26.9,5.2,22.834511,9.096074,21.326359,9.703836,8.790585,4.879251,8.091711,2.726893,235.3
2022 to 2024,S12000020,Moray,Male,01 to 04,60.6,56.7,64.6,126,4043,1.587302,7.936508,3.174603,11.111111,37892,62.923572,2.559907,34.508603,3.705268,24.577747,1.161195,1.464689,12.091599,15.925009,93293,2.398894,0.758899,0.978637,0.167215,0.11898,0.377306,0.047231,26.9,5.2,22.834511,9.096074,21.326359,9.703836,8.790585,4.879251,8.091711,2.726893,235.3
2022 to 2024,S12000020,Moray,Male,05 to 09,56.9,53.4,60.4,126,4043,1.587302,7.936508,3.174603,11.111111,37892,62.923572,2.559907,34.508603,3.705268,24.577747,1.161195,1.464689,12.091599,15.925009,93293,2.398894,0.758899,0.978637,0.167215,0.11898,0.377306,0.047231,26.9,5.2,22.834511,9.096074,21.326359,9.703836,8.790585,4.879251,8.091711,2.726893,235.3
2022 to 2024,S12000020,Moray,Male,10 to 14,52.3,49.1,55.4,126,4043,1.587302,7.936508,3.174603,11.111111,37892,62.923572,2.559907,34.508603,3.705268,24.577747,1.161195,1.464689,12.091599,15.925009,93293,2.398894,0.758899,0.978637,0.167215,0.11898,0.377306,0.047231,26.9,5.2,22.834511,9.096074,21.326359,9.703836,8.790585,4.879251,8.091711,2.726893,235.3
2022 to 2024,S12000020,Moray,Male,15 to 19,47.7,44.8,50.5,126,4043,1.587302,7.936508,3.174603,11.111111,37892,62.923572,2.559907,34.508603,3.705268,24.577747,1.161195,1.464689,12.091599,15.925009,93293,2.398894,0.758899,0.978637,0.167215,0.11898,0.377306,0.047231,26.9,5.2,22.834511,9.096074,21.326359,9.703836,8.790585,4.879251,8.091711,2.726893,235.3
2022 to 2024,S12000020,Moray,Male,20 to 24,43.4,40.6,46.2,126,4043,1.587302,7.936508,3.174603,11.111111,37892,62.923572,2.559907,34.508603,3.705268,24.577747,1.161195,1.464689,12.091599,15.925009,93293,2.398894,0.758899,0.978637,0.167215,0.11898,0.377306,0.047231,26.9,5.2,22.834511,9.096074,21.326359,9.703836,8.790585,4.879251,8.091711,2.726893,235.3
2022 to 2024,S12000020,Moray,Male,25 to 29,39.2,36.6,41.9,126,4043,1.587302,7.936508,3.174603,11.111111,37892,62.923572,2.559907,34.508603,3.705268,24.577747,1.161195,1.464689,12.091599,15.925009,93293,2.398894,0.758899,0.978637,0.167215,0.11898,0.377306,0.047231,26.9,5.2,22.834511,9.096074,21.326359,9.703836,8.790585,4.879251,8.091711,2.726893,235.3
2022 to 2024,S12000020,Moray,Male,30 to 34,35,32.5,37.6,126,4043,1.587302,7.936508,3.174603,11.111111,37892,62.923572,2.559907,34.508603,3.705268,24.577747,1.161195,1.464689,12.091599,15.925009,93293,2.398894,0.758899,0.978637,0.167215,0.11898,0.377306,0.047231,26.9,5.2,22.834511,9.096074,21.326359,9.703836,8.790585,4.879251,8.091711,2.726893,235.3
2022 to 2024,S12000020,Moray,Male,35 to 39,31,28.5,33.5,126,4043,1.587302,7.936508,3.174603,11.111111,37892,62.923572,2.559907,34.508603,3.705268,24.577747,1.161195,1.464689,12.091599,15.925009,93293,2.398894,0.758899,0.978637,0.167215,0.11898,0.377306,0.047231,26.9,5.2,22.834511,9.096074,21.326359,9.703836,8.790585,4.879251,8.091711,2.726893,235.3
2022 to 2024,S12000020,Moray,Male,40 to 44,27,24.6,29.3,126,4043,1.587302,7.936508,3.174603,11.111111,37892,62.923572,2.559907,34.508603,3.705268,24.577747,1.161195,1.464689,12.091599,15.925009,93293,2.398894,0.758899,0.978637,0.167215,0.11898,0.377306,0.047231,26.9,5.2,22.834511,9.096074,21.326359,9.703836,8.790585,4.879251,8.091711,2.726893,235.3
2022 to 2024,S12000020,Moray,Male,45 to 49,23.3,21.1,25.5,126,4043,1.587302,7.936508,3.174603,11.111111,37892,62.923572,2.559907,34.508603,3.705268,24.577747,1.161195,1.464689,12.091599,15.925009,93293,2.398894,0.758899,0.978637,0.167215,0.11898,0.377306,0.047231,26.9,5.2,22.834511,9.096074,21.326359,9.703836,8.790585,4.879251,8.091711,2.726893,235.3
2022 to 2024,S12000020,Moray,Male,50 to 54,19.7,17.7,21.7,126,4043,1.587302,7.936508,3.174603,11.111111,37892,62.923572,2.559907,34.508603,3.705268,24.577747,1.161195,1.464689,12.091599,15.925009,93293,2.398894,0.758899,0.978637,0.167215,0.11898,0.377306,0.047231,26.9,5.2,22.834511,9.096074,21.326359,9.703836,8.790585,4.879251,8.091711,2.726893,235.3
2022 to 2024,S12000020,Moray,Male,55 to 59,16.3,14.4,18.1,126,4043,1.587302,7.936508,3.174603,11.111111,37892,62.923572,2.559907,34.508603,3.705268,24.577747,1.161195,1.464689,12.091599,15.925009,93293,2.398894,0.758899,0.978637,0.167215,0.11898,0.377306,0.047231,26.9,5.2,22.834511,9.096074,21.326359,9.703836,8.790585,4.879251,8.091711,2.726893,235.3
2022 to 2024,S12000020,Moray,Male,60 to 64,13.2,11.4,15,126,4043,1.587302,7.936508,3.174603,11.111111,37892,62.923572,2.559907,34.508603,3.705268,24.577747,1.161195,1.464689,12.091599,15.925009,93293,2.398894,0.758899,0.978637,0.167215,0.11898,0.377306,0.047231,26.9,5.2,22.834511,9.096074,21.326359,9.703836,8.790585,4.879251,8.091711,2.726893,235.3
2022 to 2024,S12000020,Moray,Male,65 to 69,10.3,8.5,12,126,4043,1.587302,7.936508,3.174603,11.111111,37892,62.923572,2.559907,34.508603,3.705268,24.577747,1.161195,1.464689,12.091599,15.925009,93293,2.398894,0.758899,0.978637,0.167215,0.11898,0.377306,0.047231,26.9,5.2,22.834511,9.096074,21.326359,9.703836,8.790585,4.879251,8.091711,2.726893,235.3
2022 to 2024,S12000020,Moray,Male,70 to 74,7.6,5.8,9.3,126,4043,1.587302,7.936508,3.174603,11.111111,37892,62.923572,2.559907,34.508603,3.705268,24.577747,1.161195,1.464689,12.091599,15.925009,93293,2.398894,0.758899,0.978637,0.167215,0.11898,0.377306,0.047231,26.9,5.2,22.834511,9.096074,21.326359,9.703836,8.790585,4.879251,8.091711,2.726893,235.3
2022 to 2024,S12000020,Moray,Male,75 to 79,5.3,3.5,7.1,126,4043,1.587302,7.936508,3.174603,11.111111,37892,62.923572,2.559907,34.508603,3.705268,24.577747,1.161195,1.464689,12.091599,15.925009,93293,2.398894,0.758899,0.978637,0.167215,0.11898,0.377306,0.047231,26.9,5.2,22.834511,9.096074,21.326359,9.703836,8.790585,4.879251,8.091711,2.726893,235.3
2022 to 2024,S12000020,Moray,Male,80 to 84,3.5,1.8,5.3,126,4043,1.587302,7.936508,3.174603,11.111111,37892,62.923572,2.559907,34.508603,3.705268,24.577747,1.161195,1.464689,12.091599,15.925009,93293,2.398894,0.758899,0.978637,0.167215,0.11898,0.377306,0.047231,26.9,5.2,22.834511,9.096074,21.326359,9.703836,8.790585,4.879251,8.091711,2.726893,235.3
2022 to 2024,S12000020,Moray,Male,85 to 89,2.2,1.1,3.3,126,4043,1.587302,7.936508,3.174603,11.111111,37892,62.923572,2.559907,34.508603,3.705268,24.577747,1.161195,1.464689,12.091599,15.925009,93293,2.398894,0.758899,0.978637,0.167215,0.11898,0.377306,0.047231,26.9,5.2,22.834511,9.096074,21.326359,9.703836,8.790585,4.879251,8.091711,2.726893,235.3
2022 to 2024,S12000020,Moray,Male,90+,1.4,0.7,2.1,126,4043,1.587302,7.936508,3.174603,11.111111,37892,62.923572,2.559907,34.508603,3.705268,24.577747,1.161195,1.464689,12.091599,15.925009,93293,2.398894,0.758899,0.978637,0.167215,0.11898,0.377306,0.047231,26.9,5.2,22.834511,9.096074,21.326359,9.703836,8.790585,4.879251,8.091711,2.726893,235.3
2022 to 2024,S12000013,Na h-Eileanan Siar,Female,<1,64.5,51,77.9,36,3418.5,0,0,0,0,11286,56.379585,1.275917,42.371079,4.235336,30.586567,3.721425,1.922736,44.853057,10.702499,26140,1.664116,0.623565,0.596787,0.091813,0.042081,0.325172,0.032919,31.1,5.4,24.299923,10.501148,22.318286,8.006886,10.191278,3.638103,8.546289,2.953328,740.3
2022 to 2024,S12000013,Na h-Eileanan Siar,Female,01 to 04,63.8,50.8,76.8,36,3418.5,0,0,0,0,11286,56.379585,1.275917,42.371079,4.235336,30.586567,3.721425,1.922736,44.853057,10.702499,26140,1.664116,0.623565,0.596787,0.091813,0.042081,0.325172,0.032919,31.1,5.4,24.299923,10.501148,22.318286,8.006886,10.191278,3.638103,8.546289,2.953328,740.3
2022 to 2024,S12000013,Na h-Eileanan Siar,Female,05 to 09,60.2,49,71.3,36,3418.5,0,0,0,0,11286,56.379585,1.275917,42.371079,4.235336,30.586567,3.721425,1.922736,44.853057,10.702499,26140,1.664116,0.623565,0.596787,0.091813,0.042081,0.325172,0.032919,31.1,5.4,24.299923,10.501148,22.318286,8.006886,10.191278,3.638103,8.546289,2.953328,740.3
2022 to 2024,S12000013,Na h-Eileanan Siar,Female,10 to 14,55.8,46.6,64.9,36,3418.5,0,0,0,0,11286,56.379585,1.275917,42.371079,4.235336,30.586567,3.721425,1.922736,44.853057,10.702499,26140,1.664116,0.623565,0.596787,0.091813,0.042081,0.325172,0.032919,31.1,5.4,24.299923,10.501148,22.318286,8.006886,10.191278,3.638103,8.546289,2.953328,740.3
2022 to 2024,S12000013,Na h-Eileanan Siar,Female,15 to 19,51.1,43.4,58.8,36,3418.5,0,0,0,0,11286,56.379585,1.275917,42.371079,4.235336,30.586567,3.721425,1.922736,44.853057,10.702499,26140,1.664116,0.623565,0.596787,0.091813,0.042081,0.325172,0.032919,31.1,5.4,24.299923,10.501148,22.318286,8.006886,10.191278,3.638103,8.546289,2.953328,740.3
2022 to 2024,S12000013,Na h-Eileanan Siar,Female,20 to 24,46.7,39.5,53.9,36,3418.5,0,0,0,0,11286,56.379585,1.275917,42.371079,4.235336,30.586567,3.721425,1.922736,44.853057,10.702499,26140,1.664116,0.623565,0.596787,0.091813,0.042081,0.325172,0.032919,31.1,5.4,24.299923,10.501148,22.318286,8.006886,10.191278,3.638103,8.546289,2.953328,740.3
2022 to 2024,S12000013,Na h-Eileanan Siar,Female,25 to 29,42.4,35.9,48.8,36,3418.5,0,0,0,0,11286,56.379585,1.275917,42.371079,4.235336,30.586567,3.721425,1.922736,44.853057,10.702499,26140,1.664116,0.623565,0.596787,0.091813,0.042081,0.325172,0.032919,31.1,5.4,24.299923,10.501148,22.318286,8.006886,10.191278,3.638103,8.546289,2.953328,740.3
2022 to 2024,S12000013,Na h-Eileanan Siar,Female,30 to 34,38.2,32.2,44.3,36,3418.5,0,0,0,0,11286,56.379585,1.275917,42.371079,4.235336,30.586567,3.721425,1.922736,44.853057,10.702499,26140,1.664116,0.623565,0.596787,0.091813,0.042081,0.325172,0.032919,31.1,5.4,24.299923,10.501148,22.318286,8.006886,10.191278,3.638103,8.546289,2.953328,740.3
2022 to 2024,S12000013,Na h-Eileanan Siar,Female,35 to 39,33.9,29,38.9,36,3418.5,0,0,0,0,11286,56.379585,1.275917,42.371079,4.235336,30.586567,3.721425,1.922736,44.853057,10.702499,26140,1.664116,0.623565,0.596787,0.091813,0.042081,0.325172,0.032919,31.1,5.4,24.299923,10.501148,22.318286,8.006886,10.191278,3.638103,8.546289,2.953328,740.3
2022 to 2024,S12000013,Na h-Eileanan Siar,Female,40 to 44,29.6,25.1,34.2,36,3418.5,0,0,0,0,11286,56.379585,1.275917,42.371079,4.235336,30.586567,3.721425,1.922736,44.853057,10.702499,26140,1.664116,0.623565,0.596787,0.091813,0.042081,0.325172,0.032919,31.1,5.4,24.299923,10.501148,22.318286,8.006886,10.191278,3.638103,8.546289,2.953328,740.3
2022 to 2024,S12000013,Na h-Eileanan Siar,Female,45 to 49,25.6,21.6,29.7,36,3418.5,0,0,0,0,11286,56.379585,1.275917,42.371079,4.235336,30.586567,3.721425,1.922736,44.853057,10.702499,26140,1.664116,0.623565,0.596787,0.091813,0.042081,0.325172,0.032919,31.1,5.4,24.299923,10.501148,22.318286,8.006886,10.191278,3.638103,8.546289,2.953328,740.3
2022 to 2024,S12000013,Na h-Eileanan Siar,Female,50 to 54,21.9,18.1,25.7,36,3418.5,0,0,0,0,11286,56.379585,1.275917,42.371079,4.235336,30.586567,3.721425,1.922736,44.853057,10.702499,26140,1.664116,0.623565,0.596787,0.091813,0.042081,0.325172,0.032919,31.1,5.4,24.299923,10.501148,22.318286,8.006886,10.191278,3.638103,8.546289,2.953328,740.3
2022 to 2024,S12000013,Na h-Eileanan Siar,Female,55 to 59,18.3,14.6,22,36,3418.5,0,0,0,0,11286,56.379585,1.275917,42.371079,4.235336,30.586567,3.721425,1.922736,44.853057,10.702499,26140,1.664116,0.623565,0.596787,0.091813,0.042081,0.325172,0.032919,31.1,5.4,24.299923,10.501148,22.318286,8.006886,10.191278,3.638103,8.546289,2.953328,740.3
2022 to 2024,S12000013,Na h-Eileanan Siar,Female,60 to 64,14.9,11.3,18.6,36,3418.5,0,0,0,0,11286,56.379585,1.275917,42.371079,4.235336,30.586567,3.721425,1.922736,44.853057,10.702499,26140,1.664116,0.623565,0.596787,0.091813,0.042081,0.325172,0.032919,31.1,5.4,24.299923,10.501148,22.318286,8.006886,10.191278,3.638103,8.546289,2.953328,740.3
2022 to 2024,S12000013,Na h-Eileanan Siar,Female,65 to 69,11.8,8.1,15.5,36,3418.5,0,0,0,0,11286,56.379585,1.275917,42.371079,4.235336,30.586567,3.721425,1.922736,44.853057,10.702499,26140,1.664116,0.623565,0.596787,0.091813,0.042081,0.325172,0.032919,31.1,5.4,24.299923,10.501148,22.318286,8.006886,10.191278,3.638103,8.546289,2.953328,740.3
2022 to 2024,S12000013,Na h-Eileanan Siar,Female,70 to 74,8.8,5.1,12.5,36,3418.5,0,0,0,0,11286,56.379585,1.275917,42.371079,4.235336,30.586567,3.721425,1.922736,44.853057,10.702499,26140,1.664116,0.623565,0.596787,0.091813,0.042081,0.325172,0.032919,31.1,5.4,24.299923,10.501148,22.318286,8.006886,10.191278,3.638103,8.546289,2.953328,740.3
2022 to 2024,S12000013,Na h-Eileanan Siar,Female,75 to 79,6.2,2.1,10.2,36,3418.5,0,0,0,0,11286,56.379585,1.275917,42.371079,4.235336,30.586567,3.721425,1.922736,44.853057,10.702499,26140,1.664116,0.623565,0.596787,0.091813,0.042081,0.325172,0.032919,31.1,5.4,24.299923,10.501148,22.318286,8.006886,10.191278,3.638103,8.546289,2.953328,740.3
2022 to 2024,S12000013,Na h-Eileanan Siar,Female,80 to 84,4.1,-0.4,8.7,36,3418.5,0,0,0,0,11286,56.379585,1.275917,42.371079,4.235336,30.586567,3.721425,1.922736,44.853057,10.702499,26140,1.664116,0.623565,0.596787,0.091813,0.042081,0.325172,0.032919,31.1,5.4,24.299923,10.501148,22.318286,8.006886,10.191278,3.638103,8.546289,2.953328,740.3
2022 to 2024,S12000013,Na h-Eileanan Siar,Female,85 to 89,2.4,-0.3,5,36,3418.5,0,0,0,0,11286,56.379585,1.275917,42.371079,4.235336,30.586567,3.721425,1.922736,44.853057,10.702499,26140,1.664116,0.623565,0.596787,0.091813,0.042081,0.325172,0.032919,31.1,5.4,24.299923,10.501148,22.318286,8.006886,10.191278,3.638103,8.546289,2.953328,740.3
2022 to 2024,S12000013,Na h-Eileanan Siar,Female,90+,1.2,-0.1,2.5,36,3418.5,0,0,0,0,11286,56.379585,1.275917,42.371079,4.235336,30.586567,3.721425,1.922736,44.853057,10.702499,26140,1.664116,0.623565,0.596787,0.091813,0.042081,0.325172,0.032919,31.1,5.4,24.299923,10.501148,22.318286,8.006886,10.191278,3.638103,8.546289,2.953328,740.3
2022 to 2024,S12000013,Na h-Eileanan Siar,Male,<1,63.4,54.7,72.2,36,3418.5,0,0,0,0,10888,62.224467,2.139971,35.635562,4.142175,25.275533,1.414401,1.386848,15.158672,22.346863,26140,1.664116,0.623565,0.596787,0.091813,0.042081,0.325172,0.032919,31.1,5.4,24.299923,10.501148,22.318286,8.006886,10.191278,3.638103,8.546289,2.953328,740.3
2022 to 2024,S12000013,Na h-Eileanan Siar,Male,01 to 04,62.5,53.9,71,36,3418.5,0,0,0,0,10888,62.224467,2.139971,35.635562,4.142175,25.275533,1.414401,1.386848,15.158672,22.346863,26140,1.664116,0.623565,0.596787,0.091813,0.042081,0.325172,0.032919,31.1,5.4,24.299923,10.501148,22.318286,8.006886,10.191278,3.638103,8.546289,2.953328,740.3
2022 to 2024,S12000013,Na h-Eileanan Siar,Male,05 to 09,58.7,50.9,66.5,36,3418.5,0,0,0,0,10888,62.224467,2.139971,35.635562,4.142175,25.275533,1.414401,1.386848,15.158672,22.346863,26140,1.664116,0.623565,0.596787,0.091813,0.042081,0.325172,0.032919,31.1,5.4,24.299923,10.501148,22.318286,8.006886,10.191278,3.638103,8.546289,2.953328,740.3
2022 to 2024,S12000013,Na h-Eileanan Siar,Male,10 to 14,53.9,46.9,61,36,3418.5,0,0,0,0,10888,62.224467,2.139971,35.635562,4.142175,25.275533,1.414401,1.386848,15.158672,22.346863,26140,1.664116,0.623565,0.596787,0.091813,0.042081,0.325172,0.032919,31.1,5.4,24.299923,10.501148,22.318286,8.006886,10.191278,3.638103,8.546289,2.953328,740.3
2022 to 2024,S12000013,Na h-Eileanan Siar,Male,15 to 19,49.2,42.6,55.8,36,3418.5,0,0,0,0,10888,62.224467,2.139971,35.635562,4.142175,25.275533,1.414401,1.386848,15.158672,22.346863,26140,1.664116,0.623565,0.596787,0.091813,0.042081,0.325172,0.032919,31.1,5.4,24.299923,10.501148,22.318286,8.006886,10.191278,3.638103,8.546289,2.953328,740.3
2022 to 2024,S12000013,Na h-Eileanan Siar,Male,20 to 24,44.7,38.2,51.1,36,3418.5,0,0,0,0,10888,62.224467,2.139971,35.635562,4.142175,25.275533,1.414401,1.386848,15.158672,22.346863,26140,1.664116,0.623565,0.596787,0.091813,0.042081,0.325172,0.032919,31.1,5.4,24.299923,10.501148,22.318286,8.006886,10.191278,3.638103,8.546289,2.953328,740.3
2022 to 2024,S12000013,Na h-Eileanan Siar,Male,25 to 29,40.5,34,46.9,36,3418.5,0,0,0,0,10888,62.224467,2.139971,35.635562,4.142175,25.275533,1.414401,1.386848,15.158672,22.346863,26140,1.664116,0.623565,0.596787,0.091813,0.042081,0.325172,0.032919,31.1,5.4,24.299923,10.501148,22.318286,8.006886,10.191278,3.638103,8.546289,2.953328,740.3
2022 to 2024,S12000013,Na h-Eileanan Siar,Male,30 to 34,36,30.4,41.6,36,3418.5,0,0,0,0,10888,62.224467,2.139971,35.635562,4.142175,25.275533,1.414401,1.386848,15.158672,22.346863,26140,1.664116,0.623565,0.596787,0.091813,0.042081,0.325172,0.032919,31.1,5.4,24.299923,10.501148,22.318286,8.006886,10.191278,3.638103,8.546289,2.953328,740.3
2022 to 2024,S12000013,Na h-Eileanan Siar,Male,35 to 39,31.9,27.2,36.6,36,3418.5,0,0,0,0,10888,62.224467,2.139971,35.635562,4.142175,25.275533,1.414401,1.386848,15.158672,22.346863,26140,1.664116,0.623565,0.596787,0.091813,0.042081,0.325172,0.032919,31.1,5.4,24.299923,10.501148,22.318286,8.006886,10.191278,3.638103,8.546289,2.953328,740.3
2022 to 2024,S12000013,Na h-Eileanan Siar,Male,40 to 44,28,24.4,31.5,36,3418.5,0,0,0,0,10888,62.224467,2.139971,35.635562,4.142175,25.275533,1.414401,1.386848,15.158672,22.346863,26140,1.664116,0.623565,0.596787,0.091813,0.042081,0.325172,0.032919,31.1,5.4,24.299923,10.501148,22.318286,8.006886,10.191278,3.638103,8.546289,2.953328,740.3
2022 to 2024,S12000013,Na h-Eileanan Siar,Male,45 to 49,23.7,20.6,26.9,36,3418.5,0,0,0,0,10888,62.224467,2.139971,35.635562,4.142175,25.275533,1.414401,1.386848,15.158672,22.346863,26140,1.664116,0.623565,0.596787,0.091813,0.042081,0.325172,0.032919,31.1,5.4,24.299923,10.501148,22.318286,8.006886,10.191278,3.638103,8.546289,2.953328,740.3
2022 to 2024,S12000013,Na h-Eileanan Siar,Male,50 to 54,20.2,17.2,23.1,36,3418.5,0,0,0,0,10888,62.224467,2.139971,35.635562,4.142175,25.275533,1.414401,1.386848,15.158672,22.346863,26140,1.664116,0.623565,0.596787,0.091813,0.042081,0.325172,0.032919,31.1,5.4,24.299923,10.501148,22.318286,8.006886,10.191278,3.638103,8.546289,2.953328,740.3
2022 to 2024,S12000013,Na h-Eileanan Siar,Male,55 to 59,16.7,13.9,19.5,36,3418.5,0,0,0,0,10888,62.224467,2.139971,35.635562,4.142175,25.275533,1.414401,1.386848,15.158672,22.346863,26140,1.664116,0.623565,0.596787,0.091813,0.042081,0.325172,0.032919,31.1,5.4,24.299923,10.501148,22.318286,8.006886,10.191278,3.638103,8.546289,2.953328,740.3
2022 to 2024,S12000013,Na h-Eileanan Siar,Male,60 to 64,13.3,10.7,16,36,3418.5,0,0,0,0,10888,62.224467,2.139971,35.635562,4.142175,25.275533,1.414401,1.386848,15.158672,22.346863,26140,1.664116,0.623565,0.596787,0.091813,0.042081,0.325172,0.032919,31.1,5.4,24.299923,10.501148,22.318286,8.006886,10.191278,3.638103,8.546289,2.953328,740.3
2022 to 2024,S12000013,Na h-Eileanan Siar,Male,65 to 69,10.5,7.8,13.2,36,3418.5,0,0,0,0,10888,62.224467,2.139971,35.635562,4.142175,25.275533,1.414401,1.386848,15.158672,22.346863,26140,1.664116,0.623565,0.596787,0.091813,0.042081,0.325172,0.032919,31.1,5.4,24.299923,10.501148,22.318286,8.006886,10.191278,3.638103,8.546289,2.953328,740.3
2022 to 2024,S12000013,Na h-Eileanan Siar,Male,70 to 74,8.1,5.3,10.9,36,3418.5,0,0,0,0,10888,62.224467,2.139971,35.635562,4.142175,25.275533,1.414401,1.386848,15.158672,22.346863,26140,1.664116,0.623565,0.596787,0.091813,0.042081,0.325172,0.032919,31.1,5.4,24.299923,10.501148,22.318286,8.006886,10.191278,3.638103,8.546289,2.953328,740.3
2022 to 2024,S12000013,Na h-Eileanan Siar,Male,75 to 79,5.9,2.8,9,36,3418.5,0,0,0,0,10888,62.224467,2.139971,35.635562,4.142175,25.275533,1.414401,1.386848,15.158672,22.346863,26140,1.664116,0.623565,0.596787,0.091813,0.042081,0.325172,0.032919,31.1,5.4,24.299923,10.501148,22.318286,8.006886,10.191278,3.638103,8.546289,2.953328,740.3
2022 to 2024,S12000013,Na h-Eileanan Siar,Male,80 to 84,4,0.5,7.4,36,3418.5,0,0,0,0,10888,62.224467,2.139971,35.635562,4.142175,25.275533,1.414401,1.386848,15.158672,22.346863,26140,1.664116,0.623565,0.596787,0.091813,0.042081,0.325172,0.032919,31.1,5.4,24.299923,10.501148,22.318286,8.006886,10.191278,3.638103,8.546289,2.953328,740.3
2022 to 2024,S12000013,Na h-Eileanan Siar,Male,85 to 89,2.4,0.3,4.6,36,3418.5,0,0,0,0,10888,62.224467,2.139971,35.635562,4.142175,25.275533,1.414401,1.386848,15.158672,22.346863,26140,1.664116,0.623565,0.596787,0.091813,0.042081,0.325172,0.032919,31.1,5.4,24.299923,10.501148,22.318286,8.006886,10.191278,3.638103,8.546289,2.953328,740.3
2022 to 2024,S12000013,Na h-Eileanan Siar,Male,90+,1.5,0.2,2.9,36,3418.5,0,0,0,0,10888,62.224467,2.139971,35.635562,4.142175,25.275533,1.414401,1.386848,15.158672,22.346863,26140,1.664116,0.623565,0.596787,0.091813,0.042081,0.325172,0.032919,31.1,5.4,24.299923,10.501148,22.318286,8.006886,10.191278,3.638103,8.546289,2.953328,740.3
2022 to 2024,S12000021,North Ayrshire,Female,<1,53.5,48.1,58.9,186,2003.5,28.494624,6.451613,40.322581,9.139785,59307,50.08515,2.551132,47.351915,6.962079,29.333805,5.530544,3.289662,43.980609,8.224482,133413,2.077009,0.570409,0.879974,0.161154,0.06671,0.398762,0.04098,24.1,8.3,28.559436,13.913187,24.808677,12.11651,12.445564,4.790388,8.122897,2.991463,469.5
2022 to 2024,S12000021,North Ayrshire,Female,01 to 04,52.7,47.5,58,186,2003.5,28.494624,6.451613,40.322581,9.139785,59307,50.08515,2.551132,47.351915,6.962079,29.333805,5.530544,3.289662,43.980609,8.224482,133413,2.077009,0.570409,0.879974,0.161154,0.06671,0.398762,0.04098,24.1,8.3,28.559436,13.913187,24.808677,12.11651,12.445564,4.790388,8.122897,2.991463,469.5
2022 to 2024,S12000021,North Ayrshire,Female,05 to 09,49.3,44.8,53.8,186,2003.5,28.494624,6.451613,40.322581,9.139785,59307,50.08515,2.551132,47.351915,6.962079,29.333805,5.530544,3.289662,43.980609,8.224482,133413,2.077009,0.570409,0.879974,0.161154,0.06671,0.398762,0.04098,24.1,8.3,28.559436,13.913187,24.808677,12.11651,12.445564,4.790388,8.122897,2.991463,469.5
2022 to 2024,S12000021,North Ayrshire,Female,10 to 14,45,41.3,48.8,186,2003.5,28.494624,6.451613,40.322581,9.139785,59307,50.08515,2.551132,47.351915,6.962079,29.333805,5.530544,3.289662,43.980609,8.224482,133413,2.077009,0.570409,0.879974,0.161154,0.06671,0.398762,0.04098,24.1,8.3,28.559436,13.913187,24.808677,12.11651,12.445564,4.790388,8.122897,2.991463,469.5
2022 to 2024,S12000021,North Ayrshire,Female,15 to 19,40.9,37.7,44,186,2003.5,28.494624,6.451613,40.322581,9.139785,59307,50.08515,2.551132,47.351915,6.962079,29.333805,5.530544,3.289662,43.980609,8.224482,133413,2.077009,0.570409,0.879974,0.161154,0.06671,0.398762,0.04098,24.1,8.3,28.559436,13.913187,24.808677,12.11651,12.445564,4.790388,8.122897,2.991463,469.5
2022 to 2024,S12000021,North Ayrshire,Female,20 to 24,36.8,33.9,39.8,186,2003.5,28.494624,6.451613,40.322581,9.139785,59307,50.08515,2.551132,47.351915,6.962079,29.333805,5.530544,3.289662,43.980609,8.224482,133413,2.077009,0.570409,0.879974,0.161154,0.06671,0.398762,0.04098,24.1,8.3,28.559436,13.913187,24.808677,12.11651,12.445564,4.790388,8.122897,2.991463,469.5
2022 to 2024,S12000021,North Ayrshire,Female,25 to 29,33,30.3,35.7,186,2003.5,28.494624,6.451613,40.322581,9.139785,59307,50.08515,2.551132,47.351915,6.962079,29.333805,5.530544,3.289662,43.980609,8.224482,133413,2.077009,0.570409,0.879974,0.161154,0.06671,0.398762,0.04098,24.1,8.3,28.559436,13.913187,24.808677,12.11651,12.445564,4.790388,8.122897,2.991463,469.5
2022 to 2024,S12000021,North Ayrshire,Female,30 to 34,29.2,26.7,31.8,186,2003.5,28.494624,6.451613,40.322581,9.139785,59307,50.08515,2.551132,47.351915,6.962079,29.333805,5.530544,3.289662,43.980609,8.224482,133413,2.077009,0.570409,0.879974,0.161154,0.06671,0.398762,0.04098,24.1,8.3,28.559436,13.913187,24.808677,12.11651,12.445564,4.790388,8.122897,2.991463,469.5
2022 to 2024,S12000021,North Ayrshire,Female,35 to 39,25.7,23.3,28.1,186,2003.5,28.494624,6.451613,40.322581,9.139785,59307,50.08515,2.551132,47.351915,6.962079,29.333805,5.530544,3.289662,43.980609,8.224482,133413,2.077009,0.570409,0.879974,0.161154,0.06671,0.398762,0.04098,24.1,8.3,28.559436,13.913187,24.808677,12.11651,12.445564,4.790388,8.122897,2.991463,469.5
2022 to 2024,S12000021,North Ayrshire,Female,40 to 44,22.3,20,24.5,186,2003.5,28.494624,6.451613,40.322581,9.139785,59307,50.08515,2.551132,47.351915,6.962079,29.333805,5.530544,3.289662,43.980609,8.224482,133413,2.077009,0.570409,0.879974,0.161154,0.06671,0.398762,0.04098,24.1,8.3,28.559436,13.913187,24.808677,12.11651,12.445564,4.790388,8.122897,2.991463,469.5
2022 to 2024,S12000021,North Ayrshire,Female,45 to 49,19.1,17,21.1,186,2003.5,28.494624,6.451613,40.322581,9.139785,59307,50.08515,2.551132,47.351915,6.962079,29.333805,5.530544,3.289662,43.980609,8.224482,133413,2.077009,0.570409,0.879974,0.161154,0.06671,0.398762,0.04098,24.1,8.3,28.559436,13.913187,24.808677,12.11651,12.445564,4.790388,8.122897,2.991463,469.5
2022 to 2024,S12000021,North Ayrshire,Female,50 to 54,16,14.2,17.9,186,2003.5,28.494624,6.451613,40.322581,9.139785,59307,50.08515,2.551132,47.351915,6.962079,29.333805,5.530544,3.289662,43.980609,8.224482,133413,2.077009,0.570409,0.879974,0.161154,0.06671,0.398762,0.04098,24.1,8.3,28.559436,13.913187,24.808677,12.11651,12.445564,4.790388,8.122897,2.991463,469.5
2022 to 2024,S12000021,North Ayrshire,Female,55 to 59,13.3,11.5,15,186,2003.5,28.494624,6.451613,40.322581,9.139785,59307,50.08515,2.551132,47.351915,6.962079,29.333805,5.530544,3.289662,43.980609,8.224482,133413,2.077009,0.570409,0.879974,0.161154,0.06671,0.398762,0.04098,24.1,8.3,28.559436,13.913187,24.808677,12.11651,12.445564,4.790388,8.122897,2.991463,469.5
2022 to 2024,S12000021,North Ayrshire,Female,60 to 64,10.7,9,12.3,186,2003.5,28.494624,6.451613,40.322581,9.139785,59307,50.08515,2.551132,47.351915,6.962079,29.333805,5.530544,3.289662,43.980609,8.224482,133413,2.077009,0.570409,0.879974,0.161154,0.06671,0.398762,0.04098,24.1,8.3,28.559436,13.913187,24.808677,12.11651,12.445564,4.790388,8.122897,2.991463,469.5
2022 to 2024,S12000021,North Ayrshire,Female,65 to 69,8.4,6.8,10,186,2003.5,28.494624,6.451613,40.322581,9.139785,59307,50.08515,2.551132,47.351915,6.962079,29.333805,5.530544,3.289662,43.980609,8.224482,133413,2.077009,0.570409,0.879974,0.161154,0.06671,0.398762,0.04098,24.1,8.3,28.559436,13.913187,24.808677,12.11651,12.445564,4.790388,8.122897,2.991463,469.5
2022 to 2024,S12000021,North Ayrshire,Female,70 to 74,6.3,4.7,7.9,186,2003.5,28.494624,6.451613,40.322581,9.139785,59307,50.08515,2.551132,47.351915,6.962079,29.333805,5.530544,3.289662,43.980609,8.224482,133413,2.077009,0.570409,0.879974,0.161154,0.06671,0.398762,0.04098,24.1,8.3,28.559436,13.913187,24.808677,12.11651,12.445564,4.790388,8.122897,2.991463,469.5
2022 to 2024,S12000021,North Ayrshire,Female,75 to 79,4.5,2.8,6.2,186,2003.5,28.494624,6.451613,40.322581,9.139785,59307,50.08515,2.551132,47.351915,6.962079,29.333805,5.530544,3.289662,43.980609,8.224482,133413,2.077009,0.570409,0.879974,0.161154,0.06671,0.398762,0.04098,24.1,8.3,28.559436,13.913187,24.808677,12.11651,12.445564,4.790388,8.122897,2.991463,469.5
2022 to 2024,S12000021,North Ayrshire,Female,80 to 84,3,1.3,4.7,186,2003.5,28.494624,6.451613,40.322581,9.139785,59307,50.08515,2.551132,47.351915,6.962079,29.333805,5.530544,3.289662,43.980609,8.224482,133413,2.077009,0.570409,0.879974,0.161154,0.06671,0.398762,0.04098,24.1,8.3,28.559436,13.913187,24.808677,12.11651,12.445564,4.790388,8.122897,2.991463,469.5
2022 to 2024,S12000021,North Ayrshire,Female,85 to 89,1.9,0.8,3,186,2003.5,28.494624,6.451613,40.322581,9.139785,59307,50.08515,2.551132,47.351915,6.962079,29.333805,5.530544,3.289662,43.980609,8.224482,133413,2.077009,0.570409,0.879974,0.161154,0.06671,0.398762,0.04098,24.1,8.3,28.559436,13.913187,24.808677,12.11651,12.445564,4.790388,8.122897,2.991463,469.5
2022 to 2024,S12000021,North Ayrshire,Female,90+,1.2,0.5,1.9,186,2003.5,28.494624,6.451613,40.322581,9.139785,59307,50.08515,2.551132,47.351915,6.962079,29.333805,5.530544,3.289662,43.980609,8.224482,133413,2.077009,0.570409,0.879974,0.161154,0.06671,0.398762,0.04098,24.1,8.3,28.559436,13.913187,24.808677,12.11651,12.445564,4.790388,8.122897,2.991463,469.5
2022 to 2024,S12000021,North Ayrshire,Male,<1,53.3,48.5,58,186,2003.5,28.494624,6.451613,40.322581,9.139785,52859,55.400216,3.738247,40.85397,6.583552,26.330426,1.935337,2.273974,14.697446,15.933616,133413,2.077009,0.570409,0.879974,0.161154,0.06671,0.398762,0.04098,24.1,8.3,28.559436,13.913187,24.808677,12.11651,12.445564,4.790388,8.122897,2.991463,469.5
2022 to 2024,S12000021,North Ayrshire,Male,01 to 04,52.6,48,57.2,186,2003.5,28.494624,6.451613,40.322581,9.139785,52859,55.400216,3.738247,40.85397,6.583552,26.330426,1.935337,2.273974,14.697446,15.933616,133413,2.077009,0.570409,0.879974,0.161154,0.06671,0.398762,0.04098,24.1,8.3,28.559436,13.913187,24.808677,12.11651,12.445564,4.790388,8.122897,2.991463,469.5
2022 to 2024,S12000021,North Ayrshire,Male,05 to 09,49,45,53.1,186,2003.5,28.494624,6.451613,40.322581,9.139785,52859,55.400216,3.738247,40.85397,6.583552,26.330426,1.935337,2.273974,14.697446,15.933616,133413,2.077009,0.570409,0.879974,0.161154,0.06671,0.398762,0.04098,24.1,8.3,28.559436,13.913187,24.808677,12.11651,12.445564,4.790388,8.122897,2.991463,469.5
2022 to 2024,S12000021,North Ayrshire,Male,10 to 14,44.7,41.3,48.1,186,2003.5,28.494624,6.451613,40.322581,9.139785,52859,55.400216,3.738247,40.85397,6.583552,26.330426,1.935337,2.273974,14.697446,15.933616,133413,2.077009,0.570409,0.879974,0.161154,0.06671,0.398762,0.04098,24.1,8.3,28.559436,13.913187,24.808677,12.11651,12.445564,4.790388,8.122897,2.991463,469.5
2022 to 2024,S12000021,North Ayrshire,Male,15 to 19,40.4,37.5,43.4,186,2003.5,28.494624,6.451613,40.322581,9.139785,52859,55.400216,3.738247,40.85397,6.583552,26.330426,1.935337,2.273974,14.697446,15.933616,133413,2.077009,0.570409,0.879974,0.161154,0.06671,0.398762,0.04098,24.1,8.3,28.559436,13.913187,24.808677,12.11651,12.445564,4.790388,8.122897,2.991463,469.5
2022 to 2024,S12000021,North Ayrshire,Male,20 to 24,36.3,33.5,39.1,186,2003.5,28.494624,6.451613,40.322581,9.139785,52859,55.400216,3.738247,40.85397,6.583552,26.330426,1.935337,2.273974,14.697446,15.933616,133413,2.077009,0.570409,0.879974,0.161154,0.06671,0.398762,0.04098,24.1,8.3,28.559436,13.913187,24.808677,12.11651,12.445564,4.790388,8.122897,2.991463,469.5
2022 to 2024,S12000021,North Ayrshire,Male,25 to 29,32.4,29.7,35,186,2003.5,28.494624,6.451613,40.322581,9.139785,52859,55.400216,3.738247,40.85397,6.583552,26.330426,1.935337,2.273974,14.697446,15.933616,133413,2.077009,0.570409,0.879974,0.161154,0.06671,0.398762,0.04098,24.1,8.3,28.559436,13.913187,24.808677,12.11651,12.445564,4.790388,8.122897,2.991463,469.5
2022 to 2024,S12000021,North Ayrshire,Male,30 to 34,28.6,26.1,31.1,186,2003.5,28.494624,6.451613,40.322581,9.139785,52859,55.400216,3.738247,40.85397,6.583552,26.330426,1.935337,2.273974,14.697446,15.933616,133413,2.077009,0.570409,0.879974,0.161154,0.06671,0.398762,0.04098,24.1,8.3,28.559436,13.913187,24.808677,12.11651,12.445564,4.790388,8.122897,2.991463,469.5
2022 to 2024,S12000021,North Ayrshire,Male,35 to 39,25.1,22.7,27.4,186,2003.5,28.494624,6.451613,40.322581,9.139785,52859,55.400216,3.738247,40.85397,6.583552,26.330426,1.935337,2.273974,14.697446,15.933616,133413,2.077009,0.570409,0.879974,0.161154,0.06671,0.398762,0.04098,24.1,8.3,28.559436,13.913187,24.808677,12.11651,12.445564,4.790388,8.122897,2.991463,469.5
2022 to 2024,S12000021,North Ayrshire,Male,40 to 44,21.7,19.5,23.8,186,2003.5,28.494624,6.451613,40.322581,9.139785,52859,55.400216,3.738247,40.85397,6.583552,26.330426,1.935337,2.273974,14.697446,15.933616,133413,2.077009,0.570409,0.879974,0.161154,0.06671,0.398762,0.04098,24.1,8.3,28.559436,13.913187,24.808677,12.11651,12.445564,4.790388,8.122897,2.991463,469.5
2022 to 2024,S12000021,North Ayrshire,Male,45 to 49,18.4,16.5,20.4,186,2003.5,28.494624,6.451613,40.322581,9.139785,52859,55.400216,3.738247,40.85397,6.583552,26.330426,1.935337,2.273974,14.697446,15.933616,133413,2.077009,0.570409,0.879974,0.161154,0.06671,0.398762,0.04098,24.1,8.3,28.559436,13.913187,24.808677,12.11651,12.445564,4.790388,8.122897,2.991463,469.5
2022 to 2024,S12000021,North Ayrshire,Male,50 to 54,15.5,13.7,17.3,186,2003.5,28.494624,6.451613,40.322581,9.139785,52859,55.400216,3.738247,40.85397,6.583552,26.330426,1.935337,2.273974,14.697446,15.933616,133413,2.077009,0.570409,0.879974,0.161154,0.06671,0.398762,0.04098,24.1,8.3,28.559436,13.913187,24.808677,12.11651,12.445564,4.790388,8.122897,2.991463,469.5
2022 to 2024,S12000021,North Ayrshire,Male,55 to 59,12.7,11.1,14.4,186,2003.5,28.494624,6.451613,40.322581,9.139785,52859,55.400216,3.738247,40.85397,6.583552,26.330426,1.935337,2.273974,14.697446,15.933616,133413,2.077009,0.570409,0.879974,0.161154,0.06671,0.398762,0.04098,24.1,8.3,28.559436,13.913187,24.808677,12.11651,12.445564,4.790388,8.122897,2.991463,469.5
2022 to 2024,S12000021,North Ayrshire,Male,60 to 64,10.1,8.6,11.7,186,2003.5,28.494624,6.451613,40.322581,9.139785,52859,55.400216,3.738247,40.85397,6.583552,26.330426,1.935337,2.273974,14.697446,15.933616,133413,2.077009,0.570409,0.879974,0.161154,0.06671,0.398762,0.04098,24.1,8.3,28.559436,13.913187,24.808677,12.11651,12.445564,4.790388,8.122897,2.991463,469.5
2022 to 2024,S12000021,North Ayrshire,Male,65 to 69,7.9,6.4,9.4,186,2003.5,28.494624,6.451613,40.322581,9.139785,52859,55.400216,3.738247,40.85397,6.583552,26.330426,1.935337,2.273974,14.697446,15.933616,133413,2.077009,0.570409,0.879974,0.161154,0.06671,0.398762,0.04098,24.1,8.3,28.559436,13.913187,24.808677,12.11651,12.445564,4.790388,8.122897,2.991463,469.5
2022 to 2024,S12000021,North Ayrshire,Male,70 to 74,6,4.5,7.5,186,2003.5,28.494624,6.451613,40.322581,9.139785,52859,55.400216,3.738247,40.85397,6.583552,26.330426,1.935337,2.273974,14.697446,15.933616,133413,2.077009,0.570409,0.879974,0.161154,0.06671,0.398762,0.04098,24.1,8.3,28.559436,13.913187,24.808677,12.11651,12.445564,4.790388,8.122897,2.991463,469.5
2022 to 2024,S12000021,North Ayrshire,Male,75 to 79,4.2,2.6,5.8,186,2003.5,28.494624,6.451613,40.322581,9.139785,52859,55.400216,3.738247,40.85397,6.583552,26.330426,1.935337,2.273974,14.697446,15.933616,133413,2.077009,0.570409,0.879974,0.161154,0.06671,0.398762,0.04098,24.1,8.3,28.559436,13.913187,24.808677,12.11651,12.445564,4.790388,8.122897,2.991463,469.5
2022 to 2024,S12000021,North Ayrshire,Male,80 to 84,2.7,0.9,4.4,186,2003.5,28.494624,6.451613,40.322581,9.139785,52859,55.400216,3.738247,40.85397,6.583552,26.330426,1.935337,2.273974,14.697446,15.933616,133413,2.077009,0.570409,0.879974,0.161154,0.06671,0.398762,0.04098,24.1,8.3,28.559436,13.913187,24.808677,12.11651,12.445564,4.790388,8.122897,2.991463,469.5
2022 to 2024,S12000021,North Ayrshire,Male,85 to 89,1.7,0.6,2.8,186,2003.5,28.494624,6.451613,40.322581,9.139785,52859,55.400216,3.738247,40.85397,6.583552,26.330426,1.935337,2.273974,14.697446,15.933616,133413,2.077009,0.570409,0.879974,0.161154,0.06671,0.398762,0.04098,24.1,8.3,28.559436,13.913187,24.808677,12.11651,12.445564,4.790388,8.122897,2.991463,469.5
2022 to 2024,S12000021,North Ayrshire,Male,90+,1.1,0.4,1.9,186,2003.5,28.494624,6.451613,40.322581,9.139785,52859,55.400216,3.738247,40.85397,6.583552,26.330426,1.935337,2.273974,14.697446,15.933616,133413,2.077009,0.570409,0.879974,0.161154,0.06671,0.398762,0.04098,24.1,8.3,28.559436,13.913187,24.808677,12.11651,12.445564,4.790388,8.122897,2.991463,469.5
2022 to 2024,S12000050,North Lanarkshire,Female,<1,52.3,48,56.5,447,2138,25.503356,4.9217,34.675615,10.290828,145819,56.581104,2.274052,41.144844,7.128701,22.481981,5.717362,4.162695,39.089278,5.713524,340973,4.03727,0.624683,2.442422,0.543445,0.069214,0.357506,0.078437,23.1,9.1,26.4235,13.219522,21.985318,11.912087,11.489179,4.387444,6.698771,2.542137,472.6
2022 to 2024,S12000050,North Lanarkshire,Female,01 to 04,51.6,47.5,55.8,447,2138,25.503356,4.9217,34.675615,10.290828,145819,56.581104,2.274052,41.144844,7.128701,22.481981,5.717362,4.162695,39.089278,5.713524,340973,4.03727,0.624683,2.442422,0.543445,0.069214,0.357506,0.078437,23.1,9.1,26.4235,13.219522,21.985318,11.912087,11.489179,4.387444,6.698771,2.542137,472.6
2022 to 2024,S12000050,North Lanarkshire,Female,05 to 09,48.3,44.7,51.9,447,2138,25.503356,4.9217,34.675615,10.290828,145819,56.581104,2.274052,41.144844,7.128701,22.481981,5.717362,4.162695,39.089278,5.713524,340973,4.03727,0.624683,2.442422,0.543445,0.069214,0.357506,0.078437,23.1,9.1,26.4235,13.219522,21.985318,11.912087,11.489179,4.387444,6.698771,2.542137,472.6
2022 to 2024,S12000050,North Lanarkshire,Female,10 to 14,44.2,41.1,47.2,447,2138,25.503356,4.9217,34.675615,10.290828,145819,56.581104,2.274052,41.144844,7.128701,22.481981,5.717362,4.162695,39.089278,5.713524,340973,4.03727,0.624683,2.442422,0.543445,0.069214,0.357506,0.078437,23.1,9.1,26.4235,13.219522,21.985318,11.912087,11.489179,4.387444,6.698771,2.542137,472.6
2022 to 2024,S12000050,North Lanarkshire,Female,15 to 19,40.1,37.4,42.8,447,2138,25.503356,4.9217,34.675615,10.290828,145819,56.581104,2.274052,41.144844,7.128701,22.481981,5.717362,4.162695,39.089278,5.713524,340973,4.03727,0.624683,2.442422,0.543445,0.069214,0.357506,0.078437,23.1,9.1,26.4235,13.219522,21.985318,11.912087,11.489179,4.387444,6.698771,2.542137,472.6
2022 to 2024,S12000050,North Lanarkshire,Female,20 to 24,36.2,33.6,38.8,447,2138,25.503356,4.9217,34.675615,10.290828,145819,56.581104,2.274052,41.144844,7.128701,22.481981,5.717362,4.162695,39.089278,5.713524,340973,4.03727,0.624683,2.442422,0.543445,0.069214,0.357506,0.078437,23.1,9.1,26.4235,13.219522,21.985318,11.912087,11.489179,4.387444,6.698771,2.542137,472.6
2022 to 2024,S12000050,North Lanarkshire,Female,25 to 29,32.3,29.9,34.7,447,2138,25.503356,4.9217,34.675615,10.290828,145819,56.581104,2.274052,41.144844,7.128701,22.481981,5.717362,4.162695,39.089278,5.713524,340973,4.03727,0.624683,2.442422,0.543445,0.069214,0.357506,0.078437,23.1,9.1,26.4235,13.219522,21.985318,11.912087,11.489179,4.387444,6.698771,2.542137,472.6
2022 to 2024,S12000050,North Lanarkshire,Female,30 to 34,28.7,26.4,30.9,447,2138,25.503356,4.9217,34.675615,10.290828,145819,56.581104,2.274052,41.144844,7.128701,22.481981,5.717362,4.162695,39.089278,5.713524,340973,4.03727,0.624683,2.442422,0.543445,0.069214,0.357506,0.078437,23.1,9.1,26.4235,13.219522,21.985318,11.912087,11.489179,4.387444,6.698771,2.542137,472.6
2022 to 2024,S12000050,North Lanarkshire,Female,35 to 39,25.1,23,27.2,447,2138,25.503356,4.9217,34.675615,10.290828,145819,56.581104,2.274052,41.144844,7.128701,22.481981,5.717362,4.162695,39.089278,5.713524,340973,4.03727,0.624683,2.442422,0.543445,0.069214,0.357506,0.078437,23.1,9.1,26.4235,13.219522,21.985318,11.912087,11.489179,4.387444,6.698771,2.542137,472.6
2022 to 2024,S12000050,North Lanarkshire,Female,40 to 44,21.7,19.7,23.7,447,2138,25.503356,4.9217,34.675615,10.290828,145819,56.581104,2.274052,41.144844,7.128701,22.481981,5.717362,4.162695,39.089278,5.713524,340973,4.03727,0.624683,2.442422,0.543445,0.069214,0.357506,0.078437,23.1,9.1,26.4235,13.219522,21.985318,11.912087,11.489179,4.387444,6.698771,2.542137,472.6
2022 to 2024,S12000050,North Lanarkshire,Female,45 to 49,18.5,16.7,20.4,447,2138,25.503356,4.9217,34.675615,10.290828,145819,56.581104,2.274052,41.144844,7.128701,22.481981,5.717362,4.162695,39.089278,5.713524,340973,4.03727,0.624683,2.442422,0.543445,0.069214,0.357506,0.078437,23.1,9.1,26.4235,13.219522,21.985318,11.912087,11.489179,4.387444,6.698771,2.542137,472.6
2022 to 2024,S12000050,North Lanarkshire,Female,50 to 54,15.5,13.8,17.3,447,2138,25.503356,4.9217,34.675615,10.290828,145819,56.581104,2.274052,41.144844,7.128701,22.481981,5.717362,4.162695,39.089278,5.713524,340973,4.03727,0.624683,2.442422,0.543445,0.069214,0.357506,0.078437,23.1,9.1,26.4235,13.219522,21.985318,11.912087,11.489179,4.387444,6.698771,2.542137,472.6
2022 to 2024,S12000050,North Lanarkshire,Female,55 to 59,12.8,11.1,14.5,447,2138,25.503356,4.9217,34.675615,10.290828,145819,56.581104,2.274052,41.144844,7.128701,22.481981,5.717362,4.162695,39.089278,5.713524,340973,4.03727,0.624683,2.442422,0.543445,0.069214,0.357506,0.078437,23.1,9.1,26.4235,13.219522,21.985318,11.912087,11.489179,4.387444,6.698771,2.542137,472.6
2022 to 2024,S12000050,North Lanarkshire,Female,60 to 64,10.3,8.7,11.9,447,2138,25.503356,4.9217,34.675615,10.290828,145819,56.581104,2.274052,41.144844,7.128701,22.481981,5.717362,4.162695,39.089278,5.713524,340973,4.03727,0.624683,2.442422,0.543445,0.069214,0.357506,0.078437,23.1,9.1,26.4235,13.219522,21.985318,11.912087,11.489179,4.387444,6.698771,2.542137,472.6
2022 to 2024,S12000050,North Lanarkshire,Female,65 to 69,7.9,6.4,9.4,447,2138,25.503356,4.9217,34.675615,10.290828,145819,56.581104,2.274052,41.144844,7.128701,22.481981,5.717362,4.162695,39.089278,5.713524,340973,4.03727,0.624683,2.442422,0.543445,0.069214,0.357506,0.078437,23.1,9.1,26.4235,13.219522,21.985318,11.912087,11.489179,4.387444,6.698771,2.542137,472.6
2022 to 2024,S12000050,North Lanarkshire,Female,70 to 74,5.9,4.4,7.4,447,2138,25.503356,4.9217,34.675615,10.290828,145819,56.581104,2.274052,41.144844,7.128701,22.481981,5.717362,4.162695,39.089278,5.713524,340973,4.03727,0.624683,2.442422,0.543445,0.069214,0.357506,0.078437,23.1,9.1,26.4235,13.219522,21.985318,11.912087,11.489179,4.387444,6.698771,2.542137,472.6
2022 to 2024,S12000050,North Lanarkshire,Female,75 to 79,4.2,2.7,5.8,447,2138,25.503356,4.9217,34.675615,10.290828,145819,56.581104,2.274052,41.144844,7.128701,22.481981,5.717362,4.162695,39.089278,5.713524,340973,4.03727,0.624683,2.442422,0.543445,0.069214,0.357506,0.078437,23.1,9.1,26.4235,13.219522,21.985318,11.912087,11.489179,4.387444,6.698771,2.542137,472.6
2022 to 2024,S12000050,North Lanarkshire,Female,80 to 84,2.9,1.3,4.5,447,2138,25.503356,4.9217,34.675615,10.290828,145819,56.581104,2.274052,41.144844,7.128701,22.481981,5.717362,4.162695,39.089278,5.713524,340973,4.03727,0.624683,2.442422,0.543445,0.069214,0.357506,0.078437,23.1,9.1,26.4235,13.219522,21.985318,11.912087,11.489179,4.387444,6.698771,2.542137,472.6
2022 to 2024,S12000050,North Lanarkshire,Female,85 to 89,1.8,0.8,2.8,447,2138,25.503356,4.9217,34.675615,10.290828,145819,56.581104,2.274052,41.144844,7.128701,22.481981,5.717362,4.162695,39.089278,5.713524,340973,4.03727,0.624683,2.442422,0.543445,0.069214,0.357506,0.078437,23.1,9.1,26.4235,13.219522,21.985318,11.912087,11.489179,4.387444,6.698771,2.542137,472.6
2022 to 2024,S12000050,North Lanarkshire,Female,90+,1,0.5,1.6,447,2138,25.503356,4.9217,34.675615,10.290828,145819,56.581104,2.274052,41.144844,7.128701,22.481981,5.717362,4.162695,39.089278,5.713524,340973,4.03727,0.624683,2.442422,0.543445,0.069214,0.357506,0.078437,23.1,9.1,26.4235,13.219522,21.985318,11.912087,11.489179,4.387444,6.698771,2.542137,472.6
2022 to 2024,S12000050,North Lanarkshire,Male,<1,52.9,48.5,57.2,447,2138,25.503356,4.9217,34.675615,10.290828,134883,63.231097,3.292483,33.47642,6.157929,19.046878,1.916476,2.768325,12.999484,14.453381,340973,4.03727,0.624683,2.442422,0.543445,0.069214,0.357506,0.078437,23.1,9.1,26.4235,13.219522,21.985318,11.912087,11.489179,4.387444,6.698771,2.542137,472.6
2022 to 2024,S12000050,North Lanarkshire,Male,01 to 04,52.2,48,56.4,447,2138,25.503356,4.9217,34.675615,10.290828,134883,63.231097,3.292483,33.47642,6.157929,19.046878,1.916476,2.768325,12.999484,14.453381,340973,4.03727,0.624683,2.442422,0.543445,0.069214,0.357506,0.078437,23.1,9.1,26.4235,13.219522,21.985318,11.912087,11.489179,4.387444,6.698771,2.542137,472.6
2022 to 2024,S12000050,North Lanarkshire,Male,05 to 09,48.7,45.1,52.4,447,2138,25.503356,4.9217,34.675615,10.290828,134883,63.231097,3.292483,33.47642,6.157929,19.046878,1.916476,2.768325,12.999484,14.453381,340973,4.03727,0.624683,2.442422,0.543445,0.069214,0.357506,0.078437,23.1,9.1,26.4235,13.219522,21.985318,11.912087,11.489179,4.387444,6.698771,2.542137,472.6
2022 to 2024,S12000050,North Lanarkshire,Male,10 to 14,44.4,41.4,47.4,447,2138,25.503356,4.9217,34.675615,10.290828,134883,63.231097,3.292483,33.47642,6.157929,19.046878,1.916476,2.768325,12.999484,14.453381,340973,4.03727,0.624683,2.442422,0.543445,0.069214,0.357506,0.078437,23.1,9.1,26.4235,13.219522,21.985318,11.912087,11.489179,4.387444,6.698771,2.542137,472.6
2022 to 2024,S12000050,North Lanarkshire,Male,15 to 19,40.2,37.6,42.8,447,2138,25.503356,4.9217,34.675615,10.290828,134883,63.231097,3.292483,33.47642,6.157929,19.046878,1.916476,2.768325,12.999484,14.453381,340973,4.03727,0.624683,2.442422,0.543445,0.069214,0.357506,0.078437,23.1,9.1,26.4235,13.219522,21.985318,11.912087,11.489179,4.387444,6.698771,2.542137,472.6
2022 to 2024,S12000050,North Lanarkshire,Male,20 to 24,36,33.6,38.5,447,2138,25.503356,4.9217,34.675615,10.290828,134883,63.231097,3.292483,33.47642,6.157929,19.046878,1.916476,2.768325,12.999484,14.453381,340973,4.03727,0.624683,2.442422,0.543445,0.069214,0.357506,0.078437,23.1,9.1,26.4235,13.219522,21.985318,11.912087,11.489179,4.387444,6.698771,2.542137,472.6
2022 to 2024,S12000050,North Lanarkshire,Male,25 to 29,32.1,29.8,34.5,447,2138,25.503356,4.9217,34.675615,10.290828,134883,63.231097,3.292483,33.47642,6.157929,19.046878,1.916476,2.768325,12.999484,14.453381,340973,4.03727,0.624683,2.442422,0.543445,0.069214,0.357506,0.078437,23.1,9.1,26.4235,13.219522,21.985318,11.912087,11.489179,4.387444,6.698771,2.542137,472.6
2022 to 2024,S12000050,North Lanarkshire,Male,30 to 34,28.4,26.2,30.6,447,2138,25.503356,4.9217,34.675615,10.290828,134883,63.231097,3.292483,33.47642,6.157929,19.046878,1.916476,2.768325,12.999484,14.453381,340973,4.03727,0.624683,2.442422,0.543445,0.069214,0.357506,0.078437,23.1,9.1,26.4235,13.219522,21.985318,11.912087,11.489179,4.387444,6.698771,2.542137,472.6
2022 to 2024,S12000050,North Lanarkshire,Male,35 to 39,24.8,22.7,26.8,447,2138,25.503356,4.9217,34.675615,10.290828,134883,63.231097,3.292483,33.47642,6.157929,19.046878,1.916476,2.768325,12.999484,14.453381,340973,4.03727,0.624683,2.442422,0.543445,0.069214,0.357506,0.078437,23.1,9.1,26.4235,13.219522,21.985318,11.912087,11.489179,4.387444,6.698771,2.542137,472.6
2022 to 2024,S12000050,North Lanarkshire,Male,40 to 44,21.3,19.4,23.2,447,2138,25.503356,4.9217,34.675615,10.290828,134883,63.231097,3.292483,33.47642,6.157929,19.046878,1.916476,2.768325,12.999484,14.453381,340973,4.03727,0.624683,2.442422,0.543445,0.069214,0.357506,0.078437,23.1,9.1,26.4235,13.219522,21.985318,11.912087,11.489179,4.387444,6.698771,2.542137,472.6
2022 to 2024,S12000050,North Lanarkshire,Male,45 to 49,18.1,16.2,19.9,447,2138,25.503356,4.9217,34.675615,10.290828,134883,63.231097,3.292483,33.47642,6.157929,19.046878,1.916476,2.768325,12.999484,14.453381,340973,4.03727,0.624683,2.442422,0.543445,0.069214,0.357506,0.078437,23.1,9.1,26.4235,13.219522,21.985318,11.912087,11.489179,4.387444,6.698771,2.542137,472.6
2022 to 2024,S12000050,North Lanarkshire,Male,50 to 54,15,13.3,16.7,447,2138,25.503356,4.9217,34.675615,10.290828,134883,63.231097,3.292483,33.47642,6.157929,19.046878,1.916476,2.768325,12.999484,14.453381,340973,4.03727,0.624683,2.442422,0.543445,0.069214,0.357506,0.078437,23.1,9.1,26.4235,13.219522,21.985318,11.912087,11.489179,4.387444,6.698771,2.542137,472.6
2022 to 2024,S12000050,North Lanarkshire,Male,55 to 59,12.2,10.6,13.9,447,2138,25.503356,4.9217,34.675615,10.290828,134883,63.231097,3.292483,33.47642,6.157929,19.046878,1.916476,2.768325,12.999484,14.453381,340973,4.03727,0.624683,2.442422,0.543445,0.069214,0.357506,0.078437,23.1,9.1,26.4235,13.219522,21.985318,11.912087,11.489179,4.387444,6.698771,2.542137,472.6
2022 to 2024,S12000050,North Lanarkshire,Male,60 to 64,9.7,8.2,11.3,447,2138,25.503356,4.9217,34.675615,10.290828,134883,63.231097,3.292483,33.47642,6.157929,19.046878,1.916476,2.768325,12.999484,14.453381,340973,4.03727,0.624683,2.442422,0.543445,0.069214,0.357506,0.078437,23.1,9.1,26.4235,13.219522,21.985318,11.912087,11.489179,4.387444,6.698771,2.542137,472.6
2022 to 2024,S12000050,North Lanarkshire,Male,65 to 69,7.5,6,9,447,2138,25.503356,4.9217,34.675615,10.290828,134883,63.231097,3.292483,33.47642,6.157929,19.046878,1.916476,2.768325,12.999484,14.453381,340973,4.03727,0.624683,2.442422,0.543445,0.069214,0.357506,0.078437,23.1,9.1,26.4235,13.219522,21.985318,11.912087,11.489179,4.387444,6.698771,2.542137,472.6
2022 to 2024,S12000050,North Lanarkshire,Male,70 to 74,5.6,4.1,7.1,447,2138,25.503356,4.9217,34.675615,10.290828,134883,63.231097,3.292483,33.47642,6.157929,19.046878,1.916476,2.768325,12.999484,14.453381,340973,4.03727,0.624683,2.442422,0.543445,0.069214,0.357506,0.078437,23.1,9.1,26.4235,13.219522,21.985318,11.912087,11.489179,4.387444,6.698771,2.542137,472.6
2022 to 2024,S12000050,North Lanarkshire,Male,75 to 79,3.9,2.3,5.6,447,2138,25.503356,4.9217,34.675615,10.290828,134883,63.231097,3.292483,33.47642,6.157929,19.046878,1.916476,2.768325,12.999484,14.453381,340973,4.03727,0.624683,2.442422,0.543445,0.069214,0.357506,0.078437,23.1,9.1,26.4235,13.219522,21.985318,11.912087,11.489179,4.387444,6.698771,2.542137,472.6
2022 to 2024,S12000050,North Lanarkshire,Male,80 to 84,2.6,0.8,4.4,447,2138,25.503356,4.9217,34.675615,10.290828,134883,63.231097,3.292483,33.47642,6.157929,19.046878,1.916476,2.768325,12.999484,14.453381,340973,4.03727,0.624683,2.442422,0.543445,0.069214,0.357506,0.078437,23.1,9.1,26.4235,13.219522,21.985318,11.912087,11.489179,4.387444,6.698771,2.542137,472.6
2022 to 2024,S12000050,North Lanarkshire,Male,85 to 89,1.8,0.6,3,447,2138,25.503356,4.9217,34.675615,10.290828,134883,63.231097,3.292483,33.47642,6.157929,19.046878,1.916476,2.768325,12.999484,14.453381,340973,4.03727,0.624683,2.442422,0.543445,0.069214,0.357506,0.078437,23.1,9.1,26.4235,13.219522,21.985318,11.912087,11.489179,4.387444,6.698771,2.542137,472.6
2022 to 2024,S12000050,North Lanarkshire,Male,90+,1.2,0.4,2,447,2138,25.503356,4.9217,34.675615,10.290828,134883,63.231097,3.292483,33.47642,6.157929,19.046878,1.916476,2.768325,12.999484,14.453381,340973,4.03727,0.624683,2.442422,0.543445,0.069214,0.357506,0.078437,23.1,9.1,26.4235,13.219522,21.985318,11.912087,11.489179,4.387444,6.698771,2.542137,472.6
2022 to 2024,S12000023,Orkney Islands,Female,<1,74.1,63.2,85,29,4412,0,0,0,0,9473,58.703684,1.224533,40.145677,3.895281,28.660403,3.895281,2.12182,50.872145,15.482827,21958,1.621277,0.664906,0.491848,0.13207,0.059204,0.255032,0.032086,31.9,4.3,23.827307,9.490846,22.76619,9.864286,9.68212,5.688132,8.206576,2.860005,350.1
2022 to 2024,S12000023,Orkney Islands,Female,01 to 04,73.1,62.4,83.8,29,4412,0,0,0,0,9473,58.703684,1.224533,40.145677,3.895281,28.660403,3.895281,2.12182,50.872145,15.482827,21958,1.621277,0.664906,0.491848,0.13207,0.059204,0.255032,0.032086,31.9,4.3,23.827307,9.490846,22.76619,9.864286,9.68212,5.688132,8.206576,2.860005,350.1
2022 to 2024,S12000023,Orkney Islands,Female,05 to 09,69.1,59.1,79.1,29,4412,0,0,0,0,9473,58.703684,1.224533,40.145677,3.895281,28.660403,3.895281,2.12182,50.872145,15.482827,21958,1.621277,0.664906,0.491848,0.13207,0.059204,0.255032,0.032086,31.9,4.3,23.827307,9.490846,22.76619,9.864286,9.68212,5.688132,8.206576,2.860005,350.1
2022 to 2024,S12000023,Orkney Islands,Female,10 to 14,64.2,55,73.5,29,4412,0,0,0,0,9473,58.703684,1.224533,40.145677,3.895281,28.660403,3.895281,2.12182,50.872145,15.482827,21958,1.621277,0.664906,0.491848,0.13207,0.059204,0.255032,0.032086,31.9,4.3,23.827307,9.490846,22.76619,9.864286,9.68212,5.688132,8.206576,2.860005,350.1
2022 to 2024,S12000023,Orkney Islands,Female,15 to 19,59.4,50.6,68.2,29,4412,0,0,0,0,9473,58.703684,1.224533,40.145677,3.895281,28.660403,3.895281,2.12182,50.872145,15.482827,21958,1.621277,0.664906,0.491848,0.13207,0.059204,0.255032,0.032086,31.9,4.3,23.827307,9.490846,22.76619,9.864286,9.68212,5.688132,8.206576,2.860005,350.1
2022 to 2024,S12000023,Orkney Islands,Female,20 to 24,55,46.3,63.7,29,4412,0,0,0,0,9473,58.703684,1.224533,40.145677,3.895281,28.660403,3.895281,2.12182,50.872145,15.482827,21958,1.621277,0.664906,0.491848,0.13207,0.059204,0.255032,0.032086,31.9,4.3,23.827307,9.490846,22.76619,9.864286,9.68212,5.688132,8.206576,2.860005,350.1
2022 to 2024,S12000023,Orkney Islands,Female,25 to 29,51,42.2,59.7,29,4412,0,0,0,0,9473,58.703684,1.224533,40.145677,3.895281,28.660403,3.895281,2.12182,50.872145,15.482827,21958,1.621277,0.664906,0.491848,0.13207,0.059204,0.255032,0.032086,31.9,4.3,23.827307,9.490846,22.76619,9.864286,9.68212,5.688132,8.206576,2.860005,350.1
2022 to 2024,S12000023,Orkney Islands,Female,30 to 34,46.6,38.4,54.7,29,4412,0,0,0,0,9473,58.703684,1.224533,40.145677,3.895281,28.660403,3.895281,2.12182,50.872145,15.482827,21958,1.621277,0.664906,0.491848,0.13207,0.059204,0.255032,0.032086,31.9,4.3,23.827307,9.490846,22.76619,9.864286,9.68212,5.688132,8.206576,2.860005,350.1
2022 to 2024,S12000023,Orkney Islands,Female,35 to 39,42.3,34.1,50.5,29,4412,0,0,0,0,9473,58.703684,1.224533,40.145677,3.895281,28.660403,3.895281,2.12182,50.872145,15.482827,21958,1.621277,0.664906,0.491848,0.13207,0.059204,0.255032,0.032086,31.9,4.3,23.827307,9.490846,22.76619,9.864286,9.68212,5.688132,8.206576,2.860005,350.1
2022 to 2024,S12000023,Orkney Islands,Female,40 to 44,37.8,29.6,46,29,4412,0,0,0,0,9473,58.703684,1.224533,40.145677,3.895281,28.660403,3.895281,2.12182,50.872145,15.482827,21958,1.621277,0.664906,0.491848,0.13207,0.059204,0.255032,0.032086,31.9,4.3,23.827307,9.490846,22.76619,9.864286,9.68212,5.688132,8.206576,2.860005,350.1
2022 to 2024,S12000023,Orkney Islands,Female,45 to 49,33.2,25.1,41.2,29,4412,0,0,0,0,9473,58.703684,1.224533,40.145677,3.895281,28.660403,3.895281,2.12182,50.872145,15.482827,21958,1.621277,0.664906,0.491848,0.13207,0.059204,0.255032,0.032086,31.9,4.3,23.827307,9.490846,22.76619,9.864286,9.68212,5.688132,8.206576,2.860005,350.1
2022 to 2024,S12000023,Orkney Islands,Female,50 to 54,29,21.1,37,29,4412,0,0,0,0,9473,58.703684,1.224533,40.145677,3.895281,28.660403,3.895281,2.12182,50.872145,15.482827,21958,1.621277,0.664906,0.491848,0.13207,0.059204,0.255032,0.032086,31.9,4.3,23.827307,9.490846,22.76619,9.864286,9.68212,5.688132,8.206576,2.860005,350.1
2022 to 2024,S12000023,Orkney Islands,Female,55 to 59,25.1,18,32.3,29,4412,0,0,0,0,9473,58.703684,1.224533,40.145677,3.895281,28.660403,3.895281,2.12182,50.872145,15.482827,21958,1.621277,0.664906,0.491848,0.13207,0.059204,0.255032,0.032086,31.9,4.3,23.827307,9.490846,22.76619,9.864286,9.68212,5.688132,8.206576,2.860005,350.1
2022 to 2024,S12000023,Orkney Islands,Female,60 to 64,21.1,13.9,28.4,29,4412,0,0,0,0,9473,58.703684,1.224533,40.145677,3.895281,28.660403,3.895281,2.12182,50.872145,15.482827,21958,1.621277,0.664906,0.491848,0.13207,0.059204,0.255032,0.032086,31.9,4.3,23.827307,9.490846,22.76619,9.864286,9.68212,5.688132,8.206576,2.860005,350.1
2022 to 2024,S12000023,Orkney Islands,Female,65 to 69,17.3,10.5,24.2,29,4412,0,0,0,0,9473,58.703684,1.224533,40.145677,3.895281,28.660403,3.895281,2.12182,50.872145,15.482827,21958,1.621277,0.664906,0.491848,0.13207,0.059204,0.255032,0.032086,31.9,4.3,23.827307,9.490846,22.76619,9.864286,9.68212,5.688132,8.206576,2.860005,350.1
2022 to 2024,S12000023,Orkney Islands,Female,70 to 74,13.5,6.5,20.6,29,4412,0,0,0,0,9473,58.703684,1.224533,40.145677,3.895281,28.660403,3.895281,2.12182,50.872145,15.482827,21958,1.621277,0.664906,0.491848,0.13207,0.059204,0.255032,0.032086,31.9,4.3,23.827307,9.490846,22.76619,9.864286,9.68212,5.688132,8.206576,2.860005,350.1
2022 to 2024,S12000023,Orkney Islands,Female,75 to 79,10.3,2.7,17.9,29,4412,0,0,0,0,9473,58.703684,1.224533,40.145677,3.895281,28.660403,3.895281,2.12182,50.872145,15.482827,21958,1.621277,0.664906,0.491848,0.13207,0.059204,0.255032,0.032086,31.9,4.3,23.827307,9.490846,22.76619,9.864286,9.68212,5.688132,8.206576,2.860005,350.1
2022 to 2024,S12000023,Orkney Islands,Female,80 to 84,7.4,-0.3,15.2,29,4412,0,0,0,0,9473,58.703684,1.224533,40.145677,3.895281,28.660403,3.895281,2.12182,50.872145,15.482827,21958,1.621277,0.664906,0.491848,0.13207,0.059204,0.255032,0.032086,31.9,4.3,23.827307,9.490846,22.76619,9.864286,9.68212,5.688132,8.206576,2.860005,350.1
2022 to 2024,S12000023,Orkney Islands,Female,85 to 89,5.3,-0.2,10.8,29,4412,0,0,0,0,9473,58.703684,1.224533,40.145677,3.895281,28.660403,3.895281,2.12182,50.872145,15.482827,21958,1.621277,0.664906,0.491848,0.13207,0.059204,0.255032,0.032086,31.9,4.3,23.827307,9.490846,22.76619,9.864286,9.68212,5.688132,8.206576,2.860005,350.1
2022 to 2024,S12000023,Orkney Islands,Female,90+,3.7,-0.1,7.5,29,4412,0,0,0,0,9473,58.703684,1.224533,40.145677,3.895281,28.660403,3.895281,2.12182,50.872145,15.482827,21958,1.621277,0.664906,0.491848,0.13207,0.059204,0.255032,0.032086,31.9,4.3,23.827307,9.490846,22.76619,9.864286,9.68212,5.688132,8.206576,2.860005,350.1
2022 to 2024,S12000023,Orkney Islands,Male,<1,72.9,63.8,82.1,29,4412,0,0,0,0,8975,64.479109,1.649025,33.883008,3.62117,25.470752,0.857939,1.537604,15.5521,25.557284,21958,1.621277,0.664906,0.491848,0.13207,0.059204,0.255032,0.032086,31.9,4.3,23.827307,9.490846,22.76619,9.864286,9.68212,5.688132,8.206576,2.860005,350.1
2022 to 2024,S12000023,Orkney Islands,Male,01 to 04,72,63,81,29,4412,0,0,0,0,8975,64.479109,1.649025,33.883008,3.62117,25.470752,0.857939,1.537604,15.5521,25.557284,21958,1.621277,0.664906,0.491848,0.13207,0.059204,0.255032,0.032086,31.9,4.3,23.827307,9.490846,22.76619,9.864286,9.68212,5.688132,8.206576,2.860005,350.1
2022 to 2024,S12000023,Orkney Islands,Male,05 to 09,68.1,59.7,76.5,29,4412,0,0,0,0,8975,64.479109,1.649025,33.883008,3.62117,25.470752,0.857939,1.537604,15.5521,25.557284,21958,1.621277,0.664906,0.491848,0.13207,0.059204,0.255032,0.032086,31.9,4.3,23.827307,9.490846,22.76619,9.864286,9.68212,5.688132,8.206576,2.860005,350.1
2022 to 2024,S12000023,Orkney Islands,Male,10 to 14,63.3,55.5,71,29,4412,0,0,0,0,8975,64.479109,1.649025,33.883008,3.62117,25.470752,0.857939,1.537604,15.5521,25.557284,21958,1.621277,0.664906,0.491848,0.13207,0.059204,0.255032,0.032086,31.9,4.3,23.827307,9.490846,22.76619,9.864286,9.68212,5.688132,8.206576,2.860005,350.1
2022 to 2024,S12000023,Orkney Islands,Male,15 to 19,58.4,51,65.8,29,4412,0,0,0,0,8975,64.479109,1.649025,33.883008,3.62117,25.470752,0.857939,1.537604,15.5521,25.557284,21958,1.621277,0.664906,0.491848,0.13207,0.059204,0.255032,0.032086,31.9,4.3,23.827307,9.490846,22.76619,9.864286,9.68212,5.688132,8.206576,2.860005,350.1
2022 to 2024,S12000023,Orkney Islands,Male,20 to 24,53.8,46.6,61.1,29,4412,0,0,0,0,8975,64.479109,1.649025,33.883008,3.62117,25.470752,0.857939,1.537604,15.5521,25.557284,21958,1.621277,0.664906,0.491848,0.13207,0.059204,0.255032,0.032086,31.9,4.3,23.827307,9.490846,22.76619,9.864286,9.68212,5.688132,8.206576,2.860005,350.1
2022 to 2024,S12000023,Orkney Islands,Male,25 to 29,49.5,42.5,56.5,29,4412,0,0,0,0,8975,64.479109,1.649025,33.883008,3.62117,25.470752,0.857939,1.537604,15.5521,25.557284,21958,1.621277,0.664906,0.491848,0.13207,0.059204,0.255032,0.032086,31.9,4.3,23.827307,9.490846,22.76619,9.864286,9.68212,5.688132,8.206576,2.860005,350.1
2022 to 2024,S12000023,Orkney Islands,Male,30 to 34,45.3,38.6,51.9,29,4412,0,0,0,0,8975,64.479109,1.649025,33.883008,3.62117,25.470752,0.857939,1.537604,15.5521,25.557284,21958,1.621277,0.664906,0.491848,0.13207,0.059204,0.255032,0.032086,31.9,4.3,23.827307,9.490846,22.76619,9.864286,9.68212,5.688132,8.206576,2.860005,350.1
2022 to 2024,S12000023,Orkney Islands,Male,35 to 39,40.8,34.1,47.4,29,4412,0,0,0,0,8975,64.479109,1.649025,33.883008,3.62117,25.470752,0.857939,1.537604,15.5521,25.557284,21958,1.621277,0.664906,0.491848,0.13207,0.059204,0.255032,0.032086,31.9,4.3,23.827307,9.490846,22.76619,9.864286,9.68212,5.688132,8.206576,2.860005,350.1
2022 to 2024,S12000023,Orkney Islands,Male,40 to 44,36.5,30,43,29,4412,0,0,0,0,8975,64.479109,1.649025,33.883008,3.62117,25.470752,0.857939,1.537604,15.5521,25.557284,21958,1.621277,0.664906,0.491848,0.13207,0.059204,0.255032,0.032086,31.9,4.3,23.827307,9.490846,22.76619,9.864286,9.68212,5.688132,8.206576,2.860005,350.1
2022 to 2024,S12000023,Orkney Islands,Male,45 to 49,32.1,25.9,38.3,29,4412,0,0,0,0,8975,64.479109,1.649025,33.883008,3.62117,25.470752,0.857939,1.537604,15.5521,25.557284,21958,1.621277,0.664906,0.491848,0.13207,0.059204,0.255032,0.032086,31.9,4.3,23.827307,9.490846,22.76619,9.864286,9.68212,5.688132,8.206576,2.860005,350.1
2022 to 2024,S12000023,Orkney Islands,Male,50 to 54,27.8,22,33.6,29,4412,0,0,0,0,8975,64.479109,1.649025,33.883008,3.62117,25.470752,0.857939,1.537604,15.5521,25.557284,21958,1.621277,0.664906,0.491848,0.13207,0.059204,0.255032,0.032086,31.9,4.3,23.827307,9.490846,22.76619,9.864286,9.68212,5.688132,8.206576,2.860005,350.1
2022 to 2024,S12000023,Orkney Islands,Male,55 to 59,23.6,17.9,29.3,29,4412,0,0,0,0,8975,64.479109,1.649025,33.883008,3.62117,25.470752,0.857939,1.537604,15.5521,25.557284,21958,1.621277,0.664906,0.491848,0.13207,0.059204,0.255032,0.032086,31.9,4.3,23.827307,9.490846,22.76619,9.864286,9.68212,5.688132,8.206576,2.860005,350.1
2022 to 2024,S12000023,Orkney Islands,Male,60 to 64,19.5,13.9,25.1,29,4412,0,0,0,0,8975,64.479109,1.649025,33.883008,3.62117,25.470752,0.857939,1.537604,15.5521,25.557284,21958,1.621277,0.664906,0.491848,0.13207,0.059204,0.255032,0.032086,31.9,4.3,23.827307,9.490846,22.76619,9.864286,9.68212,5.688132,8.206576,2.860005,350.1
2022 to 2024,S12000023,Orkney Islands,Male,65 to 69,15.7,10,21.4,29,4412,0,0,0,0,8975,64.479109,1.649025,33.883008,3.62117,25.470752,0.857939,1.537604,15.5521,25.557284,21958,1.621277,0.664906,0.491848,0.13207,0.059204,0.255032,0.032086,31.9,4.3,23.827307,9.490846,22.76619,9.864286,9.68212,5.688132,8.206576,2.860005,350.1
2022 to 2024,S12000023,Orkney Islands,Male,70 to 74,12.4,6.4,18.4,29,4412,0,0,0,0,8975,64.479109,1.649025,33.883008,3.62117,25.470752,0.857939,1.537604,15.5521,25.557284,21958,1.621277,0.664906,0.491848,0.13207,0.059204,0.255032,0.032086,31.9,4.3,23.827307,9.490846,22.76619,9.864286,9.68212,5.688132,8.206576,2.860005,350.1
2022 to 2024,S12000023,Orkney Islands,Male,75 to 79,9.2,2.8,15.6,29,4412,0,0,0,0,8975,64.479109,1.649025,33.883008,3.62117,25.470752,0.857939,1.537604,15.5521,25.557284,21958,1.621277,0.664906,0.491848,0.13207,0.059204,0.255032,0.032086,31.9,4.3,23.827307,9.490846,22.76619,9.864286,9.68212,5.688132,8.206576,2.860005,350.1
2022 to 2024,S12000023,Orkney Islands,Male,80 to 84,6.7,-0.6,14,29,4412,0,0,0,0,8975,64.479109,1.649025,33.883008,3.62117,25.470752,0.857939,1.537604,15.5521,25.557284,21958,1.621277,0.664906,0.491848,0.13207,0.059204,0.255032,0.032086,31.9,4.3,23.827307,9.490846,22.76619,9.864286,9.68212,5.688132,8.206576,2.860005,350.1
2022 to 2024,S12000023,Orkney Islands,Male,85 to 89,4.7,-0.4,9.8,29,4412,0,0,0,0,8975,64.479109,1.649025,33.883008,3.62117,25.470752,0.857939,1.537604,15.5521,25.557284,21958,1.621277,0.664906,0.491848,0.13207,0.059204,0.255032,0.032086,31.9,4.3,23.827307,9.490846,22.76619,9.864286,9.68212,5.688132,8.206576,2.860005,350.1
2022 to 2024,S12000023,Orkney Islands,Male,90+,3.7,-0.3,7.7,29,4412,0,0,0,0,8975,64.479109,1.649025,33.883008,3.62117,25.470752,0.857939,1.537604,15.5521,25.557284,21958,1.621277,0.664906,0.491848,0.13207,0.059204,0.255032,0.032086,31.9,4.3,23.827307,9.490846,22.76619,9.864286,9.68212,5.688132,8.206576,2.860005,350.1
2022 to 2024,S12000048,Perth and Kinross,Female,<1,66.4,62.7,70,186,4621.5,3.763441,14.516129,6.451613,22.043011,65739,54.838072,1.5379,43.628592,4.085855,30.295563,4.502654,2.820244,42.005548,12.929265,150953,3.22882,0.922141,1.509079,0.281545,0.063596,0.452459,0.063192,35.8,4.9,22.87202,9.280372,21.899532,9.754692,8.782866,5.330798,8.089935,2.541188,291.8
2022 to 2024,S12000048,Perth and Kinross,Female,01 to 04,65.4,61.8,69,186,4621.5,3.763441,14.516129,6.451613,22.043011,65739,54.838072,1.5379,43.628592,4.085855,30.295563,4.502654,2.820244,42.005548,12.929265,150953,3.22882,0.922141,1.509079,0.281545,0.063596,0.452459,0.063192,35.8,4.9,22.87202,9.280372,21.899532,9.754692,8.782866,5.330798,8.089935,2.541188,291.8
2022 to 2024,S12000048,Perth and Kinross,Female,05 to 09,61.7,58.4,64.9,186,4621.5,3.763441,14.516129,6.451613,22.043011,65739,54.838072,1.5379,43.628592,4.085855,30.295563,4.502654,2.820244,42.005548,12.929265,150953,3.22882,0.922141,1.509079,0.281545,0.063596,0.452459,0.063192,35.8,4.9,22.87202,9.280372,21.899532,9.754692,8.782866,5.330798,8.089935,2.541188,291.8
2022 to 2024,S12000048,Perth and Kinross,Female,10 to 14,56.9,54,59.9,186,4621.5,3.763441,14.516129,6.451613,22.043011,65739,54.838072,1.5379,43.628592,4.085855,30.295563,4.502654,2.820244,42.005548,12.929265,150953,3.22882,0.922141,1.509079,0.281545,0.063596,0.452459,0.063192,35.8,4.9,22.87202,9.280372,21.899532,9.754692,8.782866,5.330798,8.089935,2.541188,291.8
2022 to 2024,S12000048,Perth and Kinross,Female,15 to 19,52.3,49.5,55.1,186,4621.5,3.763441,14.516129,6.451613,22.043011,65739,54.838072,1.5379,43.628592,4.085855,30.295563,4.502654,2.820244,42.005548,12.929265,150953,3.22882,0.922141,1.509079,0.281545,0.063596,0.452459,0.063192,35.8,4.9,22.87202,9.280372,21.899532,9.754692,8.782866,5.330798,8.089935,2.541188,291.8
2022 to 2024,S12000048,Perth and Kinross,Female,20 to 24,47.8,45.1,50.5,186,4621.5,3.763441,14.516129,6.451613,22.043011,65739,54.838072,1.5379,43.628592,4.085855,30.295563,4.502654,2.820244,42.005548,12.929265,150953,3.22882,0.922141,1.509079,0.281545,0.063596,0.452459,0.063192,35.8,4.9,22.87202,9.280372,21.899532,9.754692,8.782866,5.330798,8.089935,2.541188,291.8
2022 to 2024,S12000048,Perth and Kinross,Female,25 to 29,43.4,40.8,45.9,186,4621.5,3.763441,14.516129,6.451613,22.043011,65739,54.838072,1.5379,43.628592,4.085855,30.295563,4.502654,2.820244,42.005548,12.929265,150953,3.22882,0.922141,1.509079,0.281545,0.063596,0.452459,0.063192,35.8,4.9,22.87202,9.280372,21.899532,9.754692,8.782866,5.330798,8.089935,2.541188,291.8
2022 to 2024,S12000048,Perth and Kinross,Female,30 to 34,39.1,36.7,41.5,186,4621.5,3.763441,14.516129,6.451613,22.043011,65739,54.838072,1.5379,43.628592,4.085855,30.295563,4.502654,2.820244,42.005548,12.929265,150953,3.22882,0.922141,1.509079,0.281545,0.063596,0.452459,0.063192,35.8,4.9,22.87202,9.280372,21.899532,9.754692,8.782866,5.330798,8.089935,2.541188,291.8
2022 to 2024,S12000048,Perth and Kinross,Female,35 to 39,34.9,32.6,37.2,186,4621.5,3.763441,14.516129,6.451613,22.043011,65739,54.838072,1.5379,43.628592,4.085855,30.295563,4.502654,2.820244,42.005548,12.929265,150953,3.22882,0.922141,1.509079,0.281545,0.063596,0.452459,0.063192,35.8,4.9,22.87202,9.280372,21.899532,9.754692,8.782866,5.330798,8.089935,2.541188,291.8
2022 to 2024,S12000048,Perth and Kinross,Female,40 to 44,30.8,28.6,33,186,4621.5,3.763441,14.516129,6.451613,22.043011,65739,54.838072,1.5379,43.628592,4.085855,30.295563,4.502654,2.820244,42.005548,12.929265,150953,3.22882,0.922141,1.509079,0.281545,0.063596,0.452459,0.063192,35.8,4.9,22.87202,9.280372,21.899532,9.754692,8.782866,5.330798,8.089935,2.541188,291.8
2022 to 2024,S12000048,Perth and Kinross,Female,45 to 49,26.9,24.8,29.1,186,4621.5,3.763441,14.516129,6.451613,22.043011,65739,54.838072,1.5379,43.628592,4.085855,30.295563,4.502654,2.820244,42.005548,12.929265,150953,3.22882,0.922141,1.509079,0.281545,0.063596,0.452459,0.063192,35.8,4.9,22.87202,9.280372,21.899532,9.754692,8.782866,5.330798,8.089935,2.541188,291.8
2022 to 2024,S12000048,Perth and Kinross,Female,50 to 54,23.2,21.2,25.2,186,4621.5,3.763441,14.516129,6.451613,22.043011,65739,54.838072,1.5379,43.628592,4.085855,30.295563,4.502654,2.820244,42.005548,12.929265,150953,3.22882,0.922141,1.509079,0.281545,0.063596,0.452459,0.063192,35.8,4.9,22.87202,9.280372,21.899532,9.754692,8.782866,5.330798,8.089935,2.541188,291.8
2022 to 2024,S12000048,Perth and Kinross,Female,55 to 59,19.6,17.7,21.6,186,4621.5,3.763441,14.516129,6.451613,22.043011,65739,54.838072,1.5379,43.628592,4.085855,30.295563,4.502654,2.820244,42.005548,12.929265,150953,3.22882,0.922141,1.509079,0.281545,0.063596,0.452459,0.063192,35.8,4.9,22.87202,9.280372,21.899532,9.754692,8.782866,5.330798,8.089935,2.541188,291.8
2022 to 2024,S12000048,Perth and Kinross,Female,60 to 64,16.2,14.3,18.1,186,4621.5,3.763441,14.516129,6.451613,22.043011,65739,54.838072,1.5379,43.628592,4.085855,30.295563,4.502654,2.820244,42.005548,12.929265,150953,3.22882,0.922141,1.509079,0.281545,0.063596,0.452459,0.063192,35.8,4.9,22.87202,9.280372,21.899532,9.754692,8.782866,5.330798,8.089935,2.541188,291.8
2022 to 2024,S12000048,Perth and Kinross,Female,65 to 69,12.9,11,14.8,186,4621.5,3.763441,14.516129,6.451613,22.043011,65739,54.838072,1.5379,43.628592,4.085855,30.295563,4.502654,2.820244,42.005548,12.929265,150953,3.22882,0.922141,1.509079,0.281545,0.063596,0.452459,0.063192,35.8,4.9,22.87202,9.280372,21.899532,9.754692,8.782866,5.330798,8.089935,2.541188,291.8
2022 to 2024,S12000048,Perth and Kinross,Female,70 to 74,10,8.1,11.9,186,4621.5,3.763441,14.516129,6.451613,22.043011,65739,54.838072,1.5379,43.628592,4.085855,30.295563,4.502654,2.820244,42.005548,12.929265,150953,3.22882,0.922141,1.509079,0.281545,0.063596,0.452459,0.063192,35.8,4.9,22.87202,9.280372,21.899532,9.754692,8.782866,5.330798,8.089935,2.541188,291.8
2022 to 2024,S12000048,Perth and Kinross,Female,75 to 79,7.3,5.3,9.2,186,4621.5,3.763441,14.516129,6.451613,22.043011,65739,54.838072,1.5379,43.628592,4.085855,30.295563,4.502654,2.820244,42.005548,12.929265,150953,3.22882,0.922141,1.509079,0.281545,0.063596,0.452459,0.063192,35.8,4.9,22.87202,9.280372,21.899532,9.754692,8.782866,5.330798,8.089935,2.541188,291.8
2022 to 2024,S12000048,Perth and Kinross,Female,80 to 84,4.9,2.9,7,186,4621.5,3.763441,14.516129,6.451613,22.043011,65739,54.838072,1.5379,43.628592,4.085855,30.295563,4.502654,2.820244,42.005548,12.929265,150953,3.22882,0.922141,1.509079,0.281545,0.063596,0.452459,0.063192,35.8,4.9,22.87202,9.280372,21.899532,9.754692,8.782866,5.330798,8.089935,2.541188,291.8
2022 to 2024,S12000048,Perth and Kinross,Female,85 to 89,3.2,1.8,4.5,186,4621.5,3.763441,14.516129,6.451613,22.043011,65739,54.838072,1.5379,43.628592,4.085855,30.295563,4.502654,2.820244,42.005548,12.929265,150953,3.22882,0.922141,1.509079,0.281545,0.063596,0.452459,0.063192,35.8,4.9,22.87202,9.280372,21.899532,9.754692,8.782866,5.330798,8.089935,2.541188,291.8
2022 to 2024,S12000048,Perth and Kinross,Female,90+,1.9,1.1,2.7,186,4621.5,3.763441,14.516129,6.451613,22.043011,65739,54.838072,1.5379,43.628592,4.085855,30.295563,4.502654,2.820244,42.005548,12.929265,150953,3.22882,0.922141,1.509079,0.281545,0.063596,0.452459,0.063192,35.8,4.9,22.87202,9.280372,21.899532,9.754692,8.782866,5.330798,8.089935,2.541188,291.8
2022 to 2024,S12000048,Perth and Kinross,Male,<1,65.3,62,68.7,186,4621.5,3.763441,14.516129,6.451613,22.043011,61311,61.356037,2.249189,36.402929,3.50345,26.078518,1.0145,2.112182,15.10713,20.69488,150953,3.22882,0.922141,1.509079,0.281545,0.063596,0.452459,0.063192,35.8,4.9,22.87202,9.280372,21.899532,9.754692,8.782866,5.330798,8.089935,2.541188,291.8
2022 to 2024,S12000048,Perth and Kinross,Male,01 to 04,64.7,61.4,68,186,4621.5,3.763441,14.516129,6.451613,22.043011,61311,61.356037,2.249189,36.402929,3.50345,26.078518,1.0145,2.112182,15.10713,20.69488,150953,3.22882,0.922141,1.509079,0.281545,0.063596,0.452459,0.063192,35.8,4.9,22.87202,9.280372,21.899532,9.754692,8.782866,5.330798,8.089935,2.541188,291.8
2022 to 2024,S12000048,Perth and Kinross,Male,05 to 09,60.9,57.9,63.9,186,4621.5,3.763441,14.516129,6.451613,22.043011,61311,61.356037,2.249189,36.402929,3.50345,26.078518,1.0145,2.112182,15.10713,20.69488,150953,3.22882,0.922141,1.509079,0.281545,0.063596,0.452459,0.063192,35.8,4.9,22.87202,9.280372,21.899532,9.754692,8.782866,5.330798,8.089935,2.541188,291.8
2022 to 2024,S12000048,Perth and Kinross,Male,10 to 14,56.1,53.5,58.8,186,4621.5,3.763441,14.516129,6.451613,22.043011,61311,61.356037,2.249189,36.402929,3.50345,26.078518,1.0145,2.112182,15.10713,20.69488,150953,3.22882,0.922141,1.509079,0.281545,0.063596,0.452459,0.063192,35.8,4.9,22.87202,9.280372,21.899532,9.754692,8.782866,5.330798,8.089935,2.541188,291.8
2022 to 2024,S12000048,Perth and Kinross,Male,15 to 19,51.4,48.9,53.9,186,4621.5,3.763441,14.516129,6.451613,22.043011,61311,61.356037,2.249189,36.402929,3.50345,26.078518,1.0145,2.112182,15.10713,20.69488,150953,3.22882,0.922141,1.509079,0.281545,0.063596,0.452459,0.063192,35.8,4.9,22.87202,9.280372,21.899532,9.754692,8.782866,5.330798,8.089935,2.541188,291.8
2022 to 2024,S12000048,Perth and Kinross,Male,20 to 24,46.8,44.4,49.2,186,4621.5,3.763441,14.516129,6.451613,22.043011,61311,61.356037,2.249189,36.402929,3.50345,26.078518,1.0145,2.112182,15.10713,20.69488,150953,3.22882,0.922141,1.509079,0.281545,0.063596,0.452459,0.063192,35.8,4.9,22.87202,9.280372,21.899532,9.754692,8.782866,5.330798,8.089935,2.541188,291.8
2022 to 2024,S12000048,Perth and Kinross,Male,25 to 29,42.5,40.2,44.8,186,4621.5,3.763441,14.516129,6.451613,22.043011,61311,61.356037,2.249189,36.402929,3.50345,26.078518,1.0145,2.112182,15.10713,20.69488,150953,3.22882,0.922141,1.509079,0.281545,0.063596,0.452459,0.063192,35.8,4.9,22.87202,9.280372,21.899532,9.754692,8.782866,5.330798,8.089935,2.541188,291.8
2022 to 2024,S12000048,Perth and Kinross,Male,30 to 34,38.1,35.9,40.3,186,4621.5,3.763441,14.516129,6.451613,22.043011,61311,61.356037,2.249189,36.402929,3.50345,26.078518,1.0145,2.112182,15.10713,20.69488,150953,3.22882,0.922141,1.509079,0.281545,0.063596,0.452459,0.063192,35.8,4.9,22.87202,9.280372,21.899532,9.754692,8.782866,5.330798,8.089935,2.541188,291.8
2022 to 2024,S12000048,Perth and Kinross,Male,35 to 39,33.9,31.9,36,186,4621.5,3.763441,14.516129,6.451613,22.043011,61311,61.356037,2.249189,36.402929,3.50345,26.078518,1.0145,2.112182,15.10713,20.69488,150953,3.22882,0.922141,1.509079,0.281545,0.063596,0.452459,0.063192,35.8,4.9,22.87202,9.280372,21.899532,9.754692,8.782866,5.330798,8.089935,2.541188,291.8
2022 to 2024,S12000048,Perth and Kinross,Male,40 to 44,29.9,27.9,31.9,186,4621.5,3.763441,14.516129,6.451613,22.043011,61311,61.356037,2.249189,36.402929,3.50345,26.078518,1.0145,2.112182,15.10713,20.69488,150953,3.22882,0.922141,1.509079,0.281545,0.063596,0.452459,0.063192,35.8,4.9,22.87202,9.280372,21.899532,9.754692,8.782866,5.330798,8.089935,2.541188,291.8
2022 to 2024,S12000048,Perth and Kinross,Male,45 to 49,26,24.1,27.9,186,4621.5,3.763441,14.516129,6.451613,22.043011,61311,61.356037,2.249189,36.402929,3.50345,26.078518,1.0145,2.112182,15.10713,20.69488,150953,3.22882,0.922141,1.509079,0.281545,0.063596,0.452459,0.063192,35.8,4.9,22.87202,9.280372,21.899532,9.754692,8.782866,5.330798,8.089935,2.541188,291.8
2022 to 2024,S12000048,Perth and Kinross,Male,50 to 54,22.1,20.4,23.9,186,4621.5,3.763441,14.516129,6.451613,22.043011,61311,61.356037,2.249189,36.402929,3.50345,26.078518,1.0145,2.112182,15.10713,20.69488,150953,3.22882,0.922141,1.509079,0.281545,0.063596,0.452459,0.063192,35.8,4.9,22.87202,9.280372,21.899532,9.754692,8.782866,5.330798,8.089935,2.541188,291.8
2022 to 2024,S12000048,Perth and Kinross,Male,55 to 59,18.5,16.8,20.2,186,4621.5,3.763441,14.516129,6.451613,22.043011,61311,61.356037,2.249189,36.402929,3.50345,26.078518,1.0145,2.112182,15.10713,20.69488,150953,3.22882,0.922141,1.509079,0.281545,0.063596,0.452459,0.063192,35.8,4.9,22.87202,9.280372,21.899532,9.754692,8.782866,5.330798,8.089935,2.541188,291.8
2022 to 2024,S12000048,Perth and Kinross,Male,60 to 64,15,13.4,16.7,186,4621.5,3.763441,14.516129,6.451613,22.043011,61311,61.356037,2.249189,36.402929,3.50345,26.078518,1.0145,2.112182,15.10713,20.69488,150953,3.22882,0.922141,1.509079,0.281545,0.063596,0.452459,0.063192,35.8,4.9,22.87202,9.280372,21.899532,9.754692,8.782866,5.330798,8.089935,2.541188,291.8
2022 to 2024,S12000048,Perth and Kinross,Male,65 to 69,11.9,10.3,13.6,186,4621.5,3.763441,14.516129,6.451613,22.043011,61311,61.356037,2.249189,36.402929,3.50345,26.078518,1.0145,2.112182,15.10713,20.69488,150953,3.22882,0.922141,1.509079,0.281545,0.063596,0.452459,0.063192,35.8,4.9,22.87202,9.280372,21.899532,9.754692,8.782866,5.330798,8.089935,2.541188,291.8
2022 to 2024,S12000048,Perth and Kinross,Male,70 to 74,9.1,7.5,10.8,186,4621.5,3.763441,14.516129,6.451613,22.043011,61311,61.356037,2.249189,36.402929,3.50345,26.078518,1.0145,2.112182,15.10713,20.69488,150953,3.22882,0.922141,1.509079,0.281545,0.063596,0.452459,0.063192,35.8,4.9,22.87202,9.280372,21.899532,9.754692,8.782866,5.330798,8.089935,2.541188,291.8
2022 to 2024,S12000048,Perth and Kinross,Male,75 to 79,6.6,4.9,8.3,186,4621.5,3.763441,14.516129,6.451613,22.043011,61311,61.356037,2.249189,36.402929,3.50345,26.078518,1.0145,2.112182,15.10713,20.69488,150953,3.22882,0.922141,1.509079,0.281545,0.063596,0.452459,0.063192,35.8,4.9,22.87202,9.280372,21.899532,9.754692,8.782866,5.330798,8.089935,2.541188,291.8
2022 to 2024,S12000048,Perth and Kinross,Male,80 to 84,4.5,2.5,6.4,186,4621.5,3.763441,14.516129,6.451613,22.043011,61311,61.356037,2.249189,36.402929,3.50345,26.078518,1.0145,2.112182,15.10713,20.69488,150953,3.22882,0.922141,1.509079,0.281545,0.063596,0.452459,0.063192,35.8,4.9,22.87202,9.280372,21.899532,9.754692,8.782866,5.330798,8.089935,2.541188,291.8
2022 to 2024,S12000048,Perth and Kinross,Male,85 to 89,2.9,1.6,4.1,186,4621.5,3.763441,14.516129,6.451613,22.043011,61311,61.356037,2.249189,36.402929,3.50345,26.078518,1.0145,2.112182,15.10713,20.69488,150953,3.22882,0.922141,1.509079,0.281545,0.063596,0.452459,0.063192,35.8,4.9,22.87202,9.280372,21.899532,9.754692,8.782866,5.330798,8.089935,2.541188,291.8
2022 to 2024,S12000048,Perth and Kinross,Male,90+,1.7,1,2.5,186,4621.5,3.763441,14.516129,6.451613,22.043011,61311,61.356037,2.249189,36.402929,3.50345,26.078518,1.0145,2.112182,15.10713,20.69488,150953,3.22882,0.922141,1.509079,0.281545,0.063596,0.452459,0.063192,35.8,4.9,22.87202,9.280372,21.899532,9.754692,8.782866,5.330798,8.089935,2.541188,291.8
2022 to 2024,S12000038,Renfrewshire,Female,<1,56.5,51.6,61.4,225,3124,22.666667,14.222222,24.888889,20.888889,80523,57.403475,2.037927,40.554873,5.610819,25.27725,4.242266,4.808564,38.279644,6.351816,183874,5.457542,0.857109,2.709464,1.175805,0.103875,0.615095,0.105188,30.5,7.4,24.756083,11.732491,21.769255,11.452951,10.291286,4.740746,7.084199,2.564256,441.9
2022 to 2024,S12000038,Renfrewshire,Female,01 to 04,55.8,51.1,60.6,225,3124,22.666667,14.222222,24.888889,20.888889,80523,57.403475,2.037927,40.554873,5.610819,25.27725,4.242266,4.808564,38.279644,6.351816,183874,5.457542,0.857109,2.709464,1.175805,0.103875,0.615095,0.105188,30.5,7.4,24.756083,11.732491,21.769255,11.452951,10.291286,4.740746,7.084199,2.564256,441.9
2022 to 2024,S12000038,Renfrewshire,Female,05 to 09,52.3,48.2,56.4,225,3124,22.666667,14.222222,24.888889,20.888889,80523,57.403475,2.037927,40.554873,5.610819,25.27725,4.242266,4.808564,38.279644,6.351816,183874,5.457542,0.857109,2.709464,1.175805,0.103875,0.615095,0.105188,30.5,7.4,24.756083,11.732491,21.769255,11.452951,10.291286,4.740746,7.084199,2.564256,441.9
2022 to 2024,S12000038,Renfrewshire,Female,10 to 14,48,44.6,51.4,225,3124,22.666667,14.222222,24.888889,20.888889,80523,57.403475,2.037927,40.554873,5.610819,25.27725,4.242266,4.808564,38.279644,6.351816,183874,5.457542,0.857109,2.709464,1.175805,0.103875,0.615095,0.105188,30.5,7.4,24.756083,11.732491,21.769255,11.452951,10.291286,4.740746,7.084199,2.564256,441.9
2022 to 2024,S12000038,Renfrewshire,Female,15 to 19,43.7,40.8,46.7,225,3124,22.666667,14.222222,24.888889,20.888889,80523,57.403475,2.037927,40.554873,5.610819,25.27725,4.242266,4.808564,38.279644,6.351816,183874,5.457542,0.857109,2.709464,1.175805,0.103875,0.615095,0.105188,30.5,7.4,24.756083,11.732491,21.769255,11.452951,10.291286,4.740746,7.084199,2.564256,441.9
2022 to 2024,S12000038,Renfrewshire,Female,20 to 24,39.6,36.8,42.3,225,3124,22.666667,14.222222,24.888889,20.888889,80523,57.403475,2.037927,40.554873,5.610819,25.27725,4.242266,4.808564,38.279644,6.351816,183874,5.457542,0.857109,2.709464,1.175805,0.103875,0.615095,0.105188,30.5,7.4,24.756083,11.732491,21.769255,11.452951,10.291286,4.740746,7.084199,2.564256,441.9
2022 to 2024,S12000038,Renfrewshire,Female,25 to 29,35.6,32.9,38.2,225,3124,22.666667,14.222222,24.888889,20.888889,80523,57.403475,2.037927,40.554873,5.610819,25.27725,4.242266,4.808564,38.279644,6.351816,183874,5.457542,0.857109,2.709464,1.175805,0.103875,0.615095,0.105188,30.5,7.4,24.756083,11.732491,21.769255,11.452951,10.291286,4.740746,7.084199,2.564256,441.9
2022 to 2024,S12000038,Renfrewshire,Female,30 to 34,31.7,29.1,34.2,225,3124,22.666667,14.222222,24.888889,20.888889,80523,57.403475,2.037927,40.554873,5.610819,25.27725,4.242266,4.808564,38.279644,6.351816,183874,5.457542,0.857109,2.709464,1.175805,0.103875,0.615095,0.105188,30.5,7.4,24.756083,11.732491,21.769255,11.452951,10.291286,4.740746,7.084199,2.564256,441.9
2022 to 2024,S12000038,Renfrewshire,Female,35 to 39,27.9,25.5,30.4,225,3124,22.666667,14.222222,24.888889,20.888889,80523,57.403475,2.037927,40.554873,5.610819,25.27725,4.242266,4.808564,38.279644,6.351816,183874,5.457542,0.857109,2.709464,1.175805,0.103875,0.615095,0.105188,30.5,7.4,24.756083,11.732491,21.769255,11.452951,10.291286,4.740746,7.084199,2.564256,441.9
2022 to 2024,S12000038,Renfrewshire,Female,40 to 44,24.3,22,26.6,225,3124,22.666667,14.222222,24.888889,20.888889,80523,57.403475,2.037927,40.554873,5.610819,25.27725,4.242266,4.808564,38.279644,6.351816,183874,5.457542,0.857109,2.709464,1.175805,0.103875,0.615095,0.105188,30.5,7.4,24.756083,11.732491,21.769255,11.452951,10.291286,4.740746,7.084199,2.564256,441.9
2022 to 2024,S12000038,Renfrewshire,Female,45 to 49,20.9,18.7,23,225,3124,22.666667,14.222222,24.888889,20.888889,80523,57.403475,2.037927,40.554873,5.610819,25.27725,4.242266,4.808564,38.279644,6.351816,183874,5.457542,0.857109,2.709464,1.175805,0.103875,0.615095,0.105188,30.5,7.4,24.756083,11.732491,21.769255,11.452951,10.291286,4.740746,7.084199,2.564256,441.9
2022 to 2024,S12000038,Renfrewshire,Female,50 to 54,17.6,15.7,19.5,225,3124,22.666667,14.222222,24.888889,20.888889,80523,57.403475,2.037927,40.554873,5.610819,25.27725,4.242266,4.808564,38.279644,6.351816,183874,5.457542,0.857109,2.709464,1.175805,0.103875,0.615095,0.105188,30.5,7.4,24.756083,11.732491,21.769255,11.452951,10.291286,4.740746,7.084199,2.564256,441.9
2022 to 2024,S12000038,Renfrewshire,Female,55 to 59,14.7,12.8,16.5,225,3124,22.666667,14.222222,24.888889,20.888889,80523,57.403475,2.037927,40.554873,5.610819,25.27725,4.242266,4.808564,38.279644,6.351816,183874,5.457542,0.857109,2.709464,1.175805,0.103875,0.615095,0.105188,30.5,7.4,24.756083,11.732491,21.769255,11.452951,10.291286,4.740746,7.084199,2.564256,441.9
2022 to 2024,S12000038,Renfrewshire,Female,60 to 64,11.9,10.1,13.6,225,3124,22.666667,14.222222,24.888889,20.888889,80523,57.403475,2.037927,40.554873,5.610819,25.27725,4.242266,4.808564,38.279644,6.351816,183874,5.457542,0.857109,2.709464,1.175805,0.103875,0.615095,0.105188,30.5,7.4,24.756083,11.732491,21.769255,11.452951,10.291286,4.740746,7.084199,2.564256,441.9
2022 to 2024,S12000038,Renfrewshire,Female,65 to 69,9.3,7.6,11,225,3124,22.666667,14.222222,24.888889,20.888889,80523,57.403475,2.037927,40.554873,5.610819,25.27725,4.242266,4.808564,38.279644,6.351816,183874,5.457542,0.857109,2.709464,1.175805,0.103875,0.615095,0.105188,30.5,7.4,24.756083,11.732491,21.769255,11.452951,10.291286,4.740746,7.084199,2.564256,441.9
2022 to 2024,S12000038,Renfrewshire,Female,70 to 74,6.9,5.3,8.6,225,3124,22.666667,14.222222,24.888889,20.888889,80523,57.403475,2.037927,40.554873,5.610819,25.27725,4.242266,4.808564,38.279644,6.351816,183874,5.457542,0.857109,2.709464,1.175805,0.103875,0.615095,0.105188,30.5,7.4,24.756083,11.732491,21.769255,11.452951,10.291286,4.740746,7.084199,2.564256,441.9
2022 to 2024,S12000038,Renfrewshire,Female,75 to 79,4.9,3.2,6.7,225,3124,22.666667,14.222222,24.888889,20.888889,80523,57.403475,2.037927,40.554873,5.610819,25.27725,4.242266,4.808564,38.279644,6.351816,183874,5.457542,0.857109,2.709464,1.175805,0.103875,0.615095,0.105188,30.5,7.4,24.756083,11.732491,21.769255,11.452951,10.291286,4.740746,7.084199,2.564256,441.9
2022 to 2024,S12000038,Renfrewshire,Female,80 to 84,3.2,1.5,4.9,225,3124,22.666667,14.222222,24.888889,20.888889,80523,57.403475,2.037927,40.554873,5.610819,25.27725,4.242266,4.808564,38.279644,6.351816,183874,5.457542,0.857109,2.709464,1.175805,0.103875,0.615095,0.105188,30.5,7.4,24.756083,11.732491,21.769255,11.452951,10.291286,4.740746,7.084199,2.564256,441.9
2022 to 2024,S12000038,Renfrewshire,Female,85 to 89,2,1,3.1,225,3124,22.666667,14.222222,24.888889,20.888889,80523,57.403475,2.037927,40.554873,5.610819,25.27725,4.242266,4.808564,38.279644,6.351816,183874,5.457542,0.857109,2.709464,1.175805,0.103875,0.615095,0.105188,30.5,7.4,24.756083,11.732491,21.769255,11.452951,10.291286,4.740746,7.084199,2.564256,441.9
2022 to 2024,S12000038,Renfrewshire,Female,90+,1.2,0.6,1.8,225,3124,22.666667,14.222222,24.888889,20.888889,80523,57.403475,2.037927,40.554873,5.610819,25.27725,4.242266,4.808564,38.279644,6.351816,183874,5.457542,0.857109,2.709464,1.175805,0.103875,0.615095,0.105188,30.5,7.4,24.756083,11.732491,21.769255,11.452951,10.291286,4.740746,7.084199,2.564256,441.9
2022 to 2024,S12000038,Renfrewshire,Male,<1,56.5,52.4,60.7,225,3124,22.666667,14.222222,24.888889,20.888889,73739,62.641208,3.110972,34.242395,5.390635,21.190957,1.48768,3.53273,15.015912,13.976749,183874,5.457542,0.857109,2.709464,1.175805,0.103875,0.615095,0.105188,30.5,7.4,24.756083,11.732491,21.769255,11.452951,10.291286,4.740746,7.084199,2.564256,441.9
2022 to 2024,S12000038,Renfrewshire,Male,01 to 04,55.7,51.6,59.8,225,3124,22.666667,14.222222,24.888889,20.888889,73739,62.641208,3.110972,34.242395,5.390635,21.190957,1.48768,3.53273,15.015912,13.976749,183874,5.457542,0.857109,2.709464,1.175805,0.103875,0.615095,0.105188,30.5,7.4,24.756083,11.732491,21.769255,11.452951,10.291286,4.740746,7.084199,2.564256,441.9
2022 to 2024,S12000038,Renfrewshire,Male,05 to 09,52.1,48.5,55.8,225,3124,22.666667,14.222222,24.888889,20.888889,73739,62.641208,3.110972,34.242395,5.390635,21.190957,1.48768,3.53273,15.015912,13.976749,183874,5.457542,0.857109,2.709464,1.175805,0.103875,0.615095,0.105188,30.5,7.4,24.756083,11.732491,21.769255,11.452951,10.291286,4.740746,7.084199,2.564256,441.9
2022 to 2024,S12000038,Renfrewshire,Male,10 to 14,47.7,44.5,50.8,225,3124,22.666667,14.222222,24.888889,20.888889,73739,62.641208,3.110972,34.242395,5.390635,21.190957,1.48768,3.53273,15.015912,13.976749,183874,5.457542,0.857109,2.709464,1.175805,0.103875,0.615095,0.105188,30.5,7.4,24.756083,11.732491,21.769255,11.452951,10.291286,4.740746,7.084199,2.564256,441.9
2022 to 2024,S12000038,Renfrewshire,Male,15 to 19,43.2,40.4,46.1,225,3124,22.666667,14.222222,24.888889,20.888889,73739,62.641208,3.110972,34.242395,5.390635,21.190957,1.48768,3.53273,15.015912,13.976749,183874,5.457542,0.857109,2.709464,1.175805,0.103875,0.615095,0.105188,30.5,7.4,24.756083,11.732491,21.769255,11.452951,10.291286,4.740746,7.084199,2.564256,441.9
2022 to 2024,S12000038,Renfrewshire,Male,20 to 24,38.9,36.2,41.7,225,3124,22.666667,14.222222,24.888889,20.888889,73739,62.641208,3.110972,34.242395,5.390635,21.190957,1.48768,3.53273,15.015912,13.976749,183874,5.457542,0.857109,2.709464,1.175805,0.103875,0.615095,0.105188,30.5,7.4,24.756083,11.732491,21.769255,11.452951,10.291286,4.740746,7.084199,2.564256,441.9
2022 to 2024,S12000038,Renfrewshire,Male,25 to 29,34.8,32.2,37.4,225,3124,22.666667,14.222222,24.888889,20.888889,73739,62.641208,3.110972,34.242395,5.390635,21.190957,1.48768,3.53273,15.015912,13.976749,183874,5.457542,0.857109,2.709464,1.175805,0.103875,0.615095,0.105188,30.5,7.4,24.756083,11.732491,21.769255,11.452951,10.291286,4.740746,7.084199,2.564256,441.9
2022 to 2024,S12000038,Renfrewshire,Male,30 to 34,30.8,28.3,33.3,225,3124,22.666667,14.222222,24.888889,20.888889,73739,62.641208,3.110972,34.242395,5.390635,21.190957,1.48768,3.53273,15.015912,13.976749,183874,5.457542,0.857109,2.709464,1.175805,0.103875,0.615095,0.105188,30.5,7.4,24.756083,11.732491,21.769255,11.452951,10.291286,4.740746,7.084199,2.564256,441.9
2022 to 2024,S12000038,Renfrewshire,Male,35 to 39,26.9,24.5,29.3,225,3124,22.666667,14.222222,24.888889,20.888889,73739,62.641208,3.110972,34.242395,5.390635,21.190957,1.48768,3.53273,15.015912,13.976749,183874,5.457542,0.857109,2.709464,1.175805,0.103875,0.615095,0.105188,30.5,7.4,24.756083,11.732491,21.769255,11.452951,10.291286,4.740746,7.084199,2.564256,441.9
2022 to 2024,S12000038,Renfrewshire,Male,40 to 44,23.2,21,25.5,225,3124,22.666667,14.222222,24.888889,20.888889,73739,62.641208,3.110972,34.242395,5.390635,21.190957,1.48768,3.53273,15.015912,13.976749,183874,5.457542,0.857109,2.709464,1.175805,0.103875,0.615095,0.105188,30.5,7.4,24.756083,11.732491,21.769255,11.452951,10.291286,4.740746,7.084199,2.564256,441.9
2022 to 2024,S12000038,Renfrewshire,Male,45 to 49,19.7,17.6,21.9,225,3124,22.666667,14.222222,24.888889,20.888889,73739,62.641208,3.110972,34.242395,5.390635,21.190957,1.48768,3.53273,15.015912,13.976749,183874,5.457542,0.857109,2.709464,1.175805,0.103875,0.615095,0.105188,30.5,7.4,24.756083,11.732491,21.769255,11.452951,10.291286,4.740746,7.084199,2.564256,441.9
2022 to 2024,S12000038,Renfrewshire,Male,50 to 54,16.5,14.5,18.5,225,3124,22.666667,14.222222,24.888889,20.888889,73739,62.641208,3.110972,34.242395,5.390635,21.190957,1.48768,3.53273,15.015912,13.976749,183874,5.457542,0.857109,2.709464,1.175805,0.103875,0.615095,0.105188,30.5,7.4,24.756083,11.732491,21.769255,11.452951,10.291286,4.740746,7.084199,2.564256,441.9
2022 to 2024,S12000038,Renfrewshire,Male,55 to 59,13.5,11.6,15.4,225,3124,22.666667,14.222222,24.888889,20.888889,73739,62.641208,3.110972,34.242395,5.390635,21.190957,1.48768,3.53273,15.015912,13.976749,183874,5.457542,0.857109,2.709464,1.175805,0.103875,0.615095,0.105188,30.5,7.4,24.756083,11.732491,21.769255,11.452951,10.291286,4.740746,7.084199,2.564256,441.9
2022 to 2024,S12000038,Renfrewshire,Male,60 to 64,10.8,9,12.7,225,3124,22.666667,14.222222,24.888889,20.888889,73739,62.641208,3.110972,34.242395,5.390635,21.190957,1.48768,3.53273,15.015912,13.976749,183874,5.457542,0.857109,2.709464,1.175805,0.103875,0.615095,0.105188,30.5,7.4,24.756083,11.732491,21.769255,11.452951,10.291286,4.740746,7.084199,2.564256,441.9
2022 to 2024,S12000038,Renfrewshire,Male,65 to 69,8.4,6.6,10.2,225,3124,22.666667,14.222222,24.888889,20.888889,73739,62.641208,3.110972,34.242395,5.390635,21.190957,1.48768,3.53273,15.015912,13.976749,183874,5.457542,0.857109,2.709464,1.175805,0.103875,0.615095,0.105188,30.5,7.4,24.756083,11.732491,21.769255,11.452951,10.291286,4.740746,7.084199,2.564256,441.9
2022 to 2024,S12000038,Renfrewshire,Male,70 to 74,6.2,4.4,8.1,225,3124,22.666667,14.222222,24.888889,20.888889,73739,62.641208,3.110972,34.242395,5.390635,21.190957,1.48768,3.53273,15.015912,13.976749,183874,5.457542,0.857109,2.709464,1.175805,0.103875,0.615095,0.105188,30.5,7.4,24.756083,11.732491,21.769255,11.452951,10.291286,4.740746,7.084199,2.564256,441.9
2022 to 2024,S12000038,Renfrewshire,Male,75 to 79,4.4,2.4,6.4,225,3124,22.666667,14.222222,24.888889,20.888889,73739,62.641208,3.110972,34.242395,5.390635,21.190957,1.48768,3.53273,15.015912,13.976749,183874,5.457542,0.857109,2.709464,1.175805,0.103875,0.615095,0.105188,30.5,7.4,24.756083,11.732491,21.769255,11.452951,10.291286,4.740746,7.084199,2.564256,441.9
2022 to 2024,S12000038,Renfrewshire,Male,80 to 84,2.9,0.7,5.2,225,3124,22.666667,14.222222,24.888889,20.888889,73739,62.641208,3.110972,34.242395,5.390635,21.190957,1.48768,3.53273,15.015912,13.976749,183874,5.457542,0.857109,2.709464,1.175805,0.103875,0.615095,0.105188,30.5,7.4,24.756083,11.732491,21.769255,11.452951,10.291286,4.740746,7.084199,2.564256,441.9
2022 to 2024,S12000038,Renfrewshire,Male,85 to 89,1.9,0.4,3.3,225,3124,22.666667,14.222222,24.888889,20.888889,73739,62.641208,3.110972,34.242395,5.390635,21.190957,1.48768,3.53273,15.015912,13.976749,183874,5.457542,0.857109,2.709464,1.175805,0.103875,0.615095,0.105188,30.5,7.4,24.756083,11.732491,21.769255,11.452951,10.291286,4.740746,7.084199,2.564256,441.9
2022 to 2024,S12000038,Renfrewshire,Male,90+,1.2,0.3,2.2,225,3124,22.666667,14.222222,24.888889,20.888889,73739,62.641208,3.110972,34.242395,5.390635,21.190957,1.48768,3.53273,15.015912,13.976749,183874,5.457542,0.857109,2.709464,1.175805,0.103875,0.615095,0.105188,30.5,7.4,24.756083,11.732491,21.769255,11.452951,10.291286,4.740746,7.084199,2.564256,441.9
2022 to 2024,S12000026,Scottish Borders,Female,<1,63,58.6,67.5,143,3961,4.895105,4.895105,6.293706,8.391608,51178,53.669546,1.541678,44.782915,4.304584,31.43929,4.482395,2.409238,45.698475,14.420941,116821,1.899487,0.721617,0.68652,0.142954,0.070193,0.281627,0.037519,32,5.1,23.586513,9.487164,21.992621,9.877505,9.18756,4.822763,8.49248,2.885611,224.7
2022 to 2024,S12000026,Scottish Borders,Female,01 to 04,62.1,57.9,66.4,143,3961,4.895105,4.895105,6.293706,8.391608,51178,53.669546,1.541678,44.782915,4.304584,31.43929,4.482395,2.409238,45.698475,14.420941,116821,1.899487,0.721617,0.68652,0.142954,0.070193,0.281627,0.037519,32,5.1,23.586513,9.487164,21.992621,9.877505,9.18756,4.822763,8.49248,2.885611,224.7
2022 to 2024,S12000026,Scottish Borders,Female,05 to 09,58.4,54.6,62.2,143,3961,4.895105,4.895105,6.293706,8.391608,51178,53.669546,1.541678,44.782915,4.304584,31.43929,4.482395,2.409238,45.698475,14.420941,116821,1.899487,0.721617,0.68652,0.142954,0.070193,0.281627,0.037519,32,5.1,23.586513,9.487164,21.992621,9.877505,9.18756,4.822763,8.49248,2.885611,224.7
2022 to 2024,S12000026,Scottish Borders,Female,10 to 14,53.8,50.5,57,143,3961,4.895105,4.895105,6.293706,8.391608,51178,53.669546,1.541678,44.782915,4.304584,31.43929,4.482395,2.409238,45.698475,14.420941,116821,1.899487,0.721617,0.68652,0.142954,0.070193,0.281627,0.037519,32,5.1,23.586513,9.487164,21.992621,9.877505,9.18756,4.822763,8.49248,2.885611,224.7
2022 to 2024,S12000026,Scottish Borders,Female,15 to 19,49.2,46.3,52.1,143,3961,4.895105,4.895105,6.293706,8.391608,51178,53.669546,1.541678,44.782915,4.304584,31.43929,4.482395,2.409238,45.698475,14.420941,116821,1.899487,0.721617,0.68652,0.142954,0.070193,0.281627,0.037519,32,5.1,23.586513,9.487164,21.992621,9.877505,9.18756,4.822763,8.49248,2.885611,224.7
2022 to 2024,S12000026,Scottish Borders,Female,20 to 24,44.9,42.1,47.6,143,3961,4.895105,4.895105,6.293706,8.391608,51178,53.669546,1.541678,44.782915,4.304584,31.43929,4.482395,2.409238,45.698475,14.420941,116821,1.899487,0.721617,0.68652,0.142954,0.070193,0.281627,0.037519,32,5.1,23.586513,9.487164,21.992621,9.877505,9.18756,4.822763,8.49248,2.885611,224.7
2022 to 2024,S12000026,Scottish Borders,Female,25 to 29,40.6,38,43.3,143,3961,4.895105,4.895105,6.293706,8.391608,51178,53.669546,1.541678,44.782915,4.304584,31.43929,4.482395,2.409238,45.698475,14.420941,116821,1.899487,0.721617,0.68652,0.142954,0.070193,0.281627,0.037519,32,5.1,23.586513,9.487164,21.992621,9.877505,9.18756,4.822763,8.49248,2.885611,224.7
2022 to 2024,S12000026,Scottish Borders,Female,30 to 34,36.5,34.1,39,143,3961,4.895105,4.895105,6.293706,8.391608,51178,53.669546,1.541678,44.782915,4.304584,31.43929,4.482395,2.409238,45.698475,14.420941,116821,1.899487,0.721617,0.68652,0.142954,0.070193,0.281627,0.037519,32,5.1,23.586513,9.487164,21.992621,9.877505,9.18756,4.822763,8.49248,2.885611,224.7
2022 to 2024,S12000026,Scottish Borders,Female,35 to 39,32.5,30.2,34.9,143,3961,4.895105,4.895105,6.293706,8.391608,51178,53.669546,1.541678,44.782915,4.304584,31.43929,4.482395,2.409238,45.698475,14.420941,116821,1.899487,0.721617,0.68652,0.142954,0.070193,0.281627,0.037519,32,5.1,23.586513,9.487164,21.992621,9.877505,9.18756,4.822763,8.49248,2.885611,224.7
2022 to 2024,S12000026,Scottish Borders,Female,40 to 44,28.7,26.5,30.8,143,3961,4.895105,4.895105,6.293706,8.391608,51178,53.669546,1.541678,44.782915,4.304584,31.43929,4.482395,2.409238,45.698475,14.420941,116821,1.899487,0.721617,0.68652,0.142954,0.070193,0.281627,0.037519,32,5.1,23.586513,9.487164,21.992621,9.877505,9.18756,4.822763,8.49248,2.885611,224.7
2022 to 2024,S12000026,Scottish Borders,Female,45 to 49,25,23,27.1,143,3961,4.895105,4.895105,6.293706,8.391608,51178,53.669546,1.541678,44.782915,4.304584,31.43929,4.482395,2.409238,45.698475,14.420941,116821,1.899487,0.721617,0.68652,0.142954,0.070193,0.281627,0.037519,32,5.1,23.586513,9.487164,21.992621,9.877505,9.18756,4.822763,8.49248,2.885611,224.7
2022 to 2024,S12000026,Scottish Borders,Female,50 to 54,21.5,19.5,23.4,143,3961,4.895105,4.895105,6.293706,8.391608,51178,53.669546,1.541678,44.782915,4.304584,31.43929,4.482395,2.409238,45.698475,14.420941,116821,1.899487,0.721617,0.68652,0.142954,0.070193,0.281627,0.037519,32,5.1,23.586513,9.487164,21.992621,9.877505,9.18756,4.822763,8.49248,2.885611,224.7
2022 to 2024,S12000026,Scottish Borders,Female,55 to 59,18,16.2,19.9,143,3961,4.895105,4.895105,6.293706,8.391608,51178,53.669546,1.541678,44.782915,4.304584,31.43929,4.482395,2.409238,45.698475,14.420941,116821,1.899487,0.721617,0.68652,0.142954,0.070193,0.281627,0.037519,32,5.1,23.586513,9.487164,21.992621,9.877505,9.18756,4.822763,8.49248,2.885611,224.7
2022 to 2024,S12000026,Scottish Borders,Female,60 to 64,14.8,13,16.6,143,3961,4.895105,4.895105,6.293706,8.391608,51178,53.669546,1.541678,44.782915,4.304584,31.43929,4.482395,2.409238,45.698475,14.420941,116821,1.899487,0.721617,0.68652,0.142954,0.070193,0.281627,0.037519,32,5.1,23.586513,9.487164,21.992621,9.877505,9.18756,4.822763,8.49248,2.885611,224.7
2022 to 2024,S12000026,Scottish Borders,Female,65 to 69,11.8,10,13.6,143,3961,4.895105,4.895105,6.293706,8.391608,51178,53.669546,1.541678,44.782915,4.304584,31.43929,4.482395,2.409238,45.698475,14.420941,116821,1.899487,0.721617,0.68652,0.142954,0.070193,0.281627,0.037519,32,5.1,23.586513,9.487164,21.992621,9.877505,9.18756,4.822763,8.49248,2.885611,224.7
2022 to 2024,S12000026,Scottish Borders,Female,70 to 74,9,7.3,10.7,143,3961,4.895105,4.895105,6.293706,8.391608,51178,53.669546,1.541678,44.782915,4.304584,31.43929,4.482395,2.409238,45.698475,14.420941,116821,1.899487,0.721617,0.68652,0.142954,0.070193,0.281627,0.037519,32,5.1,23.586513,9.487164,21.992621,9.877505,9.18756,4.822763,8.49248,2.885611,224.7
2022 to 2024,S12000026,Scottish Borders,Female,75 to 79,6.5,4.7,8.2,143,3961,4.895105,4.895105,6.293706,8.391608,51178,53.669546,1.541678,44.782915,4.304584,31.43929,4.482395,2.409238,45.698475,14.420941,116821,1.899487,0.721617,0.68652,0.142954,0.070193,0.281627,0.037519,32,5.1,23.586513,9.487164,21.992621,9.877505,9.18756,4.822763,8.49248,2.885611,224.7
2022 to 2024,S12000026,Scottish Borders,Female,80 to 84,4.3,2.5,6.1,143,3961,4.895105,4.895105,6.293706,8.391608,51178,53.669546,1.541678,44.782915,4.304584,31.43929,4.482395,2.409238,45.698475,14.420941,116821,1.899487,0.721617,0.68652,0.142954,0.070193,0.281627,0.037519,32,5.1,23.586513,9.487164,21.992621,9.877505,9.18756,4.822763,8.49248,2.885611,224.7
2022 to 2024,S12000026,Scottish Borders,Female,85 to 89,2.7,1.6,3.8,143,3961,4.895105,4.895105,6.293706,8.391608,51178,53.669546,1.541678,44.782915,4.304584,31.43929,4.482395,2.409238,45.698475,14.420941,116821,1.899487,0.721617,0.68652,0.142954,0.070193,0.281627,0.037519,32,5.1,23.586513,9.487164,21.992621,9.877505,9.18756,4.822763,8.49248,2.885611,224.7
2022 to 2024,S12000026,Scottish Borders,Female,90+,1.6,1,2.3,143,3961,4.895105,4.895105,6.293706,8.391608,51178,53.669546,1.541678,44.782915,4.304584,31.43929,4.482395,2.409238,45.698475,14.420941,116821,1.899487,0.721617,0.68652,0.142954,0.070193,0.281627,0.037519,32,5.1,23.586513,9.487164,21.992621,9.877505,9.18756,4.822763,8.49248,2.885611,224.7
2022 to 2024,S12000026,Scottish Borders,Male,<1,62.3,58.6,66,143,3961,4.895105,4.895105,6.293706,8.391608,47421,59.827924,2.338626,37.848211,4.067818,27.861074,1.172476,1.617427,15.833069,23.904691,116821,1.899487,0.721617,0.68652,0.142954,0.070193,0.281627,0.037519,32,5.1,23.586513,9.487164,21.992621,9.877505,9.18756,4.822763,8.49248,2.885611,224.7
2022 to 2024,S12000026,Scottish Borders,Male,01 to 04,61.6,58,65.3,143,3961,4.895105,4.895105,6.293706,8.391608,47421,59.827924,2.338626,37.848211,4.067818,27.861074,1.172476,1.617427,15.833069,23.904691,116821,1.899487,0.721617,0.68652,0.142954,0.070193,0.281627,0.037519,32,5.1,23.586513,9.487164,21.992621,9.877505,9.18756,4.822763,8.49248,2.885611,224.7
2022 to 2024,S12000026,Scottish Borders,Male,05 to 09,57.9,54.6,61.3,143,3961,4.895105,4.895105,6.293706,8.391608,47421,59.827924,2.338626,37.848211,4.067818,27.861074,1.172476,1.617427,15.833069,23.904691,116821,1.899487,0.721617,0.68652,0.142954,0.070193,0.281627,0.037519,32,5.1,23.586513,9.487164,21.992621,9.877505,9.18756,4.822763,8.49248,2.885611,224.7
2022 to 2024,S12000026,Scottish Borders,Male,10 to 14,53.3,50.3,56.4,143,3961,4.895105,4.895105,6.293706,8.391608,47421,59.827924,2.338626,37.848211,4.067818,27.861074,1.172476,1.617427,15.833069,23.904691,116821,1.899487,0.721617,0.68652,0.142954,0.070193,0.281627,0.037519,32,5.1,23.586513,9.487164,21.992621,9.877505,9.18756,4.822763,8.49248,2.885611,224.7
2022 to 2024,S12000026,Scottish Borders,Male,15 to 19,48.7,45.8,51.6,143,3961,4.895105,4.895105,6.293706,8.391608,47421,59.827924,2.338626,37.848211,4.067818,27.861074,1.172476,1.617427,15.833069,23.904691,116821,1.899487,0.721617,0.68652,0.142954,0.070193,0.281627,0.037519,32,5.1,23.586513,9.487164,21.992621,9.877505,9.18756,4.822763,8.49248,2.885611,224.7
2022 to 2024,S12000026,Scottish Borders,Male,20 to 24,44.2,41.4,47,143,3961,4.895105,4.895105,6.293706,8.391608,47421,59.827924,2.338626,37.848211,4.067818,27.861074,1.172476,1.617427,15.833069,23.904691,116821,1.899487,0.721617,0.68652,0.142954,0.070193,0.281627,0.037519,32,5.1,23.586513,9.487164,21.992621,9.877505,9.18756,4.822763,8.49248,2.885611,224.7
2022 to 2024,S12000026,Scottish Borders,Male,25 to 29,40.1,37.4,42.8,143,3961,4.895105,4.895105,6.293706,8.391608,47421,59.827924,2.338626,37.848211,4.067818,27.861074,1.172476,1.617427,15.833069,23.904691,116821,1.899487,0.721617,0.68652,0.142954,0.070193,0.281627,0.037519,32,5.1,23.586513,9.487164,21.992621,9.877505,9.18756,4.822763,8.49248,2.885611,224.7
2022 to 2024,S12000026,Scottish Borders,Male,30 to 34,36,33.5,38.4,143,3961,4.895105,4.895105,6.293706,8.391608,47421,59.827924,2.338626,37.848211,4.067818,27.861074,1.172476,1.617427,15.833069,23.904691,116821,1.899487,0.721617,0.68652,0.142954,0.070193,0.281627,0.037519,32,5.1,23.586513,9.487164,21.992621,9.877505,9.18756,4.822763,8.49248,2.885611,224.7
2022 to 2024,S12000026,Scottish Borders,Male,35 to 39,31.9,29.6,34.2,143,3961,4.895105,4.895105,6.293706,8.391608,47421,59.827924,2.338626,37.848211,4.067818,27.861074,1.172476,1.617427,15.833069,23.904691,116821,1.899487,0.721617,0.68652,0.142954,0.070193,0.281627,0.037519,32,5.1,23.586513,9.487164,21.992621,9.877505,9.18756,4.822763,8.49248,2.885611,224.7
2022 to 2024,S12000026,Scottish Borders,Male,40 to 44,27.9,25.7,30,143,3961,4.895105,4.895105,6.293706,8.391608,47421,59.827924,2.338626,37.848211,4.067818,27.861074,1.172476,1.617427,15.833069,23.904691,116821,1.899487,0.721617,0.68652,0.142954,0.070193,0.281627,0.037519,32,5.1,23.586513,9.487164,21.992621,9.877505,9.18756,4.822763,8.49248,2.885611,224.7
2022 to 2024,S12000026,Scottish Borders,Male,45 to 49,24.1,22.2,26,143,3961,4.895105,4.895105,6.293706,8.391608,47421,59.827924,2.338626,37.848211,4.067818,27.861074,1.172476,1.617427,15.833069,23.904691,116821,1.899487,0.721617,0.68652,0.142954,0.070193,0.281627,0.037519,32,5.1,23.586513,9.487164,21.992621,9.877505,9.18756,4.822763,8.49248,2.885611,224.7
2022 to 2024,S12000026,Scottish Borders,Male,50 to 54,20.4,18.6,22.1,143,3961,4.895105,4.895105,6.293706,8.391608,47421,59.827924,2.338626,37.848211,4.067818,27.861074,1.172476,1.617427,15.833069,23.904691,116821,1.899487,0.721617,0.68652,0.142954,0.070193,0.281627,0.037519,32,5.1,23.586513,9.487164,21.992621,9.877505,9.18756,4.822763,8.49248,2.885611,224.7
2022 to 2024,S12000026,Scottish Borders,Male,55 to 59,17,15.3,18.7,143,3961,4.895105,4.895105,6.293706,8.391608,47421,59.827924,2.338626,37.848211,4.067818,27.861074,1.172476,1.617427,15.833069,23.904691,116821,1.899487,0.721617,0.68652,0.142954,0.070193,0.281627,0.037519,32,5.1,23.586513,9.487164,21.992621,9.877505,9.18756,4.822763,8.49248,2.885611,224.7
2022 to 2024,S12000026,Scottish Borders,Male,60 to 64,13.8,12.2,15.4,143,3961,4.895105,4.895105,6.293706,8.391608,47421,59.827924,2.338626,37.848211,4.067818,27.861074,1.172476,1.617427,15.833069,23.904691,116821,1.899487,0.721617,0.68652,0.142954,0.070193,0.281627,0.037519,32,5.1,23.586513,9.487164,21.992621,9.877505,9.18756,4.822763,8.49248,2.885611,224.7
2022 to 2024,S12000026,Scottish Borders,Male,65 to 69,10.9,9.3,12.5,143,3961,4.895105,4.895105,6.293706,8.391608,47421,59.827924,2.338626,37.848211,4.067818,27.861074,1.172476,1.617427,15.833069,23.904691,116821,1.899487,0.721617,0.68652,0.142954,0.070193,0.281627,0.037519,32,5.1,23.586513,9.487164,21.992621,9.877505,9.18756,4.822763,8.49248,2.885611,224.7
2022 to 2024,S12000026,Scottish Borders,Male,70 to 74,8.1,6.6,9.7,143,3961,4.895105,4.895105,6.293706,8.391608,47421,59.827924,2.338626,37.848211,4.067818,27.861074,1.172476,1.617427,15.833069,23.904691,116821,1.899487,0.721617,0.68652,0.142954,0.070193,0.281627,0.037519,32,5.1,23.586513,9.487164,21.992621,9.877505,9.18756,4.822763,8.49248,2.885611,224.7
2022 to 2024,S12000026,Scottish Borders,Male,75 to 79,5.8,4.3,7.4,143,3961,4.895105,4.895105,6.293706,8.391608,47421,59.827924,2.338626,37.848211,4.067818,27.861074,1.172476,1.617427,15.833069,23.904691,116821,1.899487,0.721617,0.68652,0.142954,0.070193,0.281627,0.037519,32,5.1,23.586513,9.487164,21.992621,9.877505,9.18756,4.822763,8.49248,2.885611,224.7
2022 to 2024,S12000026,Scottish Borders,Male,80 to 84,3.9,2.2,5.7,143,3961,4.895105,4.895105,6.293706,8.391608,47421,59.827924,2.338626,37.848211,4.067818,27.861074,1.172476,1.617427,15.833069,23.904691,116821,1.899487,0.721617,0.68652,0.142954,0.070193,0.281627,0.037519,32,5.1,23.586513,9.487164,21.992621,9.877505,9.18756,4.822763,8.49248,2.885611,224.7
2022 to 2024,S12000026,Scottish Borders,Male,85 to 89,2.5,1.4,3.6,143,3961,4.895105,4.895105,6.293706,8.391608,47421,59.827924,2.338626,37.848211,4.067818,27.861074,1.172476,1.617427,15.833069,23.904691,116821,1.899487,0.721617,0.68652,0.142954,0.070193,0.281627,0.037519,32,5.1,23.586513,9.487164,21.992621,9.877505,9.18756,4.822763,8.49248,2.885611,224.7
2022 to 2024,S12000026,Scottish Borders,Male,90+,1.6,0.9,2.3,143,3961,4.895105,4.895105,6.293706,8.391608,47421,59.827924,2.338626,37.848211,4.067818,27.861074,1.172476,1.617427,15.833069,23.904691,116821,1.899487,0.721617,0.68652,0.142954,0.070193,0.281627,0.037519,32,5.1,23.586513,9.487164,21.992621,9.877505,9.18756,4.822763,8.49248,2.885611,224.7
2022 to 2024,S12000027,Shetland Islands,Female,<1,70.8,58.8,82.8,30,4446,0,0,0,0,9438,62.958254,1.080737,35.918627,3.485908,25.577453,3.475313,2.436957,48.670481,9.407607,22986,2.440616,0.852693,1.10067,0.18707,0.026103,0.282781,0.048011,29.6,4.8,21.987297,8.566084,21.987297,9.35352,8.191943,5.498999,7.626381,2.988776,257.3
2022 to 2024,S12000027,Shetland Islands,Female,01 to 04,69.8,58,81.5,30,4446,0,0,0,0,9438,62.958254,1.080737,35.918627,3.485908,25.577453,3.475313,2.436957,48.670481,9.407607,22986,2.440616,0.852693,1.10067,0.18707,0.026103,0.282781,0.048011,29.6,4.8,21.987297,8.566084,21.987297,9.35352,8.191943,5.498999,7.626381,2.988776,257.3
2022 to 2024,S12000027,Shetland Islands,Female,05 to 09,65.8,54.9,76.7,30,4446,0,0,0,0,9438,62.958254,1.080737,35.918627,3.485908,25.577453,3.475313,2.436957,48.670481,9.407607,22986,2.440616,0.852693,1.10067,0.18707,0.026103,0.282781,0.048011,29.6,4.8,21.987297,8.566084,21.987297,9.35352,8.191943,5.498999,7.626381,2.988776,257.3
2022 to 2024,S12000027,Shetland Islands,Female,10 to 14,60.9,50.9,70.9,30,4446,0,0,0,0,9438,62.958254,1.080737,35.918627,3.485908,25.577453,3.475313,2.436957,48.670481,9.407607,22986,2.440616,0.852693,1.10067,0.18707,0.026103,0.282781,0.048011,29.6,4.8,21.987297,8.566084,21.987297,9.35352,8.191943,5.498999,7.626381,2.988776,257.3
2022 to 2024,S12000027,Shetland Islands,Female,15 to 19,56.1,46.6,65.5,30,4446,0,0,0,0,9438,62.958254,1.080737,35.918627,3.485908,25.577453,3.475313,2.436957,48.670481,9.407607,22986,2.440616,0.852693,1.10067,0.18707,0.026103,0.282781,0.048011,29.6,4.8,21.987297,8.566084,21.987297,9.35352,8.191943,5.498999,7.626381,2.988776,257.3
2022 to 2024,S12000027,Shetland Islands,Female,20 to 24,51.4,42.2,60.7,30,4446,0,0,0,0,9438,62.958254,1.080737,35.918627,3.485908,25.577453,3.475313,2.436957,48.670481,9.407607,22986,2.440616,0.852693,1.10067,0.18707,0.026103,0.282781,0.048011,29.6,4.8,21.987297,8.566084,21.987297,9.35352,8.191943,5.498999,7.626381,2.988776,257.3
2022 to 2024,S12000027,Shetland Islands,Female,25 to 29,47.1,38.2,55.9,30,4446,0,0,0,0,9438,62.958254,1.080737,35.918627,3.485908,25.577453,3.475313,2.436957,48.670481,9.407607,22986,2.440616,0.852693,1.10067,0.18707,0.026103,0.282781,0.048011,29.6,4.8,21.987297,8.566084,21.987297,9.35352,8.191943,5.498999,7.626381,2.988776,257.3
2022 to 2024,S12000027,Shetland Islands,Female,30 to 34,42.7,33.8,51.6,30,4446,0,0,0,0,9438,62.958254,1.080737,35.918627,3.485908,25.577453,3.475313,2.436957,48.670481,9.407607,22986,2.440616,0.852693,1.10067,0.18707,0.026103,0.282781,0.048011,29.6,4.8,21.987297,8.566084,21.987297,9.35352,8.191943,5.498999,7.626381,2.988776,257.3
2022 to 2024,S12000027,Shetland Islands,Female,35 to 39,38.3,29.9,46.7,30,4446,0,0,0,0,9438,62.958254,1.080737,35.918627,3.485908,25.577453,3.475313,2.436957,48.670481,9.407607,22986,2.440616,0.852693,1.10067,0.18707,0.026103,0.282781,0.048011,29.6,4.8,21.987297,8.566084,21.987297,9.35352,8.191943,5.498999,7.626381,2.988776,257.3
2022 to 2024,S12000027,Shetland Islands,Female,40 to 44,34.3,26.5,42.1,30,4446,0,0,0,0,9438,62.958254,1.080737,35.918627,3.485908,25.577453,3.475313,2.436957,48.670481,9.407607,22986,2.440616,0.852693,1.10067,0.18707,0.026103,0.282781,0.048011,29.6,4.8,21.987297,8.566084,21.987297,9.35352,8.191943,5.498999,7.626381,2.988776,257.3
2022 to 2024,S12000027,Shetland Islands,Female,45 to 49,30,22.6,37.4,30,4446,0,0,0,0,9438,62.958254,1.080737,35.918627,3.485908,25.577453,3.475313,2.436957,48.670481,9.407607,22986,2.440616,0.852693,1.10067,0.18707,0.026103,0.282781,0.048011,29.6,4.8,21.987297,8.566084,21.987297,9.35352,8.191943,5.498999,7.626381,2.988776,257.3
2022 to 2024,S12000027,Shetland Islands,Female,50 to 54,26.1,18.9,33.2,30,4446,0,0,0,0,9438,62.958254,1.080737,35.918627,3.485908,25.577453,3.475313,2.436957,48.670481,9.407607,22986,2.440616,0.852693,1.10067,0.18707,0.026103,0.282781,0.048011,29.6,4.8,21.987297,8.566084,21.987297,9.35352,8.191943,5.498999,7.626381,2.988776,257.3
2022 to 2024,S12000027,Shetland Islands,Female,55 to 59,22.1,15.1,29,30,4446,0,0,0,0,9438,62.958254,1.080737,35.918627,3.485908,25.577453,3.475313,2.436957,48.670481,9.407607,22986,2.440616,0.852693,1.10067,0.18707,0.026103,0.282781,0.048011,29.6,4.8,21.987297,8.566084,21.987297,9.35352,8.191943,5.498999,7.626381,2.988776,257.3
2022 to 2024,S12000027,Shetland Islands,Female,60 to 64,18.4,11.4,25.3,30,4446,0,0,0,0,9438,62.958254,1.080737,35.918627,3.485908,25.577453,3.475313,2.436957,48.670481,9.407607,22986,2.440616,0.852693,1.10067,0.18707,0.026103,0.282781,0.048011,29.6,4.8,21.987297,8.566084,21.987297,9.35352,8.191943,5.498999,7.626381,2.988776,257.3
2022 to 2024,S12000027,Shetland Islands,Female,65 to 69,14.6,7.9,21.3,30,4446,0,0,0,0,9438,62.958254,1.080737,35.918627,3.485908,25.577453,3.475313,2.436957,48.670481,9.407607,22986,2.440616,0.852693,1.10067,0.18707,0.026103,0.282781,0.048011,29.6,4.8,21.987297,8.566084,21.987297,9.35352,8.191943,5.498999,7.626381,2.988776,257.3
2022 to 2024,S12000027,Shetland Islands,Female,70 to 74,10.9,4.2,17.7,30,4446,0,0,0,0,9438,62.958254,1.080737,35.918627,3.485908,25.577453,3.475313,2.436957,48.670481,9.407607,22986,2.440616,0.852693,1.10067,0.18707,0.026103,0.282781,0.048011,29.6,4.8,21.987297,8.566084,21.987297,9.35352,8.191943,5.498999,7.626381,2.988776,257.3
2022 to 2024,S12000027,Shetland Islands,Female,75 to 79,7.7,0.4,14.9,30,4446,0,0,0,0,9438,62.958254,1.080737,35.918627,3.485908,25.577453,3.475313,2.436957,48.670481,9.407607,22986,2.440616,0.852693,1.10067,0.18707,0.026103,0.282781,0.048011,29.6,4.8,21.987297,8.566084,21.987297,9.35352,8.191943,5.498999,7.626381,2.988776,257.3
2022 to 2024,S12000027,Shetland Islands,Female,80 to 84,5.1,-3.1,13.2,30,4446,0,0,0,0,9438,62.958254,1.080737,35.918627,3.485908,25.577453,3.475313,2.436957,48.670481,9.407607,22986,2.440616,0.852693,1.10067,0.18707,0.026103,0.282781,0.048011,29.6,4.8,21.987297,8.566084,21.987297,9.35352,8.191943,5.498999,7.626381,2.988776,257.3
2022 to 2024,S12000027,Shetland Islands,Female,85 to 89,3,-1.8,7.8,30,4446,0,0,0,0,9438,62.958254,1.080737,35.918627,3.485908,25.577453,3.475313,2.436957,48.670481,9.407607,22986,2.440616,0.852693,1.10067,0.18707,0.026103,0.282781,0.048011,29.6,4.8,21.987297,8.566084,21.987297,9.35352,8.191943,5.498999,7.626381,2.988776,257.3
2022 to 2024,S12000027,Shetland Islands,Female,90+,1.8,-1.1,4.6,30,4446,0,0,0,0,9438,62.958254,1.080737,35.918627,3.485908,25.577453,3.475313,2.436957,48.670481,9.407607,22986,2.440616,0.852693,1.10067,0.18707,0.026103,0.282781,0.048011,29.6,4.8,21.987297,8.566084,21.987297,9.35352,8.191943,5.498999,7.626381,2.988776,257.3
2022 to 2024,S12000027,Shetland Islands,Male,<1,68.3,58,78.7,30,4446,0,0,0,0,9361,68.454225,1.367375,30.199765,3.001816,21.845957,0.89734,1.645123,12.890137,18.086767,22986,2.440616,0.852693,1.10067,0.18707,0.026103,0.282781,0.048011,29.6,4.8,21.987297,8.566084,21.987297,9.35352,8.191943,5.498999,7.626381,2.988776,257.3
2022 to 2024,S12000027,Shetland Islands,Male,01 to 04,67.3,57.2,77.5,30,4446,0,0,0,0,9361,68.454225,1.367375,30.199765,3.001816,21.845957,0.89734,1.645123,12.890137,18.086767,22986,2.440616,0.852693,1.10067,0.18707,0.026103,0.282781,0.048011,29.6,4.8,21.987297,8.566084,21.987297,9.35352,8.191943,5.498999,7.626381,2.988776,257.3
2022 to 2024,S12000027,Shetland Islands,Male,05 to 09,63.5,54,72.9,30,4446,0,0,0,0,9361,68.454225,1.367375,30.199765,3.001816,21.845957,0.89734,1.645123,12.890137,18.086767,22986,2.440616,0.852693,1.10067,0.18707,0.026103,0.282781,0.048011,29.6,4.8,21.987297,8.566084,21.987297,9.35352,8.191943,5.498999,7.626381,2.988776,257.3
2022 to 2024,S12000027,Shetland Islands,Male,10 to 14,58.6,49.7,67.4,30,4446,0,0,0,0,9361,68.454225,1.367375,30.199765,3.001816,21.845957,0.89734,1.645123,12.890137,18.086767,22986,2.440616,0.852693,1.10067,0.18707,0.026103,0.282781,0.048011,29.6,4.8,21.987297,8.566084,21.987297,9.35352,8.191943,5.498999,7.626381,2.988776,257.3
2022 to 2024,S12000027,Shetland Islands,Male,15 to 19,53.8,45.4,62.3,30,4446,0,0,0,0,9361,68.454225,1.367375,30.199765,3.001816,21.845957,0.89734,1.645123,12.890137,18.086767,22986,2.440616,0.852693,1.10067,0.18707,0.026103,0.282781,0.048011,29.6,4.8,21.987297,8.566084,21.987297,9.35352,8.191943,5.498999,7.626381,2.988776,257.3
2022 to 2024,S12000027,Shetland Islands,Male,20 to 24,49.2,40.9,57.5,30,4446,0,0,0,0,9361,68.454225,1.367375,30.199765,3.001816,21.845957,0.89734,1.645123,12.890137,18.086767,22986,2.440616,0.852693,1.10067,0.18707,0.026103,0.282781,0.048011,29.6,4.8,21.987297,8.566084,21.987297,9.35352,8.191943,5.498999,7.626381,2.988776,257.3
2022 to 2024,S12000027,Shetland Islands,Male,25 to 29,44.7,36.9,52.5,30,4446,0,0,0,0,9361,68.454225,1.367375,30.199765,3.001816,21.845957,0.89734,1.645123,12.890137,18.086767,22986,2.440616,0.852693,1.10067,0.18707,0.026103,0.282781,0.048011,29.6,4.8,21.987297,8.566084,21.987297,9.35352,8.191943,5.498999,7.626381,2.988776,257.3
2022 to 2024,S12000027,Shetland Islands,Male,30 to 34,40.6,33,48.1,30,4446,0,0,0,0,9361,68.454225,1.367375,30.199765,3.001816,21.845957,0.89734,1.645123,12.890137,18.086767,22986,2.440616,0.852693,1.10067,0.18707,0.026103,0.282781,0.048011,29.6,4.8,21.987297,8.566084,21.987297,9.35352,8.191943,5.498999,7.626381,2.988776,257.3
2022 to 2024,S12000027,Shetland Islands,Male,35 to 39,36.1,29,43.3,30,4446,0,0,0,0,9361,68.454225,1.367375,30.199765,3.001816,21.845957,0.89734,1.645123,12.890137,18.086767,22986,2.440616,0.852693,1.10067,0.18707,0.026103,0.282781,0.048011,29.6,4.8,21.987297,8.566084,21.987297,9.35352,8.191943,5.498999,7.626381,2.988776,257.3
2022 to 2024,S12000027,Shetland Islands,Male,40 to 44,32.1,25.6,38.6,30,4446,0,0,0,0,9361,68.454225,1.367375,30.199765,3.001816,21.845957,0.89734,1.645123,12.890137,18.086767,22986,2.440616,0.852693,1.10067,0.18707,0.026103,0.282781,0.048011,29.6,4.8,21.987297,8.566084,21.987297,9.35352,8.191943,5.498999,7.626381,2.988776,257.3
2022 to 2024,S12000027,Shetland Islands,Male,45 to 49,28,21.4,34.6,30,4446,0,0,0,0,9361,68.454225,1.367375,30.199765,3.001816,21.845957,0.89734,1.645123,12.890137,18.086767,22986,2.440616,0.852693,1.10067,0.18707,0.026103,0.282781,0.048011,29.6,4.8,21.987297,8.566084,21.987297,9.35352,8.191943,5.498999,7.626381,2.988776,257.3
2022 to 2024,S12000027,Shetland Islands,Male,50 to 54,24.2,17.6,30.7,30,4446,0,0,0,0,9361,68.454225,1.367375,30.199765,3.001816,21.845957,0.89734,1.645123,12.890137,18.086767,22986,2.440616,0.852693,1.10067,0.18707,0.026103,0.282781,0.048011,29.6,4.8,21.987297,8.566084,21.987297,9.35352,8.191943,5.498999,7.626381,2.988776,257.3
2022 to 2024,S12000027,Shetland Islands,Male,55 to 59,20.2,14.5,25.9,30,4446,0,0,0,0,9361,68.454225,1.367375,30.199765,3.001816,21.845957,0.89734,1.645123,12.890137,18.086767,22986,2.440616,0.852693,1.10067,0.18707,0.026103,0.282781,0.048011,29.6,4.8,21.987297,8.566084,21.987297,9.35352,8.191943,5.498999,7.626381,2.988776,257.3
2022 to 2024,S12000027,Shetland Islands,Male,60 to 64,16.6,11,22.2,30,4446,0,0,0,0,9361,68.454225,1.367375,30.199765,3.001816,21.845957,0.89734,1.645123,12.890137,18.086767,22986,2.440616,0.852693,1.10067,0.18707,0.026103,0.282781,0.048011,29.6,4.8,21.987297,8.566084,21.987297,9.35352,8.191943,5.498999,7.626381,2.988776,257.3
2022 to 2024,S12000027,Shetland Islands,Male,65 to 69,13.1,7.5,18.7,30,4446,0,0,0,0,9361,68.454225,1.367375,30.199765,3.001816,21.845957,0.89734,1.645123,12.890137,18.086767,22986,2.440616,0.852693,1.10067,0.18707,0.026103,0.282781,0.048011,29.6,4.8,21.987297,8.566084,21.987297,9.35352,8.191943,5.498999,7.626381,2.988776,257.3
2022 to 2024,S12000027,Shetland Islands,Male,70 to 74,9.8,4.1,15.6,30,4446,0,0,0,0,9361,68.454225,1.367375,30.199765,3.001816,21.845957,0.89734,1.645123,12.890137,18.086767,22986,2.440616,0.852693,1.10067,0.18707,0.026103,0.282781,0.048011,29.6,4.8,21.987297,8.566084,21.987297,9.35352,8.191943,5.498999,7.626381,2.988776,257.3
2022 to 2024,S12000027,Shetland Islands,Male,75 to 79,7,0.8,13.3,30,4446,0,0,0,0,9361,68.454225,1.367375,30.199765,3.001816,21.845957,0.89734,1.645123,12.890137,18.086767,22986,2.440616,0.852693,1.10067,0.18707,0.026103,0.282781,0.048011,29.6,4.8,21.987297,8.566084,21.987297,9.35352,8.191943,5.498999,7.626381,2.988776,257.3
2022 to 2024,S12000027,Shetland Islands,Male,80 to 84,4.5,-2.4,11.5,30,4446,0,0,0,0,9361,68.454225,1.367375,30.199765,3.001816,21.845957,0.89734,1.645123,12.890137,18.086767,22986,2.440616,0.852693,1.10067,0.18707,0.026103,0.282781,0.048011,29.6,4.8,21.987297,8.566084,21.987297,9.35352,8.191943,5.498999,7.626381,2.988776,257.3
2022 to 2024,S12000027,Shetland Islands,Male,85 to 89,2.6,-1.4,6.6,30,4446,0,0,0,0,9361,68.454225,1.367375,30.199765,3.001816,21.845957,0.89734,1.645123,12.890137,18.086767,22986,2.440616,0.852693,1.10067,0.18707,0.026103,0.282781,0.048011,29.6,4.8,21.987297,8.566084,21.987297,9.35352,8.191943,5.498999,7.626381,2.988776,257.3
2022 to 2024,S12000027,Shetland Islands,Male,90+,1.4,-0.8,3.6,30,4446,0,0,0,0,9361,68.454225,1.367375,30.199765,3.001816,21.845957,0.89734,1.645123,12.890137,18.086767,22986,2.440616,0.852693,1.10067,0.18707,0.026103,0.282781,0.048011,29.6,4.8,21.987297,8.566084,21.987297,9.35352,8.191943,5.498999,7.626381,2.988776,257.3
2022 to 2024,S12000028,South Ayrshire,Female,<1,58,53,63.1,153,3048,13.071895,16.339869,18.300654,20.261438,49788,49.021853,2.006508,48.975657,5.764441,33.182695,5.125733,3.050936,44.38071,9.993035,111519,2.247151,0.565823,1.143303,0.121952,0.063666,0.352406,0.044261,30.5,6.6,26.511177,12.148602,24.154628,10.813404,10.938046,4.587559,8.20757,2.905335,361.4
2022 to 2024,S12000028,South Ayrshire,Female,01 to 04,57.2,52.3,62.1,153,3048,13.071895,16.339869,18.300654,20.261438,49788,49.021853,2.006508,48.975657,5.764441,33.182695,5.125733,3.050936,44.38071,9.993035,111519,2.247151,0.565823,1.143303,0.121952,0.063666,0.352406,0.044261,30.5,6.6,26.511177,12.148602,24.154628,10.813404,10.938046,4.587559,8.20757,2.905335,361.4
2022 to 2024,S12000028,South Ayrshire,Female,05 to 09,53.6,49.4,57.9,153,3048,13.071895,16.339869,18.300654,20.261438,49788,49.021853,2.006508,48.975657,5.764441,33.182695,5.125733,3.050936,44.38071,9.993035,111519,2.247151,0.565823,1.143303,0.121952,0.063666,0.352406,0.044261,30.5,6.6,26.511177,12.148602,24.154628,10.813404,10.938046,4.587559,8.20757,2.905335,361.4
2022 to 2024,S12000028,South Ayrshire,Female,10 to 14,49.3,45.8,52.8,153,3048,13.071895,16.339869,18.300654,20.261438,49788,49.021853,2.006508,48.975657,5.764441,33.182695,5.125733,3.050936,44.38071,9.993035,111519,2.247151,0.565823,1.143303,0.121952,0.063666,0.352406,0.044261,30.5,6.6,26.511177,12.148602,24.154628,10.813404,10.938046,4.587559,8.20757,2.905335,361.4
2022 to 2024,S12000028,South Ayrshire,Female,15 to 19,45,41.9,48,153,3048,13.071895,16.339869,18.300654,20.261438,49788,49.021853,2.006508,48.975657,5.764441,33.182695,5.125733,3.050936,44.38071,9.993035,111519,2.247151,0.565823,1.143303,0.121952,0.063666,0.352406,0.044261,30.5,6.6,26.511177,12.148602,24.154628,10.813404,10.938046,4.587559,8.20757,2.905335,361.4
2022 to 2024,S12000028,South Ayrshire,Female,20 to 24,40.8,37.9,43.6,153,3048,13.071895,16.339869,18.300654,20.261438,49788,49.021853,2.006508,48.975657,5.764441,33.182695,5.125733,3.050936,44.38071,9.993035,111519,2.247151,0.565823,1.143303,0.121952,0.063666,0.352406,0.044261,30.5,6.6,26.511177,12.148602,24.154628,10.813404,10.938046,4.587559,8.20757,2.905335,361.4
2022 to 2024,S12000028,South Ayrshire,Female,25 to 29,36.8,34.1,39.4,153,3048,13.071895,16.339869,18.300654,20.261438,49788,49.021853,2.006508,48.975657,5.764441,33.182695,5.125733,3.050936,44.38071,9.993035,111519,2.247151,0.565823,1.143303,0.121952,0.063666,0.352406,0.044261,30.5,6.6,26.511177,12.148602,24.154628,10.813404,10.938046,4.587559,8.20757,2.905335,361.4
2022 to 2024,S12000028,South Ayrshire,Female,30 to 34,32.8,30.3,35.3,153,3048,13.071895,16.339869,18.300654,20.261438,49788,49.021853,2.006508,48.975657,5.764441,33.182695,5.125733,3.050936,44.38071,9.993035,111519,2.247151,0.565823,1.143303,0.121952,0.063666,0.352406,0.044261,30.5,6.6,26.511177,12.148602,24.154628,10.813404,10.938046,4.587559,8.20757,2.905335,361.4
2022 to 2024,S12000028,South Ayrshire,Female,35 to 39,29,26.7,31.4,153,3048,13.071895,16.339869,18.300654,20.261438,49788,49.021853,2.006508,48.975657,5.764441,33.182695,5.125733,3.050936,44.38071,9.993035,111519,2.247151,0.565823,1.143303,0.121952,0.063666,0.352406,0.044261,30.5,6.6,26.511177,12.148602,24.154628,10.813404,10.938046,4.587559,8.20757,2.905335,361.4
2022 to 2024,S12000028,South Ayrshire,Female,40 to 44,25.4,23.1,27.6,153,3048,13.071895,16.339869,18.300654,20.261438,49788,49.021853,2.006508,48.975657,5.764441,33.182695,5.125733,3.050936,44.38071,9.993035,111519,2.247151,0.565823,1.143303,0.121952,0.063666,0.352406,0.044261,30.5,6.6,26.511177,12.148602,24.154628,10.813404,10.938046,4.587559,8.20757,2.905335,361.4
2022 to 2024,S12000028,South Ayrshire,Female,45 to 49,21.9,19.8,23.9,153,3048,13.071895,16.339869,18.300654,20.261438,49788,49.021853,2.006508,48.975657,5.764441,33.182695,5.125733,3.050936,44.38071,9.993035,111519,2.247151,0.565823,1.143303,0.121952,0.063666,0.352406,0.044261,30.5,6.6,26.511177,12.148602,24.154628,10.813404,10.938046,4.587559,8.20757,2.905335,361.4
2022 to 2024,S12000028,South Ayrshire,Female,50 to 54,18.5,16.6,20.5,153,3048,13.071895,16.339869,18.300654,20.261438,49788,49.021853,2.006508,48.975657,5.764441,33.182695,5.125733,3.050936,44.38071,9.993035,111519,2.247151,0.565823,1.143303,0.121952,0.063666,0.352406,0.044261,30.5,6.6,26.511177,12.148602,24.154628,10.813404,10.938046,4.587559,8.20757,2.905335,361.4
2022 to 2024,S12000028,South Ayrshire,Female,55 to 59,15.5,13.7,17.3,153,3048,13.071895,16.339869,18.300654,20.261438,49788,49.021853,2.006508,48.975657,5.764441,33.182695,5.125733,3.050936,44.38071,9.993035,111519,2.247151,0.565823,1.143303,0.121952,0.063666,0.352406,0.044261,30.5,6.6,26.511177,12.148602,24.154628,10.813404,10.938046,4.587559,8.20757,2.905335,361.4
2022 to 2024,S12000028,South Ayrshire,Female,60 to 64,12.6,10.9,14.4,153,3048,13.071895,16.339869,18.300654,20.261438,49788,49.021853,2.006508,48.975657,5.764441,33.182695,5.125733,3.050936,44.38071,9.993035,111519,2.247151,0.565823,1.143303,0.121952,0.063666,0.352406,0.044261,30.5,6.6,26.511177,12.148602,24.154628,10.813404,10.938046,4.587559,8.20757,2.905335,361.4
2022 to 2024,S12000028,South Ayrshire,Female,65 to 69,10,8.4,11.6,153,3048,13.071895,16.339869,18.300654,20.261438,49788,49.021853,2.006508,48.975657,5.764441,33.182695,5.125733,3.050936,44.38071,9.993035,111519,2.247151,0.565823,1.143303,0.121952,0.063666,0.352406,0.044261,30.5,6.6,26.511177,12.148602,24.154628,10.813404,10.938046,4.587559,8.20757,2.905335,361.4
2022 to 2024,S12000028,South Ayrshire,Female,70 to 74,7.5,5.9,9.1,153,3048,13.071895,16.339869,18.300654,20.261438,49788,49.021853,2.006508,48.975657,5.764441,33.182695,5.125733,3.050936,44.38071,9.993035,111519,2.247151,0.565823,1.143303,0.121952,0.063666,0.352406,0.044261,30.5,6.6,26.511177,12.148602,24.154628,10.813404,10.938046,4.587559,8.20757,2.905335,361.4
2022 to 2024,S12000028,South Ayrshire,Female,75 to 79,5.4,3.7,7.1,153,3048,13.071895,16.339869,18.300654,20.261438,49788,49.021853,2.006508,48.975657,5.764441,33.182695,5.125733,3.050936,44.38071,9.993035,111519,2.247151,0.565823,1.143303,0.121952,0.063666,0.352406,0.044261,30.5,6.6,26.511177,12.148602,24.154628,10.813404,10.938046,4.587559,8.20757,2.905335,361.4
2022 to 2024,S12000028,South Ayrshire,Female,80 to 84,3.6,1.9,5.3,153,3048,13.071895,16.339869,18.300654,20.261438,49788,49.021853,2.006508,48.975657,5.764441,33.182695,5.125733,3.050936,44.38071,9.993035,111519,2.247151,0.565823,1.143303,0.121952,0.063666,0.352406,0.044261,30.5,6.6,26.511177,12.148602,24.154628,10.813404,10.938046,4.587559,8.20757,2.905335,361.4
2022 to 2024,S12000028,South Ayrshire,Female,85 to 89,2.2,1.2,3.3,153,3048,13.071895,16.339869,18.300654,20.261438,49788,49.021853,2.006508,48.975657,5.764441,33.182695,5.125733,3.050936,44.38071,9.993035,111519,2.247151,0.565823,1.143303,0.121952,0.063666,0.352406,0.044261,30.5,6.6,26.511177,12.148602,24.154628,10.813404,10.938046,4.587559,8.20757,2.905335,361.4
2022 to 2024,S12000028,South Ayrshire,Female,90+,1.3,0.7,1.9,153,3048,13.071895,16.339869,18.300654,20.261438,49788,49.021853,2.006508,48.975657,5.764441,33.182695,5.125733,3.050936,44.38071,9.993035,111519,2.247151,0.565823,1.143303,0.121952,0.063666,0.352406,0.044261,30.5,6.6,26.511177,12.148602,24.154628,10.813404,10.938046,4.587559,8.20757,2.905335,361.4
2022 to 2024,S12000028,South Ayrshire,Male,<1,57.5,52.6,62.5,153,3048,13.071895,16.339869,18.300654,20.261438,44746,55.388191,2.949984,41.661825,5.086488,29.607116,1.564386,2.362222,16.325048,18.443351,111519,2.247151,0.565823,1.143303,0.121952,0.063666,0.352406,0.044261,30.5,6.6,26.511177,12.148602,24.154628,10.813404,10.938046,4.587559,8.20757,2.905335,361.4
2022 to 2024,S12000028,South Ayrshire,Male,01 to 04,56.9,52.1,61.7,153,3048,13.071895,16.339869,18.300654,20.261438,44746,55.388191,2.949984,41.661825,5.086488,29.607116,1.564386,2.362222,16.325048,18.443351,111519,2.247151,0.565823,1.143303,0.121952,0.063666,0.352406,0.044261,30.5,6.6,26.511177,12.148602,24.154628,10.813404,10.938046,4.587559,8.20757,2.905335,361.4
2022 to 2024,S12000028,South Ayrshire,Male,05 to 09,53.3,49.2,57.5,153,3048,13.071895,16.339869,18.300654,20.261438,44746,55.388191,2.949984,41.661825,5.086488,29.607116,1.564386,2.362222,16.325048,18.443351,111519,2.247151,0.565823,1.143303,0.121952,0.063666,0.352406,0.044261,30.5,6.6,26.511177,12.148602,24.154628,10.813404,10.938046,4.587559,8.20757,2.905335,361.4
2022 to 2024,S12000028,South Ayrshire,Male,10 to 14,48.9,45.4,52.3,153,3048,13.071895,16.339869,18.300654,20.261438,44746,55.388191,2.949984,41.661825,5.086488,29.607116,1.564386,2.362222,16.325048,18.443351,111519,2.247151,0.565823,1.143303,0.121952,0.063666,0.352406,0.044261,30.5,6.6,26.511177,12.148602,24.154628,10.813404,10.938046,4.587559,8.20757,2.905335,361.4
2022 to 2024,S12000028,South Ayrshire,Male,15 to 19,44.4,41.5,47.4,153,3048,13.071895,16.339869,18.300654,20.261438,44746,55.388191,2.949984,41.661825,5.086488,29.607116,1.564386,2.362222,16.325048,18.443351,111519,2.247151,0.565823,1.143303,0.121952,0.063666,0.352406,0.044261,30.5,6.6,26.511177,12.148602,24.154628,10.813404,10.938046,4.587559,8.20757,2.905335,361.4
2022 to 2024,S12000028,South Ayrshire,Male,20 to 24,40.1,37.4,42.9,153,3048,13.071895,16.339869,18.300654,20.261438,44746,55.388191,2.949984,41.661825,5.086488,29.607116,1.564386,2.362222,16.325048,18.443351,111519,2.247151,0.565823,1.143303,0.121952,0.063666,0.352406,0.044261,30.5,6.6,26.511177,12.148602,24.154628,10.813404,10.938046,4.587559,8.20757,2.905335,361.4
2022 to 2024,S12000028,South Ayrshire,Male,25 to 29,36,33.4,38.6,153,3048,13.071895,16.339869,18.300654,20.261438,44746,55.388191,2.949984,41.661825,5.086488,29.607116,1.564386,2.362222,16.325048,18.443351,111519,2.247151,0.565823,1.143303,0.121952,0.063666,0.352406,0.044261,30.5,6.6,26.511177,12.148602,24.154628,10.813404,10.938046,4.587559,8.20757,2.905335,361.4
2022 to 2024,S12000028,South Ayrshire,Male,30 to 34,31.9,29.4,34.3,153,3048,13.071895,16.339869,18.300654,20.261438,44746,55.388191,2.949984,41.661825,5.086488,29.607116,1.564386,2.362222,16.325048,18.443351,111519,2.247151,0.565823,1.143303,0.121952,0.063666,0.352406,0.044261,30.5,6.6,26.511177,12.148602,24.154628,10.813404,10.938046,4.587559,8.20757,2.905335,361.4
2022 to 2024,S12000028,South Ayrshire,Male,35 to 39,28.1,25.7,30.4,153,3048,13.071895,16.339869,18.300654,20.261438,44746,55.388191,2.949984,41.661825,5.086488,29.607116,1.564386,2.362222,16.325048,18.443351,111519,2.247151,0.565823,1.143303,0.121952,0.063666,0.352406,0.044261,30.5,6.6,26.511177,12.148602,24.154628,10.813404,10.938046,4.587559,8.20757,2.905335,361.4
2022 to 2024,S12000028,South Ayrshire,Male,40 to 44,24.3,22.2,26.5,153,3048,13.071895,16.339869,18.300654,20.261438,44746,55.388191,2.949984,41.661825,5.086488,29.607116,1.564386,2.362222,16.325048,18.443351,111519,2.247151,0.565823,1.143303,0.121952,0.063666,0.352406,0.044261,30.5,6.6,26.511177,12.148602,24.154628,10.813404,10.938046,4.587559,8.20757,2.905335,361.4
2022 to 2024,S12000028,South Ayrshire,Male,45 to 49,20.9,18.9,22.9,153,3048,13.071895,16.339869,18.300654,20.261438,44746,55.388191,2.949984,41.661825,5.086488,29.607116,1.564386,2.362222,16.325048,18.443351,111519,2.247151,0.565823,1.143303,0.121952,0.063666,0.352406,0.044261,30.5,6.6,26.511177,12.148602,24.154628,10.813404,10.938046,4.587559,8.20757,2.905335,361.4
2022 to 2024,S12000028,South Ayrshire,Male,50 to 54,17.6,15.8,19.5,153,3048,13.071895,16.339869,18.300654,20.261438,44746,55.388191,2.949984,41.661825,5.086488,29.607116,1.564386,2.362222,16.325048,18.443351,111519,2.247151,0.565823,1.143303,0.121952,0.063666,0.352406,0.044261,30.5,6.6,26.511177,12.148602,24.154628,10.813404,10.938046,4.587559,8.20757,2.905335,361.4
2022 to 2024,S12000028,South Ayrshire,Male,55 to 59,14.5,12.8,16.3,153,3048,13.071895,16.339869,18.300654,20.261438,44746,55.388191,2.949984,41.661825,5.086488,29.607116,1.564386,2.362222,16.325048,18.443351,111519,2.247151,0.565823,1.143303,0.121952,0.063666,0.352406,0.044261,30.5,6.6,26.511177,12.148602,24.154628,10.813404,10.938046,4.587559,8.20757,2.905335,361.4
2022 to 2024,S12000028,South Ayrshire,Male,60 to 64,11.7,10.1,13.4,153,3048,13.071895,16.339869,18.300654,20.261438,44746,55.388191,2.949984,41.661825,5.086488,29.607116,1.564386,2.362222,16.325048,18.443351,111519,2.247151,0.565823,1.143303,0.121952,0.063666,0.352406,0.044261,30.5,6.6,26.511177,12.148602,24.154628,10.813404,10.938046,4.587559,8.20757,2.905335,361.4
2022 to 2024,S12000028,South Ayrshire,Male,65 to 69,9.1,7.6,10.7,153,3048,13.071895,16.339869,18.300654,20.261438,44746,55.388191,2.949984,41.661825,5.086488,29.607116,1.564386,2.362222,16.325048,18.443351,111519,2.247151,0.565823,1.143303,0.121952,0.063666,0.352406,0.044261,30.5,6.6,26.511177,12.148602,24.154628,10.813404,10.938046,4.587559,8.20757,2.905335,361.4
2022 to 2024,S12000028,South Ayrshire,Male,70 to 74,6.9,5.3,8.5,153,3048,13.071895,16.339869,18.300654,20.261438,44746,55.388191,2.949984,41.661825,5.086488,29.607116,1.564386,2.362222,16.325048,18.443351,111519,2.247151,0.565823,1.143303,0.121952,0.063666,0.352406,0.044261,30.5,6.6,26.511177,12.148602,24.154628,10.813404,10.938046,4.587559,8.20757,2.905335,361.4
2022 to 2024,S12000028,South Ayrshire,Male,75 to 79,4.9,3.3,6.6,153,3048,13.071895,16.339869,18.300654,20.261438,44746,55.388191,2.949984,41.661825,5.086488,29.607116,1.564386,2.362222,16.325048,18.443351,111519,2.247151,0.565823,1.143303,0.121952,0.063666,0.352406,0.044261,30.5,6.6,26.511177,12.148602,24.154628,10.813404,10.938046,4.587559,8.20757,2.905335,361.4
2022 to 2024,S12000028,South Ayrshire,Male,80 to 84,3.4,1.5,5.3,153,3048,13.071895,16.339869,18.300654,20.261438,44746,55.388191,2.949984,41.661825,5.086488,29.607116,1.564386,2.362222,16.325048,18.443351,111519,2.247151,0.565823,1.143303,0.121952,0.063666,0.352406,0.044261,30.5,6.6,26.511177,12.148602,24.154628,10.813404,10.938046,4.587559,8.20757,2.905335,361.4
2022 to 2024,S12000028,South Ayrshire,Male,85 to 89,2.3,1,3.5,153,3048,13.071895,16.339869,18.300654,20.261438,44746,55.388191,2.949984,41.661825,5.086488,29.607116,1.564386,2.362222,16.325048,18.443351,111519,2.247151,0.565823,1.143303,0.121952,0.063666,0.352406,0.044261,30.5,6.6,26.511177,12.148602,24.154628,10.813404,10.938046,4.587559,8.20757,2.905335,361.4
2022 to 2024,S12000028,South Ayrshire,Male,90+,1.6,0.7,2.5,153,3048,13.071895,16.339869,18.300654,20.261438,44746,55.388191,2.949984,41.661825,5.086488,29.607116,1.564386,2.362222,16.325048,18.443351,111519,2.247151,0.565823,1.143303,0.121952,0.063666,0.352406,0.044261,30.5,6.6,26.511177,12.148602,24.154628,10.813404,10.938046,4.587559,8.20757,2.905335,361.4
2022 to 2024,S12000029,South Lanarkshire,Female,<1,57.8,53.8,61.8,431,3038,14.153132,10.904872,21.345708,16.009281,141855,56.339925,1.784216,41.873744,5.731909,25.615593,5.098164,3.674879,38.713229,7.371029,327056,4.252483,0.745744,2.482449,0.551893,0.06849,0.403906,0.082522,28.3,7.5,25.130253,11.866469,22.052493,11.075779,10.504929,4.619698,7.140673,2.522504,402
2022 to 2024,S12000029,South Lanarkshire,Female,01 to 04,57.1,53.2,60.9,431,3038,14.153132,10.904872,21.345708,16.009281,141855,56.339925,1.784216,41.873744,5.731909,25.615593,5.098164,3.674879,38.713229,7.371029,327056,4.252483,0.745744,2.482449,0.551893,0.06849,0.403906,0.082522,28.3,7.5,25.130253,11.866469,22.052493,11.075779,10.504929,4.619698,7.140673,2.522504,402
2022 to 2024,S12000029,South Lanarkshire,Female,05 to 09,53.6,50.2,57,431,3038,14.153132,10.904872,21.345708,16.009281,141855,56.339925,1.784216,41.873744,5.731909,25.615593,5.098164,3.674879,38.713229,7.371029,327056,4.252483,0.745744,2.482449,0.551893,0.06849,0.403906,0.082522,28.3,7.5,25.130253,11.866469,22.052493,11.075779,10.504929,4.619698,7.140673,2.522504,402
2022 to 2024,S12000029,South Lanarkshire,Female,10 to 14,49.2,46.3,52.1,431,3038,14.153132,10.904872,21.345708,16.009281,141855,56.339925,1.784216,41.873744,5.731909,25.615593,5.098164,3.674879,38.713229,7.371029,327056,4.252483,0.745744,2.482449,0.551893,0.06849,0.403906,0.082522,28.3,7.5,25.130253,11.866469,22.052493,11.075779,10.504929,4.619698,7.140673,2.522504,402
2022 to 2024,S12000029,South Lanarkshire,Female,15 to 19,44.9,42.3,47.4,431,3038,14.153132,10.904872,21.345708,16.009281,141855,56.339925,1.784216,41.873744,5.731909,25.615593,5.098164,3.674879,38.713229,7.371029,327056,4.252483,0.745744,2.482449,0.551893,0.06849,0.403906,0.082522,28.3,7.5,25.130253,11.866469,22.052493,11.075779,10.504929,4.619698,7.140673,2.522504,402
2022 to 2024,S12000029,South Lanarkshire,Female,20 to 24,40.7,38.3,43.1,431,3038,14.153132,10.904872,21.345708,16.009281,141855,56.339925,1.784216,41.873744,5.731909,25.615593,5.098164,3.674879,38.713229,7.371029,327056,4.252483,0.745744,2.482449,0.551893,0.06849,0.403906,0.082522,28.3,7.5,25.130253,11.866469,22.052493,11.075779,10.504929,4.619698,7.140673,2.522504,402
2022 to 2024,S12000029,South Lanarkshire,Female,25 to 29,36.6,34.3,38.9,431,3038,14.153132,10.904872,21.345708,16.009281,141855,56.339925,1.784216,41.873744,5.731909,25.615593,5.098164,3.674879,38.713229,7.371029,327056,4.252483,0.745744,2.482449,0.551893,0.06849,0.403906,0.082522,28.3,7.5,25.130253,11.866469,22.052493,11.075779,10.504929,4.619698,7.140673,2.522504,402
2022 to 2024,S12000029,South Lanarkshire,Female,30 to 34,32.7,30.5,34.8,431,3038,14.153132,10.904872,21.345708,16.009281,141855,56.339925,1.784216,41.873744,5.731909,25.615593,5.098164,3.674879,38.713229,7.371029,327056,4.252483,0.745744,2.482449,0.551893,0.06849,0.403906,0.082522,28.3,7.5,25.130253,11.866469,22.052493,11.075779,10.504929,4.619698,7.140673,2.522504,402
2022 to 2024,S12000029,South Lanarkshire,Female,35 to 39,28.9,26.8,31,431,3038,14.153132,10.904872,21.345708,16.009281,141855,56.339925,1.784216,41.873744,5.731909,25.615593,5.098164,3.674879,38.713229,7.371029,327056,4.252483,0.745744,2.482449,0.551893,0.06849,0.403906,0.082522,28.3,7.5,25.130253,11.866469,22.052493,11.075779,10.504929,4.619698,7.140673,2.522504,402
2022 to 2024,S12000029,South Lanarkshire,Female,40 to 44,25.2,23.3,27.1,431,3038,14.153132,10.904872,21.345708,16.009281,141855,56.339925,1.784216,41.873744,5.731909,25.615593,5.098164,3.674879,38.713229,7.371029,327056,4.252483,0.745744,2.482449,0.551893,0.06849,0.403906,0.082522,28.3,7.5,25.130253,11.866469,22.052493,11.075779,10.504929,4.619698,7.140673,2.522504,402
2022 to 2024,S12000029,South Lanarkshire,Female,45 to 49,21.7,19.9,23.5,431,3038,14.153132,10.904872,21.345708,16.009281,141855,56.339925,1.784216,41.873744,5.731909,25.615593,5.098164,3.674879,38.713229,7.371029,327056,4.252483,0.745744,2.482449,0.551893,0.06849,0.403906,0.082522,28.3,7.5,25.130253,11.866469,22.052493,11.075779,10.504929,4.619698,7.140673,2.522504,402
2022 to 2024,S12000029,South Lanarkshire,Female,50 to 54,18.4,16.7,20,431,3038,14.153132,10.904872,21.345708,16.009281,141855,56.339925,1.784216,41.873744,5.731909,25.615593,5.098164,3.674879,38.713229,7.371029,327056,4.252483,0.745744,2.482449,0.551893,0.06849,0.403906,0.082522,28.3,7.5,25.130253,11.866469,22.052493,11.075779,10.504929,4.619698,7.140673,2.522504,402
2022 to 2024,S12000029,South Lanarkshire,Female,55 to 59,15.3,13.7,16.8,431,3038,14.153132,10.904872,21.345708,16.009281,141855,56.339925,1.784216,41.873744,5.731909,25.615593,5.098164,3.674879,38.713229,7.371029,327056,4.252483,0.745744,2.482449,0.551893,0.06849,0.403906,0.082522,28.3,7.5,25.130253,11.866469,22.052493,11.075779,10.504929,4.619698,7.140673,2.522504,402
2022 to 2024,S12000029,South Lanarkshire,Female,60 to 64,12.4,10.9,13.9,431,3038,14.153132,10.904872,21.345708,16.009281,141855,56.339925,1.784216,41.873744,5.731909,25.615593,5.098164,3.674879,38.713229,7.371029,327056,4.252483,0.745744,2.482449,0.551893,0.06849,0.403906,0.082522,28.3,7.5,25.130253,11.866469,22.052493,11.075779,10.504929,4.619698,7.140673,2.522504,402
2022 to 2024,S12000029,South Lanarkshire,Female,65 to 69,9.7,8.3,11.2,431,3038,14.153132,10.904872,21.345708,16.009281,141855,56.339925,1.784216,41.873744,5.731909,25.615593,5.098164,3.674879,38.713229,7.371029,327056,4.252483,0.745744,2.482449,0.551893,0.06849,0.403906,0.082522,28.3,7.5,25.130253,11.866469,22.052493,11.075779,10.504929,4.619698,7.140673,2.522504,402
2022 to 2024,S12000029,South Lanarkshire,Female,70 to 74,7.4,6,8.7,431,3038,14.153132,10.904872,21.345708,16.009281,141855,56.339925,1.784216,41.873744,5.731909,25.615593,5.098164,3.674879,38.713229,7.371029,327056,4.252483,0.745744,2.482449,0.551893,0.06849,0.403906,0.082522,28.3,7.5,25.130253,11.866469,22.052493,11.075779,10.504929,4.619698,7.140673,2.522504,402
2022 to 2024,S12000029,South Lanarkshire,Female,75 to 79,5.2,3.8,6.6,431,3038,14.153132,10.904872,21.345708,16.009281,141855,56.339925,1.784216,41.873744,5.731909,25.615593,5.098164,3.674879,38.713229,7.371029,327056,4.252483,0.745744,2.482449,0.551893,0.06849,0.403906,0.082522,28.3,7.5,25.130253,11.866469,22.052493,11.075779,10.504929,4.619698,7.140673,2.522504,402
2022 to 2024,S12000029,South Lanarkshire,Female,80 to 84,3.5,2.1,4.9,431,3038,14.153132,10.904872,21.345708,16.009281,141855,56.339925,1.784216,41.873744,5.731909,25.615593,5.098164,3.674879,38.713229,7.371029,327056,4.252483,0.745744,2.482449,0.551893,0.06849,0.403906,0.082522,28.3,7.5,25.130253,11.866469,22.052493,11.075779,10.504929,4.619698,7.140673,2.522504,402
2022 to 2024,S12000029,South Lanarkshire,Female,85 to 89,2.1,1.3,3,431,3038,14.153132,10.904872,21.345708,16.009281,141855,56.339925,1.784216,41.873744,5.731909,25.615593,5.098164,3.674879,38.713229,7.371029,327056,4.252483,0.745744,2.482449,0.551893,0.06849,0.403906,0.082522,28.3,7.5,25.130253,11.866469,22.052493,11.075779,10.504929,4.619698,7.140673,2.522504,402
2022 to 2024,S12000029,South Lanarkshire,Female,90+,1.3,0.7,1.8,431,3038,14.153132,10.904872,21.345708,16.009281,141855,56.339925,1.784216,41.873744,5.731909,25.615593,5.098164,3.674879,38.713229,7.371029,327056,4.252483,0.745744,2.482449,0.551893,0.06849,0.403906,0.082522,28.3,7.5,25.130253,11.866469,22.052493,11.075779,10.504929,4.619698,7.140673,2.522504,402
2022 to 2024,S12000029,South Lanarkshire,Male,<1,58.1,54.6,61.5,431,3038,14.153132,10.904872,21.345708,16.009281,129919,63.016187,2.787891,34.193613,5.177072,21.799737,1.504784,2.650113,13.4738,16.299011,327056,4.252483,0.745744,2.482449,0.551893,0.06849,0.403906,0.082522,28.3,7.5,25.130253,11.866469,22.052493,11.075779,10.504929,4.619698,7.140673,2.522504,402
2022 to 2024,S12000029,South Lanarkshire,Male,01 to 04,57.4,54,60.8,431,3038,14.153132,10.904872,21.345708,16.009281,129919,63.016187,2.787891,34.193613,5.177072,21.799737,1.504784,2.650113,13.4738,16.299011,327056,4.252483,0.745744,2.482449,0.551893,0.06849,0.403906,0.082522,28.3,7.5,25.130253,11.866469,22.052493,11.075779,10.504929,4.619698,7.140673,2.522504,402
2022 to 2024,S12000029,South Lanarkshire,Male,05 to 09,53.8,50.7,56.8,431,3038,14.153132,10.904872,21.345708,16.009281,129919,63.016187,2.787891,34.193613,5.177072,21.799737,1.504784,2.650113,13.4738,16.299011,327056,4.252483,0.745744,2.482449,0.551893,0.06849,0.403906,0.082522,28.3,7.5,25.130253,11.866469,22.052493,11.075779,10.504929,4.619698,7.140673,2.522504,402
2022 to 2024,S12000029,South Lanarkshire,Male,10 to 14,49.2,46.5,51.9,431,3038,14.153132,10.904872,21.345708,16.009281,129919,63.016187,2.787891,34.193613,5.177072,21.799737,1.504784,2.650113,13.4738,16.299011,327056,4.252483,0.745744,2.482449,0.551893,0.06849,0.403906,0.082522,28.3,7.5,25.130253,11.866469,22.052493,11.075779,10.504929,4.619698,7.140673,2.522504,402
2022 to 2024,S12000029,South Lanarkshire,Male,15 to 19,44.8,42.3,47.3,431,3038,14.153132,10.904872,21.345708,16.009281,129919,63.016187,2.787891,34.193613,5.177072,21.799737,1.504784,2.650113,13.4738,16.299011,327056,4.252483,0.745744,2.482449,0.551893,0.06849,0.403906,0.082522,28.3,7.5,25.130253,11.866469,22.052493,11.075779,10.504929,4.619698,7.140673,2.522504,402
2022 to 2024,S12000029,South Lanarkshire,Male,20 to 24,40.4,38,42.8,431,3038,14.153132,10.904872,21.345708,16.009281,129919,63.016187,2.787891,34.193613,5.177072,21.799737,1.504784,2.650113,13.4738,16.299011,327056,4.252483,0.745744,2.482449,0.551893,0.06849,0.403906,0.082522,28.3,7.5,25.130253,11.866469,22.052493,11.075779,10.504929,4.619698,7.140673,2.522504,402
2022 to 2024,S12000029,South Lanarkshire,Male,25 to 29,36.3,33.9,38.6,431,3038,14.153132,10.904872,21.345708,16.009281,129919,63.016187,2.787891,34.193613,5.177072,21.799737,1.504784,2.650113,13.4738,16.299011,327056,4.252483,0.745744,2.482449,0.551893,0.06849,0.403906,0.082522,28.3,7.5,25.130253,11.866469,22.052493,11.075779,10.504929,4.619698,7.140673,2.522504,402
2022 to 2024,S12000029,South Lanarkshire,Male,30 to 34,32.2,30,34.3,431,3038,14.153132,10.904872,21.345708,16.009281,129919,63.016187,2.787891,34.193613,5.177072,21.799737,1.504784,2.650113,13.4738,16.299011,327056,4.252483,0.745744,2.482449,0.551893,0.06849,0.403906,0.082522,28.3,7.5,25.130253,11.866469,22.052493,11.075779,10.504929,4.619698,7.140673,2.522504,402
2022 to 2024,S12000029,South Lanarkshire,Male,35 to 39,28.2,26.1,30.3,431,3038,14.153132,10.904872,21.345708,16.009281,129919,63.016187,2.787891,34.193613,5.177072,21.799737,1.504784,2.650113,13.4738,16.299011,327056,4.252483,0.745744,2.482449,0.551893,0.06849,0.403906,0.082522,28.3,7.5,25.130253,11.866469,22.052493,11.075779,10.504929,4.619698,7.140673,2.522504,402
2022 to 2024,S12000029,South Lanarkshire,Male,40 to 44,24.5,22.5,26.5,431,3038,14.153132,10.904872,21.345708,16.009281,129919,63.016187,2.787891,34.193613,5.177072,21.799737,1.504784,2.650113,13.4738,16.299011,327056,4.252483,0.745744,2.482449,0.551893,0.06849,0.403906,0.082522,28.3,7.5,25.130253,11.866469,22.052493,11.075779,10.504929,4.619698,7.140673,2.522504,402
2022 to 2024,S12000029,South Lanarkshire,Male,45 to 49,20.9,19,22.8,431,3038,14.153132,10.904872,21.345708,16.009281,129919,63.016187,2.787891,34.193613,5.177072,21.799737,1.504784,2.650113,13.4738,16.299011,327056,4.252483,0.745744,2.482449,0.551893,0.06849,0.403906,0.082522,28.3,7.5,25.130253,11.866469,22.052493,11.075779,10.504929,4.619698,7.140673,2.522504,402
2022 to 2024,S12000029,South Lanarkshire,Male,50 to 54,17.7,15.9,19.5,431,3038,14.153132,10.904872,21.345708,16.009281,129919,63.016187,2.787891,34.193613,5.177072,21.799737,1.504784,2.650113,13.4738,16.299011,327056,4.252483,0.745744,2.482449,0.551893,0.06849,0.403906,0.082522,28.3,7.5,25.130253,11.866469,22.052493,11.075779,10.504929,4.619698,7.140673,2.522504,402
2022 to 2024,S12000029,South Lanarkshire,Male,55 to 59,14.6,12.9,16.3,431,3038,14.153132,10.904872,21.345708,16.009281,129919,63.016187,2.787891,34.193613,5.177072,21.799737,1.504784,2.650113,13.4738,16.299011,327056,4.252483,0.745744,2.482449,0.551893,0.06849,0.403906,0.082522,28.3,7.5,25.130253,11.866469,22.052493,11.075779,10.504929,4.619698,7.140673,2.522504,402
2022 to 2024,S12000029,South Lanarkshire,Male,60 to 64,11.7,10.1,13.3,431,3038,14.153132,10.904872,21.345708,16.009281,129919,63.016187,2.787891,34.193613,5.177072,21.799737,1.504784,2.650113,13.4738,16.299011,327056,4.252483,0.745744,2.482449,0.551893,0.06849,0.403906,0.082522,28.3,7.5,25.130253,11.866469,22.052493,11.075779,10.504929,4.619698,7.140673,2.522504,402
2022 to 2024,S12000029,South Lanarkshire,Male,65 to 69,9.1,7.5,10.7,431,3038,14.153132,10.904872,21.345708,16.009281,129919,63.016187,2.787891,34.193613,5.177072,21.799737,1.504784,2.650113,13.4738,16.299011,327056,4.252483,0.745744,2.482449,0.551893,0.06849,0.403906,0.082522,28.3,7.5,25.130253,11.866469,22.052493,11.075779,10.504929,4.619698,7.140673,2.522504,402
2022 to 2024,S12000029,South Lanarkshire,Male,70 to 74,6.8,5.2,8.3,431,3038,14.153132,10.904872,21.345708,16.009281,129919,63.016187,2.787891,34.193613,5.177072,21.799737,1.504784,2.650113,13.4738,16.299011,327056,4.252483,0.745744,2.482449,0.551893,0.06849,0.403906,0.082522,28.3,7.5,25.130253,11.866469,22.052493,11.075779,10.504929,4.619698,7.140673,2.522504,402
2022 to 2024,S12000029,South Lanarkshire,Male,75 to 79,4.8,3.2,6.5,431,3038,14.153132,10.904872,21.345708,16.009281,129919,63.016187,2.787891,34.193613,5.177072,21.799737,1.504784,2.650113,13.4738,16.299011,327056,4.252483,0.745744,2.482449,0.551893,0.06849,0.403906,0.082522,28.3,7.5,25.130253,11.866469,22.052493,11.075779,10.504929,4.619698,7.140673,2.522504,402
2022 to 2024,S12000029,South Lanarkshire,Male,80 to 84,3.3,1.3,5.2,431,3038,14.153132,10.904872,21.345708,16.009281,129919,63.016187,2.787891,34.193613,5.177072,21.799737,1.504784,2.650113,13.4738,16.299011,327056,4.252483,0.745744,2.482449,0.551893,0.06849,0.403906,0.082522,28.3,7.5,25.130253,11.866469,22.052493,11.075779,10.504929,4.619698,7.140673,2.522504,402
2022 to 2024,S12000029,South Lanarkshire,Male,85 to 89,2.2,0.9,3.4,431,3038,14.153132,10.904872,21.345708,16.009281,129919,63.016187,2.787891,34.193613,5.177072,21.799737,1.504784,2.650113,13.4738,16.299011,327056,4.252483,0.745744,2.482449,0.551893,0.06849,0.403906,0.082522,28.3,7.5,25.130253,11.866469,22.052493,11.075779,10.504929,4.619698,7.140673,2.522504,402
2022 to 2024,S12000029,South Lanarkshire,Male,90+,1.4,0.6,2.2,431,3038,14.153132,10.904872,21.345708,16.009281,129919,63.016187,2.787891,34.193613,5.177072,21.799737,1.504784,2.650113,13.4738,16.299011,327056,4.252483,0.745744,2.482449,0.551893,0.06849,0.403906,0.082522,28.3,7.5,25.130253,11.866469,22.052493,11.075779,10.504929,4.619698,7.140673,2.522504,402
2022 to 2024,S12000030,Stirling,Female,<1,60.3,56.4,64.3,121,4662,7.438017,21.487603,12.396694,26.446281,40938,54.455518,2.68699,42.859935,4.150178,25.260149,4.687576,6.780986,44.803301,11.626968,92604,4.797849,1.044231,2.565764,0.494579,0.131744,0.561531,0.09283,39.6,5.4,22.066001,9.231783,20.180554,10.661526,8.344132,5.488964,7.215671,2.314155,318.2
2022 to 2024,S12000030,Stirling,Female,01 to 04,59.6,55.7,63.4,121,4662,7.438017,21.487603,12.396694,26.446281,40938,54.455518,2.68699,42.859935,4.150178,25.260149,4.687576,6.780986,44.803301,11.626968,92604,4.797849,1.044231,2.565764,0.494579,0.131744,0.561531,0.09283,39.6,5.4,22.066001,9.231783,20.180554,10.661526,8.344132,5.488964,7.215671,2.314155,318.2
2022 to 2024,S12000030,Stirling,Female,05 to 09,55.9,52.5,59.4,121,4662,7.438017,21.487603,12.396694,26.446281,40938,54.455518,2.68699,42.859935,4.150178,25.260149,4.687576,6.780986,44.803301,11.626968,92604,4.797849,1.044231,2.565764,0.494579,0.131744,0.561531,0.09283,39.6,5.4,22.066001,9.231783,20.180554,10.661526,8.344132,5.488964,7.215671,2.314155,318.2
2022 to 2024,S12000030,Stirling,Female,10 to 14,51.5,48.4,54.5,121,4662,7.438017,21.487603,12.396694,26.446281,40938,54.455518,2.68699,42.859935,4.150178,25.260149,4.687576,6.780986,44.803301,11.626968,92604,4.797849,1.044231,2.565764,0.494579,0.131744,0.561531,0.09283,39.6,5.4,22.066001,9.231783,20.180554,10.661526,8.344132,5.488964,7.215671,2.314155,318.2
2022 to 2024,S12000030,Stirling,Female,15 to 19,47,44.2,49.8,121,4662,7.438017,21.487603,12.396694,26.446281,40938,54.455518,2.68699,42.859935,4.150178,25.260149,4.687576,6.780986,44.803301,11.626968,92604,4.797849,1.044231,2.565764,0.494579,0.131744,0.561531,0.09283,39.6,5.4,22.066001,9.231783,20.180554,10.661526,8.344132,5.488964,7.215671,2.314155,318.2
2022 to 2024,S12000030,Stirling,Female,20 to 24,42.7,40,45.4,121,4662,7.438017,21.487603,12.396694,26.446281,40938,54.455518,2.68699,42.859935,4.150178,25.260149,4.687576,6.780986,44.803301,11.626968,92604,4.797849,1.044231,2.565764,0.494579,0.131744,0.561531,0.09283,39.6,5.4,22.066001,9.231783,20.180554,10.661526,8.344132,5.488964,7.215671,2.314155,318.2
2022 to 2024,S12000030,Stirling,Female,25 to 29,38.5,35.9,41.1,121,4662,7.438017,21.487603,12.396694,26.446281,40938,54.455518,2.68699,42.859935,4.150178,25.260149,4.687576,6.780986,44.803301,11.626968,92604,4.797849,1.044231,2.565764,0.494579,0.131744,0.561531,0.09283,39.6,5.4,22.066001,9.231783,20.180554,10.661526,8.344132,5.488964,7.215671,2.314155,318.2
2022 to 2024,S12000030,Stirling,Female,30 to 34,34.6,32.1,37,121,4662,7.438017,21.487603,12.396694,26.446281,40938,54.455518,2.68699,42.859935,4.150178,25.260149,4.687576,6.780986,44.803301,11.626968,92604,4.797849,1.044231,2.565764,0.494579,0.131744,0.561531,0.09283,39.6,5.4,22.066001,9.231783,20.180554,10.661526,8.344132,5.488964,7.215671,2.314155,318.2
2022 to 2024,S12000030,Stirling,Female,35 to 39,30.7,28.3,33,121,4662,7.438017,21.487603,12.396694,26.446281,40938,54.455518,2.68699,42.859935,4.150178,25.260149,4.687576,6.780986,44.803301,11.626968,92604,4.797849,1.044231,2.565764,0.494579,0.131744,0.561531,0.09283,39.6,5.4,22.066001,9.231783,20.180554,10.661526,8.344132,5.488964,7.215671,2.314155,318.2
2022 to 2024,S12000030,Stirling,Female,40 to 44,26.9,24.7,29.2,121,4662,7.438017,21.487603,12.396694,26.446281,40938,54.455518,2.68699,42.859935,4.150178,25.260149,4.687576,6.780986,44.803301,11.626968,92604,4.797849,1.044231,2.565764,0.494579,0.131744,0.561531,0.09283,39.6,5.4,22.066001,9.231783,20.180554,10.661526,8.344132,5.488964,7.215671,2.314155,318.2
2022 to 2024,S12000030,Stirling,Female,45 to 49,23.2,21.1,25.4,121,4662,7.438017,21.487603,12.396694,26.446281,40938,54.455518,2.68699,42.859935,4.150178,25.260149,4.687576,6.780986,44.803301,11.626968,92604,4.797849,1.044231,2.565764,0.494579,0.131744,0.561531,0.09283,39.6,5.4,22.066001,9.231783,20.180554,10.661526,8.344132,5.488964,7.215671,2.314155,318.2
2022 to 2024,S12000030,Stirling,Female,50 to 54,19.7,17.7,21.7,121,4662,7.438017,21.487603,12.396694,26.446281,40938,54.455518,2.68699,42.859935,4.150178,25.260149,4.687576,6.780986,44.803301,11.626968,92604,4.797849,1.044231,2.565764,0.494579,0.131744,0.561531,0.09283,39.6,5.4,22.066001,9.231783,20.180554,10.661526,8.344132,5.488964,7.215671,2.314155,318.2
2022 to 2024,S12000030,Stirling,Female,55 to 59,16.5,14.5,18.4,121,4662,7.438017,21.487603,12.396694,26.446281,40938,54.455518,2.68699,42.859935,4.150178,25.260149,4.687576,6.780986,44.803301,11.626968,92604,4.797849,1.044231,2.565764,0.494579,0.131744,0.561531,0.09283,39.6,5.4,22.066001,9.231783,20.180554,10.661526,8.344132,5.488964,7.215671,2.314155,318.2
2022 to 2024,S12000030,Stirling,Female,60 to 64,13.5,11.6,15.4,121,4662,7.438017,21.487603,12.396694,26.446281,40938,54.455518,2.68699,42.859935,4.150178,25.260149,4.687576,6.780986,44.803301,11.626968,92604,4.797849,1.044231,2.565764,0.494579,0.131744,0.561531,0.09283,39.6,5.4,22.066001,9.231783,20.180554,10.661526,8.344132,5.488964,7.215671,2.314155,318.2
2022 to 2024,S12000030,Stirling,Female,65 to 69,10.7,8.9,12.6,121,4662,7.438017,21.487603,12.396694,26.446281,40938,54.455518,2.68699,42.859935,4.150178,25.260149,4.687576,6.780986,44.803301,11.626968,92604,4.797849,1.044231,2.565764,0.494579,0.131744,0.561531,0.09283,39.6,5.4,22.066001,9.231783,20.180554,10.661526,8.344132,5.488964,7.215671,2.314155,318.2
2022 to 2024,S12000030,Stirling,Female,70 to 74,8.3,6.5,10.1,121,4662,7.438017,21.487603,12.396694,26.446281,40938,54.455518,2.68699,42.859935,4.150178,25.260149,4.687576,6.780986,44.803301,11.626968,92604,4.797849,1.044231,2.565764,0.494579,0.131744,0.561531,0.09283,39.6,5.4,22.066001,9.231783,20.180554,10.661526,8.344132,5.488964,7.215671,2.314155,318.2
2022 to 2024,S12000030,Stirling,Female,75 to 79,5.9,4,7.7,121,4662,7.438017,21.487603,12.396694,26.446281,40938,54.455518,2.68699,42.859935,4.150178,25.260149,4.687576,6.780986,44.803301,11.626968,92604,4.797849,1.044231,2.565764,0.494579,0.131744,0.561531,0.09283,39.6,5.4,22.066001,9.231783,20.180554,10.661526,8.344132,5.488964,7.215671,2.314155,318.2
2022 to 2024,S12000030,Stirling,Female,80 to 84,4,2,6,121,4662,7.438017,21.487603,12.396694,26.446281,40938,54.455518,2.68699,42.859935,4.150178,25.260149,4.687576,6.780986,44.803301,11.626968,92604,4.797849,1.044231,2.565764,0.494579,0.131744,0.561531,0.09283,39.6,5.4,22.066001,9.231783,20.180554,10.661526,8.344132,5.488964,7.215671,2.314155,318.2
2022 to 2024,S12000030,Stirling,Female,85 to 89,2.5,1.2,3.7,121,4662,7.438017,21.487603,12.396694,26.446281,40938,54.455518,2.68699,42.859935,4.150178,25.260149,4.687576,6.780986,44.803301,11.626968,92604,4.797849,1.044231,2.565764,0.494579,0.131744,0.561531,0.09283,39.6,5.4,22.066001,9.231783,20.180554,10.661526,8.344132,5.488964,7.215671,2.314155,318.2
2022 to 2024,S12000030,Stirling,Female,90+,1.4,0.7,2.1,121,4662,7.438017,21.487603,12.396694,26.446281,40938,54.455518,2.68699,42.859935,4.150178,25.260149,4.687576,6.780986,44.803301,11.626968,92604,4.797849,1.044231,2.565764,0.494579,0.131744,0.561531,0.09283,39.6,5.4,22.066001,9.231783,20.180554,10.661526,8.344132,5.488964,7.215671,2.314155,318.2
2022 to 2024,S12000030,Stirling,Male,<1,60.2,56.9,63.6,121,4662,7.438017,21.487603,12.396694,26.446281,36958,60.844743,3.222577,35.921857,4.064073,21.803128,1.371827,5.34661,17.650198,18.890915,92604,4.797849,1.044231,2.565764,0.494579,0.131744,0.561531,0.09283,39.6,5.4,22.066001,9.231783,20.180554,10.661526,8.344132,5.488964,7.215671,2.314155,318.2
2022 to 2024,S12000030,Stirling,Male,01 to 04,59.5,56.3,62.8,121,4662,7.438017,21.487603,12.396694,26.446281,36958,60.844743,3.222577,35.921857,4.064073,21.803128,1.371827,5.34661,17.650198,18.890915,92604,4.797849,1.044231,2.565764,0.494579,0.131744,0.561531,0.09283,39.6,5.4,22.066001,9.231783,20.180554,10.661526,8.344132,5.488964,7.215671,2.314155,318.2
2022 to 2024,S12000030,Stirling,Male,05 to 09,56,52.9,59,121,4662,7.438017,21.487603,12.396694,26.446281,36958,60.844743,3.222577,35.921857,4.064073,21.803128,1.371827,5.34661,17.650198,18.890915,92604,4.797849,1.044231,2.565764,0.494579,0.131744,0.561531,0.09283,39.6,5.4,22.066001,9.231783,20.180554,10.661526,8.344132,5.488964,7.215671,2.314155,318.2
2022 to 2024,S12000030,Stirling,Male,10 to 14,51.3,48.6,54.1,121,4662,7.438017,21.487603,12.396694,26.446281,36958,60.844743,3.222577,35.921857,4.064073,21.803128,1.371827,5.34661,17.650198,18.890915,92604,4.797849,1.044231,2.565764,0.494579,0.131744,0.561531,0.09283,39.6,5.4,22.066001,9.231783,20.180554,10.661526,8.344132,5.488964,7.215671,2.314155,318.2
2022 to 2024,S12000030,Stirling,Male,15 to 19,46.8,44.3,49.4,121,4662,7.438017,21.487603,12.396694,26.446281,36958,60.844743,3.222577,35.921857,4.064073,21.803128,1.371827,5.34661,17.650198,18.890915,92604,4.797849,1.044231,2.565764,0.494579,0.131744,0.561531,0.09283,39.6,5.4,22.066001,9.231783,20.180554,10.661526,8.344132,5.488964,7.215671,2.314155,318.2
2022 to 2024,S12000030,Stirling,Male,20 to 24,42.5,40,45.1,121,4662,7.438017,21.487603,12.396694,26.446281,36958,60.844743,3.222577,35.921857,4.064073,21.803128,1.371827,5.34661,17.650198,18.890915,92604,4.797849,1.044231,2.565764,0.494579,0.131744,0.561531,0.09283,39.6,5.4,22.066001,9.231783,20.180554,10.661526,8.344132,5.488964,7.215671,2.314155,318.2
2022 to 2024,S12000030,Stirling,Male,25 to 29,38.3,35.9,40.7,121,4662,7.438017,21.487603,12.396694,26.446281,36958,60.844743,3.222577,35.921857,4.064073,21.803128,1.371827,5.34661,17.650198,18.890915,92604,4.797849,1.044231,2.565764,0.494579,0.131744,0.561531,0.09283,39.6,5.4,22.066001,9.231783,20.180554,10.661526,8.344132,5.488964,7.215671,2.314155,318.2
2022 to 2024,S12000030,Stirling,Male,30 to 34,34.1,31.9,36.4,121,4662,7.438017,21.487603,12.396694,26.446281,36958,60.844743,3.222577,35.921857,4.064073,21.803128,1.371827,5.34661,17.650198,18.890915,92604,4.797849,1.044231,2.565764,0.494579,0.131744,0.561531,0.09283,39.6,5.4,22.066001,9.231783,20.180554,10.661526,8.344132,5.488964,7.215671,2.314155,318.2
2022 to 2024,S12000030,Stirling,Male,35 to 39,30.3,28.1,32.4,121,4662,7.438017,21.487603,12.396694,26.446281,36958,60.844743,3.222577,35.921857,4.064073,21.803128,1.371827,5.34661,17.650198,18.890915,92604,4.797849,1.044231,2.565764,0.494579,0.131744,0.561531,0.09283,39.6,5.4,22.066001,9.231783,20.180554,10.661526,8.344132,5.488964,7.215671,2.314155,318.2
2022 to 2024,S12000030,Stirling,Male,40 to 44,26.4,24.3,28.5,121,4662,7.438017,21.487603,12.396694,26.446281,36958,60.844743,3.222577,35.921857,4.064073,21.803128,1.371827,5.34661,17.650198,18.890915,92604,4.797849,1.044231,2.565764,0.494579,0.131744,0.561531,0.09283,39.6,5.4,22.066001,9.231783,20.180554,10.661526,8.344132,5.488964,7.215671,2.314155,318.2
2022 to 2024,S12000030,Stirling,Male,45 to 49,22.8,20.8,24.7,121,4662,7.438017,21.487603,12.396694,26.446281,36958,60.844743,3.222577,35.921857,4.064073,21.803128,1.371827,5.34661,17.650198,18.890915,92604,4.797849,1.044231,2.565764,0.494579,0.131744,0.561531,0.09283,39.6,5.4,22.066001,9.231783,20.180554,10.661526,8.344132,5.488964,7.215671,2.314155,318.2
2022 to 2024,S12000030,Stirling,Male,50 to 54,19.3,17.5,21.1,121,4662,7.438017,21.487603,12.396694,26.446281,36958,60.844743,3.222577,35.921857,4.064073,21.803128,1.371827,5.34661,17.650198,18.890915,92604,4.797849,1.044231,2.565764,0.494579,0.131744,0.561531,0.09283,39.6,5.4,22.066001,9.231783,20.180554,10.661526,8.344132,5.488964,7.215671,2.314155,318.2
2022 to 2024,S12000030,Stirling,Male,55 to 59,16.1,14.4,17.8,121,4662,7.438017,21.487603,12.396694,26.446281,36958,60.844743,3.222577,35.921857,4.064073,21.803128,1.371827,5.34661,17.650198,18.890915,92604,4.797849,1.044231,2.565764,0.494579,0.131744,0.561531,0.09283,39.6,5.4,22.066001,9.231783,20.180554,10.661526,8.344132,5.488964,7.215671,2.314155,318.2
2022 to 2024,S12000030,Stirling,Male,60 to 64,13,11.4,14.7,121,4662,7.438017,21.487603,12.396694,26.446281,36958,60.844743,3.222577,35.921857,4.064073,21.803128,1.371827,5.34661,17.650198,18.890915,92604,4.797849,1.044231,2.565764,0.494579,0.131744,0.561531,0.09283,39.6,5.4,22.066001,9.231783,20.180554,10.661526,8.344132,5.488964,7.215671,2.314155,318.2
2022 to 2024,S12000030,Stirling,Male,65 to 69,10.3,8.6,11.9,121,4662,7.438017,21.487603,12.396694,26.446281,36958,60.844743,3.222577,35.921857,4.064073,21.803128,1.371827,5.34661,17.650198,18.890915,92604,4.797849,1.044231,2.565764,0.494579,0.131744,0.561531,0.09283,39.6,5.4,22.066001,9.231783,20.180554,10.661526,8.344132,5.488964,7.215671,2.314155,318.2
2022 to 2024,S12000030,Stirling,Male,70 to 74,7.7,6.2,9.3,121,4662,7.438017,21.487603,12.396694,26.446281,36958,60.844743,3.222577,35.921857,4.064073,21.803128,1.371827,5.34661,17.650198,18.890915,92604,4.797849,1.044231,2.565764,0.494579,0.131744,0.561531,0.09283,39.6,5.4,22.066001,9.231783,20.180554,10.661526,8.344132,5.488964,7.215671,2.314155,318.2
2022 to 2024,S12000030,Stirling,Male,75 to 79,5.6,4,7.1,121,4662,7.438017,21.487603,12.396694,26.446281,36958,60.844743,3.222577,35.921857,4.064073,21.803128,1.371827,5.34661,17.650198,18.890915,92604,4.797849,1.044231,2.565764,0.494579,0.131744,0.561531,0.09283,39.6,5.4,22.066001,9.231783,20.180554,10.661526,8.344132,5.488964,7.215671,2.314155,318.2
2022 to 2024,S12000030,Stirling,Male,80 to 84,3.7,2.1,5.4,121,4662,7.438017,21.487603,12.396694,26.446281,36958,60.844743,3.222577,35.921857,4.064073,21.803128,1.371827,5.34661,17.650198,18.890915,92604,4.797849,1.044231,2.565764,0.494579,0.131744,0.561531,0.09283,39.6,5.4,22.066001,9.231783,20.180554,10.661526,8.344132,5.488964,7.215671,2.314155,318.2
2022 to 2024,S12000030,Stirling,Male,85 to 89,2.6,1.4,3.7,121,4662,7.438017,21.487603,12.396694,26.446281,36958,60.844743,3.222577,35.921857,4.064073,21.803128,1.371827,5.34661,17.650198,18.890915,92604,4.797849,1.044231,2.565764,0.494579,0.131744,0.561531,0.09283,39.6,5.4,22.066001,9.231783,20.180554,10.661526,8.344132,5.488964,7.215671,2.314155,318.2
2022 to 2024,S12000030,Stirling,Male,90+,1.8,1,2.6,121,4662,7.438017,21.487603,12.396694,26.446281,36958,60.844743,3.222577,35.921857,4.064073,21.803128,1.371827,5.34661,17.650198,18.890915,92604,4.797849,1.044231,2.565764,0.494579,0.131744,0.561531,0.09283,39.6,5.4,22.066001,9.231783,20.180554,10.661526,8.344132,5.488964,7.215671,2.314155,318.2
2022 to 2024,S12000039,West Dunbartonshire,Female,<1,53,48.6,57.3,121,2001,31.404959,4.132231,39.669421,5.785124,38588,55.514668,2.132787,42.360319,7.486783,24.686431,4.897896,3.882036,40.761834,5.125572,88399,3.178769,0.731909,1.325807,0.583717,0.070137,0.466069,0.062279,21.7,8.7,27.65529,13.733187,23.034197,12.658514,11.838369,5.170873,7.28515,2.57469,554.1
2022 to 2024,S12000039,West Dunbartonshire,Female,01 to 04,52.3,48.1,56.5,121,2001,31.404959,4.132231,39.669421,5.785124,38588,55.514668,2.132787,42.360319,7.486783,24.686431,4.897896,3.882036,40.761834,5.125572,88399,3.178769,0.731909,1.325807,0.583717,0.070137,0.466069,0.062279,21.7,8.7,27.65529,13.733187,23.034197,12.658514,11.838369,5.170873,7.28515,2.57469,554.1
2022 to 2024,S12000039,West Dunbartonshire,Female,05 to 09,48.9,45.2,52.6,121,2001,31.404959,4.132231,39.669421,5.785124,38588,55.514668,2.132787,42.360319,7.486783,24.686431,4.897896,3.882036,40.761834,5.125572,88399,3.178769,0.731909,1.325807,0.583717,0.070137,0.466069,0.062279,21.7,8.7,27.65529,13.733187,23.034197,12.658514,11.838369,5.170873,7.28515,2.57469,554.1
2022 to 2024,S12000039,West Dunbartonshire,Female,10 to 14,44.7,41.6,47.8,121,2001,31.404959,4.132231,39.669421,5.785124,38588,55.514668,2.132787,42.360319,7.486783,24.686431,4.897896,3.882036,40.761834,5.125572,88399,3.178769,0.731909,1.325807,0.583717,0.070137,0.466069,0.062279,21.7,8.7,27.65529,13.733187,23.034197,12.658514,11.838369,5.170873,7.28515,2.57469,554.1
2022 to 2024,S12000039,West Dunbartonshire,Female,15 to 19,40.6,37.9,43.3,121,2001,31.404959,4.132231,39.669421,5.785124,38588,55.514668,2.132787,42.360319,7.486783,24.686431,4.897896,3.882036,40.761834,5.125572,88399,3.178769,0.731909,1.325807,0.583717,0.070137,0.466069,0.062279,21.7,8.7,27.65529,13.733187,23.034197,12.658514,11.838369,5.170873,7.28515,2.57469,554.1
2022 to 2024,S12000039,West Dunbartonshire,Female,20 to 24,36.6,34,39.1,121,2001,31.404959,4.132231,39.669421,5.785124,38588,55.514668,2.132787,42.360319,7.486783,24.686431,4.897896,3.882036,40.761834,5.125572,88399,3.178769,0.731909,1.325807,0.583717,0.070137,0.466069,0.062279,21.7,8.7,27.65529,13.733187,23.034197,12.658514,11.838369,5.170873,7.28515,2.57469,554.1
2022 to 2024,S12000039,West Dunbartonshire,Female,25 to 29,32.8,30.4,35.1,121,2001,31.404959,4.132231,39.669421,5.785124,38588,55.514668,2.132787,42.360319,7.486783,24.686431,4.897896,3.882036,40.761834,5.125572,88399,3.178769,0.731909,1.325807,0.583717,0.070137,0.466069,0.062279,21.7,8.7,27.65529,13.733187,23.034197,12.658514,11.838369,5.170873,7.28515,2.57469,554.1
2022 to 2024,S12000039,West Dunbartonshire,Female,30 to 34,29.1,26.8,31.4,121,2001,31.404959,4.132231,39.669421,5.785124,38588,55.514668,2.132787,42.360319,7.486783,24.686431,4.897896,3.882036,40.761834,5.125572,88399,3.178769,0.731909,1.325807,0.583717,0.070137,0.466069,0.062279,21.7,8.7,27.65529,13.733187,23.034197,12.658514,11.838369,5.170873,7.28515,2.57469,554.1
2022 to 2024,S12000039,West Dunbartonshire,Female,35 to 39,25.5,23.4,27.7,121,2001,31.404959,4.132231,39.669421,5.785124,38588,55.514668,2.132787,42.360319,7.486783,24.686431,4.897896,3.882036,40.761834,5.125572,88399,3.178769,0.731909,1.325807,0.583717,0.070137,0.466069,0.062279,21.7,8.7,27.65529,13.733187,23.034197,12.658514,11.838369,5.170873,7.28515,2.57469,554.1
2022 to 2024,S12000039,West Dunbartonshire,Female,40 to 44,22.2,20.1,24.2,121,2001,31.404959,4.132231,39.669421,5.785124,38588,55.514668,2.132787,42.360319,7.486783,24.686431,4.897896,3.882036,40.761834,5.125572,88399,3.178769,0.731909,1.325807,0.583717,0.070137,0.466069,0.062279,21.7,8.7,27.65529,13.733187,23.034197,12.658514,11.838369,5.170873,7.28515,2.57469,554.1
2022 to 2024,S12000039,West Dunbartonshire,Female,45 to 49,19,17.1,21,121,2001,31.404959,4.132231,39.669421,5.785124,38588,55.514668,2.132787,42.360319,7.486783,24.686431,4.897896,3.882036,40.761834,5.125572,88399,3.178769,0.731909,1.325807,0.583717,0.070137,0.466069,0.062279,21.7,8.7,27.65529,13.733187,23.034197,12.658514,11.838369,5.170873,7.28515,2.57469,554.1
2022 to 2024,S12000039,West Dunbartonshire,Female,50 to 54,16,14.2,17.7,121,2001,31.404959,4.132231,39.669421,5.785124,38588,55.514668,2.132787,42.360319,7.486783,24.686431,4.897896,3.882036,40.761834,5.125572,88399,3.178769,0.731909,1.325807,0.583717,0.070137,0.466069,0.062279,21.7,8.7,27.65529,13.733187,23.034197,12.658514,11.838369,5.170873,7.28515,2.57469,554.1
2022 to 2024,S12000039,West Dunbartonshire,Female,55 to 59,13.1,11.5,14.8,121,2001,31.404959,4.132231,39.669421,5.785124,38588,55.514668,2.132787,42.360319,7.486783,24.686431,4.897896,3.882036,40.761834,5.125572,88399,3.178769,0.731909,1.325807,0.583717,0.070137,0.466069,0.062279,21.7,8.7,27.65529,13.733187,23.034197,12.658514,11.838369,5.170873,7.28515,2.57469,554.1
2022 to 2024,S12000039,West Dunbartonshire,Female,60 to 64,10.5,8.9,12.1,121,2001,31.404959,4.132231,39.669421,5.785124,38588,55.514668,2.132787,42.360319,7.486783,24.686431,4.897896,3.882036,40.761834,5.125572,88399,3.178769,0.731909,1.325807,0.583717,0.070137,0.466069,0.062279,21.7,8.7,27.65529,13.733187,23.034197,12.658514,11.838369,5.170873,7.28515,2.57469,554.1
2022 to 2024,S12000039,West Dunbartonshire,Female,65 to 69,8.2,6.6,9.7,121,2001,31.404959,4.132231,39.669421,5.785124,38588,55.514668,2.132787,42.360319,7.486783,24.686431,4.897896,3.882036,40.761834,5.125572,88399,3.178769,0.731909,1.325807,0.583717,0.070137,0.466069,0.062279,21.7,8.7,27.65529,13.733187,23.034197,12.658514,11.838369,5.170873,7.28515,2.57469,554.1
2022 to 2024,S12000039,West Dunbartonshire,Female,70 to 74,6.1,4.5,7.6,121,2001,31.404959,4.132231,39.669421,5.785124,38588,55.514668,2.132787,42.360319,7.486783,24.686431,4.897896,3.882036,40.761834,5.125572,88399,3.178769,0.731909,1.325807,0.583717,0.070137,0.466069,0.062279,21.7,8.7,27.65529,13.733187,23.034197,12.658514,11.838369,5.170873,7.28515,2.57469,554.1
2022 to 2024,S12000039,West Dunbartonshire,Female,75 to 79,4.3,2.7,5.9,121,2001,31.404959,4.132231,39.669421,5.785124,38588,55.514668,2.132787,42.360319,7.486783,24.686431,4.897896,3.882036,40.761834,5.125572,88399,3.178769,0.731909,1.325807,0.583717,0.070137,0.466069,0.062279,21.7,8.7,27.65529,13.733187,23.034197,12.658514,11.838369,5.170873,7.28515,2.57469,554.1
2022 to 2024,S12000039,West Dunbartonshire,Female,80 to 84,2.9,1.2,4.6,121,2001,31.404959,4.132231,39.669421,5.785124,38588,55.514668,2.132787,42.360319,7.486783,24.686431,4.897896,3.882036,40.761834,5.125572,88399,3.178769,0.731909,1.325807,0.583717,0.070137,0.466069,0.062279,21.7,8.7,27.65529,13.733187,23.034197,12.658514,11.838369,5.170873,7.28515,2.57469,554.1
2022 to 2024,S12000039,West Dunbartonshire,Female,85 to 89,1.8,0.8,2.9,121,2001,31.404959,4.132231,39.669421,5.785124,38588,55.514668,2.132787,42.360319,7.486783,24.686431,4.897896,3.882036,40.761834,5.125572,88399,3.178769,0.731909,1.325807,0.583717,0.070137,0.466069,0.062279,21.7,8.7,27.65529,13.733187,23.034197,12.658514,11.838369,5.170873,7.28515,2.57469,554.1
2022 to 2024,S12000039,West Dunbartonshire,Female,90+,1,0.4,1.6,121,2001,31.404959,4.132231,39.669421,5.785124,38588,55.514668,2.132787,42.360319,7.486783,24.686431,4.897896,3.882036,40.761834,5.125572,88399,3.178769,0.731909,1.325807,0.583717,0.070137,0.466069,0.062279,21.7,8.7,27.65529,13.733187,23.034197,12.658514,11.838369,5.170873,7.28515,2.57469,554.1
2022 to 2024,S12000039,West Dunbartonshire,Male,<1,53.2,49.5,56.9,121,2001,31.404959,4.132231,39.669421,5.785124,34788,60.009199,3.552949,36.432103,7.080028,21.553409,1.80522,2.564103,14.65798,13.37421,88399,3.178769,0.731909,1.325807,0.583717,0.070137,0.466069,0.062279,21.7,8.7,27.65529,13.733187,23.034197,12.658514,11.838369,5.170873,7.28515,2.57469,554.1
2022 to 2024,S12000039,West Dunbartonshire,Male,01 to 04,52.6,49,56.2,121,2001,31.404959,4.132231,39.669421,5.785124,34788,60.009199,3.552949,36.432103,7.080028,21.553409,1.80522,2.564103,14.65798,13.37421,88399,3.178769,0.731909,1.325807,0.583717,0.070137,0.466069,0.062279,21.7,8.7,27.65529,13.733187,23.034197,12.658514,11.838369,5.170873,7.28515,2.57469,554.1
2022 to 2024,S12000039,West Dunbartonshire,Male,05 to 09,49,45.9,52.2,121,2001,31.404959,4.132231,39.669421,5.785124,34788,60.009199,3.552949,36.432103,7.080028,21.553409,1.80522,2.564103,14.65798,13.37421,88399,3.178769,0.731909,1.325807,0.583717,0.070137,0.466069,0.062279,21.7,8.7,27.65529,13.733187,23.034197,12.658514,11.838369,5.170873,7.28515,2.57469,554.1
2022 to 2024,S12000039,West Dunbartonshire,Male,10 to 14,44.6,41.9,47.4,121,2001,31.404959,4.132231,39.669421,5.785124,34788,60.009199,3.552949,36.432103,7.080028,21.553409,1.80522,2.564103,14.65798,13.37421,88399,3.178769,0.731909,1.325807,0.583717,0.070137,0.466069,0.062279,21.7,8.7,27.65529,13.733187,23.034197,12.658514,11.838369,5.170873,7.28515,2.57469,554.1
2022 to 2024,S12000039,West Dunbartonshire,Male,15 to 19,40.3,37.8,42.8,121,2001,31.404959,4.132231,39.669421,5.785124,34788,60.009199,3.552949,36.432103,7.080028,21.553409,1.80522,2.564103,14.65798,13.37421,88399,3.178769,0.731909,1.325807,0.583717,0.070137,0.466069,0.062279,21.7,8.7,27.65529,13.733187,23.034197,12.658514,11.838369,5.170873,7.28515,2.57469,554.1
2022 to 2024,S12000039,West Dunbartonshire,Male,20 to 24,36.2,33.8,38.6,121,2001,31.404959,4.132231,39.669421,5.785124,34788,60.009199,3.552949,36.432103,7.080028,21.553409,1.80522,2.564103,14.65798,13.37421,88399,3.178769,0.731909,1.325807,0.583717,0.070137,0.466069,0.062279,21.7,8.7,27.65529,13.733187,23.034197,12.658514,11.838369,5.170873,7.28515,2.57469,554.1
2022 to 2024,S12000039,West Dunbartonshire,Male,25 to 29,32.3,30,34.5,121,2001,31.404959,4.132231,39.669421,5.785124,34788,60.009199,3.552949,36.432103,7.080028,21.553409,1.80522,2.564103,14.65798,13.37421,88399,3.178769,0.731909,1.325807,0.583717,0.070137,0.466069,0.062279,21.7,8.7,27.65529,13.733187,23.034197,12.658514,11.838369,5.170873,7.28515,2.57469,554.1
2022 to 2024,S12000039,West Dunbartonshire,Male,30 to 34,28.5,26.3,30.6,121,2001,31.404959,4.132231,39.669421,5.785124,34788,60.009199,3.552949,36.432103,7.080028,21.553409,1.80522,2.564103,14.65798,13.37421,88399,3.178769,0.731909,1.325807,0.583717,0.070137,0.466069,0.062279,21.7,8.7,27.65529,13.733187,23.034197,12.658514,11.838369,5.170873,7.28515,2.57469,554.1
2022 to 2024,S12000039,West Dunbartonshire,Male,35 to 39,24.7,22.8,26.7,121,2001,31.404959,4.132231,39.669421,5.785124,34788,60.009199,3.552949,36.432103,7.080028,21.553409,1.80522,2.564103,14.65798,13.37421,88399,3.178769,0.731909,1.325807,0.583717,0.070137,0.466069,0.062279,21.7,8.7,27.65529,13.733187,23.034197,12.658514,11.838369,5.170873,7.28515,2.57469,554.1
2022 to 2024,S12000039,West Dunbartonshire,Male,40 to 44,21.3,19.4,23.1,121,2001,31.404959,4.132231,39.669421,5.785124,34788,60.009199,3.552949,36.432103,7.080028,21.553409,1.80522,2.564103,14.65798,13.37421,88399,3.178769,0.731909,1.325807,0.583717,0.070137,0.466069,0.062279,21.7,8.7,27.65529,13.733187,23.034197,12.658514,11.838369,5.170873,7.28515,2.57469,554.1
2022 to 2024,S12000039,West Dunbartonshire,Male,45 to 49,18.1,16.4,19.9,121,2001,31.404959,4.132231,39.669421,5.785124,34788,60.009199,3.552949,36.432103,7.080028,21.553409,1.80522,2.564103,14.65798,13.37421,88399,3.178769,0.731909,1.325807,0.583717,0.070137,0.466069,0.062279,21.7,8.7,27.65529,13.733187,23.034197,12.658514,11.838369,5.170873,7.28515,2.57469,554.1
2022 to 2024,S12000039,West Dunbartonshire,Male,50 to 54,15.1,13.5,16.7,121,2001,31.404959,4.132231,39.669421,5.785124,34788,60.009199,3.552949,36.432103,7.080028,21.553409,1.80522,2.564103,14.65798,13.37421,88399,3.178769,0.731909,1.325807,0.583717,0.070137,0.466069,0.062279,21.7,8.7,27.65529,13.733187,23.034197,12.658514,11.838369,5.170873,7.28515,2.57469,554.1
2022 to 2024,S12000039,West Dunbartonshire,Male,55 to 59,12.3,10.8,13.8,121,2001,31.404959,4.132231,39.669421,5.785124,34788,60.009199,3.552949,36.432103,7.080028,21.553409,1.80522,2.564103,14.65798,13.37421,88399,3.178769,0.731909,1.325807,0.583717,0.070137,0.466069,0.062279,21.7,8.7,27.65529,13.733187,23.034197,12.658514,11.838369,5.170873,7.28515,2.57469,554.1
2022 to 2024,S12000039,West Dunbartonshire,Male,60 to 64,9.8,8.4,11.2,121,2001,31.404959,4.132231,39.669421,5.785124,34788,60.009199,3.552949,36.432103,7.080028,21.553409,1.80522,2.564103,14.65798,13.37421,88399,3.178769,0.731909,1.325807,0.583717,0.070137,0.466069,0.062279,21.7,8.7,27.65529,13.733187,23.034197,12.658514,11.838369,5.170873,7.28515,2.57469,554.1
2022 to 2024,S12000039,West Dunbartonshire,Male,65 to 69,7.6,6.2,8.9,121,2001,31.404959,4.132231,39.669421,5.785124,34788,60.009199,3.552949,36.432103,7.080028,21.553409,1.80522,2.564103,14.65798,13.37421,88399,3.178769,0.731909,1.325807,0.583717,0.070137,0.466069,0.062279,21.7,8.7,27.65529,13.733187,23.034197,12.658514,11.838369,5.170873,7.28515,2.57469,554.1
2022 to 2024,S12000039,West Dunbartonshire,Male,70 to 74,5.5,4.2,6.9,121,2001,31.404959,4.132231,39.669421,5.785124,34788,60.009199,3.552949,36.432103,7.080028,21.553409,1.80522,2.564103,14.65798,13.37421,88399,3.178769,0.731909,1.325807,0.583717,0.070137,0.466069,0.062279,21.7,8.7,27.65529,13.733187,23.034197,12.658514,11.838369,5.170873,7.28515,2.57469,554.1
2022 to 2024,S12000039,West Dunbartonshire,Male,75 to 79,3.9,2.6,5.3,121,2001,31.404959,4.132231,39.669421,5.785124,34788,60.009199,3.552949,36.432103,7.080028,21.553409,1.80522,2.564103,14.65798,13.37421,88399,3.178769,0.731909,1.325807,0.583717,0.070137,0.466069,0.062279,21.7,8.7,27.65529,13.733187,23.034197,12.658514,11.838369,5.170873,7.28515,2.57469,554.1
2022 to 2024,S12000039,West Dunbartonshire,Male,80 to 84,2.7,1.2,4.2,121,2001,31.404959,4.132231,39.669421,5.785124,34788,60.009199,3.552949,36.432103,7.080028,21.553409,1.80522,2.564103,14.65798,13.37421,88399,3.178769,0.731909,1.325807,0.583717,0.070137,0.466069,0.062279,21.7,8.7,27.65529,13.733187,23.034197,12.658514,11.838369,5.170873,7.28515,2.57469,554.1
2022 to 2024,S12000039,West Dunbartonshire,Male,85 to 89,1.8,0.8,2.8,121,2001,31.404959,4.132231,39.669421,5.785124,34788,60.009199,3.552949,36.432103,7.080028,21.553409,1.80522,2.564103,14.65798,13.37421,88399,3.178769,0.731909,1.325807,0.583717,0.070137,0.466069,0.062279,21.7,8.7,27.65529,13.733187,23.034197,12.658514,11.838369,5.170873,7.28515,2.57469,554.1
2022 to 2024,S12000039,West Dunbartonshire,Male,90+,1.1,0.5,1.8,121,2001,31.404959,4.132231,39.669421,5.785124,34788,60.009199,3.552949,36.432103,7.080028,21.553409,1.80522,2.564103,14.65798,13.37421,88399,3.178769,0.731909,1.325807,0.583717,0.070137,0.466069,0.062279,21.7,8.7,27.65529,13.733187,23.034197,12.658514,11.838369,5.170873,7.28515,2.57469,554.1
2022 to 2024,S12000040,West Lothian,Female,<1,60.3,56.3,64.3,239,3378,8.786611,14.644351,15.481172,19.246862,76248,59.553037,1.811195,38.635767,5.733921,22.947487,4.948327,3.631571,38.202519,7.476656,181278,5.219607,1.054734,2.789086,0.793808,0.089917,0.489855,0.100691,27.8,7.2,24.170611,10.808813,21.448273,11.801211,9.574245,5.666435,6.750405,2.320745,337
2022 to 2024,S12000040,West Lothian,Female,01 to 04,59.5,55.6,63.4,239,3378,8.786611,14.644351,15.481172,19.246862,76248,59.553037,1.811195,38.635767,5.733921,22.947487,4.948327,3.631571,38.202519,7.476656,181278,5.219607,1.054734,2.789086,0.793808,0.089917,0.489855,0.100691,27.8,7.2,24.170611,10.808813,21.448273,11.801211,9.574245,5.666435,6.750405,2.320745,337
2022 to 2024,S12000040,West Lothian,Female,05 to 09,55.9,52.4,59.3,239,3378,8.786611,14.644351,15.481172,19.246862,76248,59.553037,1.811195,38.635767,5.733921,22.947487,4.948327,3.631571,38.202519,7.476656,181278,5.219607,1.054734,2.789086,0.793808,0.089917,0.489855,0.100691,27.8,7.2,24.170611,10.808813,21.448273,11.801211,9.574245,5.666435,6.750405,2.320745,337
2022 to 2024,S12000040,West Lothian,Female,10 to 14,51.3,48.3,54.4,239,3378,8.786611,14.644351,15.481172,19.246862,76248,59.553037,1.811195,38.635767,5.733921,22.947487,4.948327,3.631571,38.202519,7.476656,181278,5.219607,1.054734,2.789086,0.793808,0.089917,0.489855,0.100691,27.8,7.2,24.170611,10.808813,21.448273,11.801211,9.574245,5.666435,6.750405,2.320745,337
2022 to 2024,S12000040,West Lothian,Female,15 to 19,46.9,44.1,49.6,239,3378,8.786611,14.644351,15.481172,19.246862,76248,59.553037,1.811195,38.635767,5.733921,22.947487,4.948327,3.631571,38.202519,7.476656,181278,5.219607,1.054734,2.789086,0.793808,0.089917,0.489855,0.100691,27.8,7.2,24.170611,10.808813,21.448273,11.801211,9.574245,5.666435,6.750405,2.320745,337
2022 to 2024,S12000040,West Lothian,Female,20 to 24,42.6,39.9,45.2,239,3378,8.786611,14.644351,15.481172,19.246862,76248,59.553037,1.811195,38.635767,5.733921,22.947487,4.948327,3.631571,38.202519,7.476656,181278,5.219607,1.054734,2.789086,0.793808,0.089917,0.489855,0.100691,27.8,7.2,24.170611,10.808813,21.448273,11.801211,9.574245,5.666435,6.750405,2.320745,337
2022 to 2024,S12000040,West Lothian,Female,25 to 29,38.5,35.9,41,239,3378,8.786611,14.644351,15.481172,19.246862,76248,59.553037,1.811195,38.635767,5.733921,22.947487,4.948327,3.631571,38.202519,7.476656,181278,5.219607,1.054734,2.789086,0.793808,0.089917,0.489855,0.100691,27.8,7.2,24.170611,10.808813,21.448273,11.801211,9.574245,5.666435,6.750405,2.320745,337
2022 to 2024,S12000040,West Lothian,Female,30 to 34,34.4,32,36.9,239,3378,8.786611,14.644351,15.481172,19.246862,76248,59.553037,1.811195,38.635767,5.733921,22.947487,4.948327,3.631571,38.202519,7.476656,181278,5.219607,1.054734,2.789086,0.793808,0.089917,0.489855,0.100691,27.8,7.2,24.170611,10.808813,21.448273,11.801211,9.574245,5.666435,6.750405,2.320745,337
2022 to 2024,S12000040,West Lothian,Female,35 to 39,30.5,28.1,32.8,239,3378,8.786611,14.644351,15.481172,19.246862,76248,59.553037,1.811195,38.635767,5.733921,22.947487,4.948327,3.631571,38.202519,7.476656,181278,5.219607,1.054734,2.789086,0.793808,0.089917,0.489855,0.100691,27.8,7.2,24.170611,10.808813,21.448273,11.801211,9.574245,5.666435,6.750405,2.320745,337
2022 to 2024,S12000040,West Lothian,Female,40 to 44,26.7,24.4,28.9,239,3378,8.786611,14.644351,15.481172,19.246862,76248,59.553037,1.811195,38.635767,5.733921,22.947487,4.948327,3.631571,38.202519,7.476656,181278,5.219607,1.054734,2.789086,0.793808,0.089917,0.489855,0.100691,27.8,7.2,24.170611,10.808813,21.448273,11.801211,9.574245,5.666435,6.750405,2.320745,337
2022 to 2024,S12000040,West Lothian,Female,45 to 49,23,20.8,25.2,239,3378,8.786611,14.644351,15.481172,19.246862,76248,59.553037,1.811195,38.635767,5.733921,22.947487,4.948327,3.631571,38.202519,7.476656,181278,5.219607,1.054734,2.789086,0.793808,0.089917,0.489855,0.100691,27.8,7.2,24.170611,10.808813,21.448273,11.801211,9.574245,5.666435,6.750405,2.320745,337
2022 to 2024,S12000040,West Lothian,Female,50 to 54,19.5,17.4,21.6,239,3378,8.786611,14.644351,15.481172,19.246862,76248,59.553037,1.811195,38.635767,5.733921,22.947487,4.948327,3.631571,38.202519,7.476656,181278,5.219607,1.054734,2.789086,0.793808,0.089917,0.489855,0.100691,27.8,7.2,24.170611,10.808813,21.448273,11.801211,9.574245,5.666435,6.750405,2.320745,337
2022 to 2024,S12000040,West Lothian,Female,55 to 59,16.2,14.2,18.2,239,3378,8.786611,14.644351,15.481172,19.246862,76248,59.553037,1.811195,38.635767,5.733921,22.947487,4.948327,3.631571,38.202519,7.476656,181278,5.219607,1.054734,2.789086,0.793808,0.089917,0.489855,0.100691,27.8,7.2,24.170611,10.808813,21.448273,11.801211,9.574245,5.666435,6.750405,2.320745,337
2022 to 2024,S12000040,West Lothian,Female,60 to 64,13.1,11.2,15.1,239,3378,8.786611,14.644351,15.481172,19.246862,76248,59.553037,1.811195,38.635767,5.733921,22.947487,4.948327,3.631571,38.202519,7.476656,181278,5.219607,1.054734,2.789086,0.793808,0.089917,0.489855,0.100691,27.8,7.2,24.170611,10.808813,21.448273,11.801211,9.574245,5.666435,6.750405,2.320745,337
2022 to 2024,S12000040,West Lothian,Female,65 to 69,10.3,8.4,12.2,239,3378,8.786611,14.644351,15.481172,19.246862,76248,59.553037,1.811195,38.635767,5.733921,22.947487,4.948327,3.631571,38.202519,7.476656,181278,5.219607,1.054734,2.789086,0.793808,0.089917,0.489855,0.100691,27.8,7.2,24.170611,10.808813,21.448273,11.801211,9.574245,5.666435,6.750405,2.320745,337
2022 to 2024,S12000040,West Lothian,Female,70 to 74,7.9,6,9.8,239,3378,8.786611,14.644351,15.481172,19.246862,76248,59.553037,1.811195,38.635767,5.733921,22.947487,4.948327,3.631571,38.202519,7.476656,181278,5.219607,1.054734,2.789086,0.793808,0.089917,0.489855,0.100691,27.8,7.2,24.170611,10.808813,21.448273,11.801211,9.574245,5.666435,6.750405,2.320745,337
2022 to 2024,S12000040,West Lothian,Female,75 to 79,5.7,3.7,7.7,239,3378,8.786611,14.644351,15.481172,19.246862,76248,59.553037,1.811195,38.635767,5.733921,22.947487,4.948327,3.631571,38.202519,7.476656,181278,5.219607,1.054734,2.789086,0.793808,0.089917,0.489855,0.100691,27.8,7.2,24.170611,10.808813,21.448273,11.801211,9.574245,5.666435,6.750405,2.320745,337
2022 to 2024,S12000040,West Lothian,Female,80 to 84,3.9,1.8,5.9,239,3378,8.786611,14.644351,15.481172,19.246862,76248,59.553037,1.811195,38.635767,5.733921,22.947487,4.948327,3.631571,38.202519,7.476656,181278,5.219607,1.054734,2.789086,0.793808,0.089917,0.489855,0.100691,27.8,7.2,24.170611,10.808813,21.448273,11.801211,9.574245,5.666435,6.750405,2.320745,337
2022 to 2024,S12000040,West Lothian,Female,85 to 89,2.5,1.2,3.8,239,3378,8.786611,14.644351,15.481172,19.246862,76248,59.553037,1.811195,38.635767,5.733921,22.947487,4.948327,3.631571,38.202519,7.476656,181278,5.219607,1.054734,2.789086,0.793808,0.089917,0.489855,0.100691,27.8,7.2,24.170611,10.808813,21.448273,11.801211,9.574245,5.666435,6.750405,2.320745,337
2022 to 2024,S12000040,West Lothian,Female,90+,1.7,0.8,2.7,239,3378,8.786611,14.644351,15.481172,19.246862,76248,59.553037,1.811195,38.635767,5.733921,22.947487,4.948327,3.631571,38.202519,7.476656,181278,5.219607,1.054734,2.789086,0.793808,0.089917,0.489855,0.100691,27.8,7.2,24.170611,10.808813,21.448273,11.801211,9.574245,5.666435,6.750405,2.320745,337
2022 to 2024,S12000040,West Lothian,Male,<1,60,56.6,63.5,239,3378,8.786611,14.644351,15.481172,19.246862,71343,65.438796,2.670199,31.891005,5.053054,19.480538,1.450738,2.500596,12.569079,13.417299,181278,5.219607,1.054734,2.789086,0.793808,0.089917,0.489855,0.100691,27.8,7.2,24.170611,10.808813,21.448273,11.801211,9.574245,5.666435,6.750405,2.320745,337
2022 to 2024,S12000040,West Lothian,Male,01 to 04,59.4,56,62.7,239,3378,8.786611,14.644351,15.481172,19.246862,71343,65.438796,2.670199,31.891005,5.053054,19.480538,1.450738,2.500596,12.569079,13.417299,181278,5.219607,1.054734,2.789086,0.793808,0.089917,0.489855,0.100691,27.8,7.2,24.170611,10.808813,21.448273,11.801211,9.574245,5.666435,6.750405,2.320745,337
2022 to 2024,S12000040,West Lothian,Male,05 to 09,55.7,52.6,58.8,239,3378,8.786611,14.644351,15.481172,19.246862,71343,65.438796,2.670199,31.891005,5.053054,19.480538,1.450738,2.500596,12.569079,13.417299,181278,5.219607,1.054734,2.789086,0.793808,0.089917,0.489855,0.100691,27.8,7.2,24.170611,10.808813,21.448273,11.801211,9.574245,5.666435,6.750405,2.320745,337
2022 to 2024,S12000040,West Lothian,Male,10 to 14,51.1,48.3,53.9,239,3378,8.786611,14.644351,15.481172,19.246862,71343,65.438796,2.670199,31.891005,5.053054,19.480538,1.450738,2.500596,12.569079,13.417299,181278,5.219607,1.054734,2.789086,0.793808,0.089917,0.489855,0.100691,27.8,7.2,24.170611,10.808813,21.448273,11.801211,9.574245,5.666435,6.750405,2.320745,337
2022 to 2024,S12000040,West Lothian,Male,15 to 19,46.6,43.9,49.2,239,3378,8.786611,14.644351,15.481172,19.246862,71343,65.438796,2.670199,31.891005,5.053054,19.480538,1.450738,2.500596,12.569079,13.417299,181278,5.219607,1.054734,2.789086,0.793808,0.089917,0.489855,0.100691,27.8,7.2,24.170611,10.808813,21.448273,11.801211,9.574245,5.666435,6.750405,2.320745,337
2022 to 2024,S12000040,West Lothian,Male,20 to 24,42.1,39.5,44.7,239,3378,8.786611,14.644351,15.481172,19.246862,71343,65.438796,2.670199,31.891005,5.053054,19.480538,1.450738,2.500596,12.569079,13.417299,181278,5.219607,1.054734,2.789086,0.793808,0.089917,0.489855,0.100691,27.8,7.2,24.170611,10.808813,21.448273,11.801211,9.574245,5.666435,6.750405,2.320745,337
2022 to 2024,S12000040,West Lothian,Male,25 to 29,37.9,35.4,40.3,239,3378,8.786611,14.644351,15.481172,19.246862,71343,65.438796,2.670199,31.891005,5.053054,19.480538,1.450738,2.500596,12.569079,13.417299,181278,5.219607,1.054734,2.789086,0.793808,0.089917,0.489855,0.100691,27.8,7.2,24.170611,10.808813,21.448273,11.801211,9.574245,5.666435,6.750405,2.320745,337
2022 to 2024,S12000040,West Lothian,Male,30 to 34,33.6,31.3,35.9,239,3378,8.786611,14.644351,15.481172,19.246862,71343,65.438796,2.670199,31.891005,5.053054,19.480538,1.450738,2.500596,12.569079,13.417299,181278,5.219607,1.054734,2.789086,0.793808,0.089917,0.489855,0.100691,27.8,7.2,24.170611,10.808813,21.448273,11.801211,9.574245,5.666435,6.750405,2.320745,337
2022 to 2024,S12000040,West Lothian,Male,35 to 39,29.6,27.4,31.7,239,3378,8.786611,14.644351,15.481172,19.246862,71343,65.438796,2.670199,31.891005,5.053054,19.480538,1.450738,2.500596,12.569079,13.417299,181278,5.219607,1.054734,2.789086,0.793808,0.089917,0.489855,0.100691,27.8,7.2,24.170611,10.808813,21.448273,11.801211,9.574245,5.666435,6.750405,2.320745,337
2022 to 2024,S12000040,West Lothian,Male,40 to 44,25.7,23.6,27.8,239,3378,8.786611,14.644351,15.481172,19.246862,71343,65.438796,2.670199,31.891005,5.053054,19.480538,1.450738,2.500596,12.569079,13.417299,181278,5.219607,1.054734,2.789086,0.793808,0.089917,0.489855,0.100691,27.8,7.2,24.170611,10.808813,21.448273,11.801211,9.574245,5.666435,6.750405,2.320745,337
2022 to 2024,S12000040,West Lothian,Male,45 to 49,21.9,19.8,23.9,239,3378,8.786611,14.644351,15.481172,19.246862,71343,65.438796,2.670199,31.891005,5.053054,19.480538,1.450738,2.500596,12.569079,13.417299,181278,5.219607,1.054734,2.789086,0.793808,0.089917,0.489855,0.100691,27.8,7.2,24.170611,10.808813,21.448273,11.801211,9.574245,5.666435,6.750405,2.320745,337
2022 to 2024,S12000040,West Lothian,Male,50 to 54,18.4,16.4,20.4,239,3378,8.786611,14.644351,15.481172,19.246862,71343,65.438796,2.670199,31.891005,5.053054,19.480538,1.450738,2.500596,12.569079,13.417299,181278,5.219607,1.054734,2.789086,0.793808,0.089917,0.489855,0.100691,27.8,7.2,24.170611,10.808813,21.448273,11.801211,9.574245,5.666435,6.750405,2.320745,337
2022 to 2024,S12000040,West Lothian,Male,55 to 59,15.1,13.3,17,239,3378,8.786611,14.644351,15.481172,19.246862,71343,65.438796,2.670199,31.891005,5.053054,19.480538,1.450738,2.500596,12.569079,13.417299,181278,5.219607,1.054734,2.789086,0.793808,0.089917,0.489855,0.100691,27.8,7.2,24.170611,10.808813,21.448273,11.801211,9.574245,5.666435,6.750405,2.320745,337
2022 to 2024,S12000040,West Lothian,Male,60 to 64,12.1,10.3,13.9,239,3378,8.786611,14.644351,15.481172,19.246862,71343,65.438796,2.670199,31.891005,5.053054,19.480538,1.450738,2.500596,12.569079,13.417299,181278,5.219607,1.054734,2.789086,0.793808,0.089917,0.489855,0.100691,27.8,7.2,24.170611,10.808813,21.448273,11.801211,9.574245,5.666435,6.750405,2.320745,337
2022 to 2024,S12000040,West Lothian,Male,65 to 69,9.3,7.5,11.1,239,3378,8.786611,14.644351,15.481172,19.246862,71343,65.438796,2.670199,31.891005,5.053054,19.480538,1.450738,2.500596,12.569079,13.417299,181278,5.219607,1.054734,2.789086,0.793808,0.089917,0.489855,0.100691,27.8,7.2,24.170611,10.808813,21.448273,11.801211,9.574245,5.666435,6.750405,2.320745,337
2022 to 2024,S12000040,West Lothian,Male,70 to 74,6.9,5.1,8.6,239,3378,8.786611,14.644351,15.481172,19.246862,71343,65.438796,2.670199,31.891005,5.053054,19.480538,1.450738,2.500596,12.569079,13.417299,181278,5.219607,1.054734,2.789086,0.793808,0.089917,0.489855,0.100691,27.8,7.2,24.170611,10.808813,21.448273,11.801211,9.574245,5.666435,6.750405,2.320745,337
2022 to 2024,S12000040,West Lothian,Male,75 to 79,4.9,3.1,6.8,239,3378,8.786611,14.644351,15.481172,19.246862,71343,65.438796,2.670199,31.891005,5.053054,19.480538,1.450738,2.500596,12.569079,13.417299,181278,5.219607,1.054734,2.789086,0.793808,0.089917,0.489855,0.100691,27.8,7.2,24.170611,10.808813,21.448273,11.801211,9.574245,5.666435,6.750405,2.320745,337
2022 to 2024,S12000040,West Lothian,Male,80 to 84,3.3,1.2,5.4,239,3378,8.786611,14.644351,15.481172,19.246862,71343,65.438796,2.670199,31.891005,5.053054,19.480538,1.450738,2.500596,12.569079,13.417299,181278,5.219607,1.054734,2.789086,0.793808,0.089917,0.489855,0.100691,27.8,7.2,24.170611,10.808813,21.448273,11.801211,9.574245,5.666435,6.750405,2.320745,337
2022 to 2024,S12000040,West Lothian,Male,85 to 89,2.1,0.8,3.5,239,3378,8.786611,14.644351,15.481172,19.246862,71343,65.438796,2.670199,31.891005,5.053054,19.480538,1.450738,2.500596,12.569079,13.417299,181278,5.219607,1.054734,2.789086,0.793808,0.089917,0.489855,0.100691,27.8,7.2,24.170611,10.808813,21.448273,11.801211,9.574245,5.666435,6.750405,2.320745,337
2022 to 2024,S12000040,West Lothian,Male,90+,1.3,0.5,2.1,239,3378,8.786611,14.644351,15.481172,19.246862,71343,65.438796,2.670199,31.891005,5.053054,19.480538,1.450738,2.500596,12.569079,13.417299,181278,5.219607,1.054734,2.789086,0.793808,0.089917,0.489855,0.100691,27.8,7.2,24.170611,10.808813,21.448273,11.801211,9.574245,5.666435,6.750405,2.320745,337
